width_bits,accumulator_bits,target_ns,variant,abc_delay_ps,core_area,total_area,core_cells,total_cells,worst_slack_ns,min_period_ns,valid,meets_timing,max_slew_violations,max_cap_violations,path_worst_slew_ns,path_cells,netlist_sha256,distinct_netlist_index
4,16,12,abc,11550,1080.24,1419.6,531,624,8.637268,3.3627319999999994,True,True,0,0,0.186662,30,77d67a305162e6450c6f8b3ede99a298b5c8e577d414a5db4b906289f5f0ce33,1
4,16,10,abc,9550,1080.24,1419.6,531,624,6.637269,3.362731,True,True,0,0,0.186662,30,77d67a305162e6450c6f8b3ede99a298b5c8e577d414a5db4b906289f5f0ce33,1
4,16,8,abc,7550,1080.24,1419.6,531,624,4.637269,3.362731,True,True,0,0,0.186662,30,77d67a305162e6450c6f8b3ede99a298b5c8e577d414a5db4b906289f5f0ce33,1
4,16,6,abc,5550,1080.24,1419.6,531,624,2.637268,3.362732,True,True,0,0,0.186662,30,77d67a305162e6450c6f8b3ede99a298b5c8e577d414a5db4b906289f5f0ce33,1
4,16,5,abc,4550,1080.24,1419.6,531,624,1.637268,3.3627320000000003,True,True,0,0,0.186662,30,77d67a305162e6450c6f8b3ede99a298b5c8e577d414a5db4b906289f5f0ce33,1
4,16,4,abc,3550,1080.24,1419.6,531,624,0.637268,3.3627320000000003,True,True,0,0,0.186662,30,77d67a305162e6450c6f8b3ede99a298b5c8e577d414a5db4b906289f5f0ce33,1
4,20,12,abc,11550,1351.56,1752.8,676,786,7.995796,4.004204,True,True,0,0,0.202163,36,8ad812595206ef5af937217ad0ae5d4dfcb2ad43c9f0728bb7af1355c4c464fc,1
4,20,10,abc,9550,1351.56,1752.8,676,786,5.995797,4.004203,True,True,0,0,0.202163,36,8ad812595206ef5af937217ad0ae5d4dfcb2ad43c9f0728bb7af1355c4c464fc,1
4,20,8,abc,7550,1351.56,1752.8,676,786,3.995797,4.004203,True,True,0,0,0.202163,36,8ad812595206ef5af937217ad0ae5d4dfcb2ad43c9f0728bb7af1355c4c464fc,1
4,20,6,abc,5550,1351.56,1752.8,676,786,1.995796,4.004204,True,True,0,0,0.202163,36,8ad812595206ef5af937217ad0ae5d4dfcb2ad43c9f0728bb7af1355c4c464fc,1
4,20,5,abc,4550,1351.56,1752.8,676,786,0.995797,4.004203,True,True,0,0,0.202163,36,8ad812595206ef5af937217ad0ae5d4dfcb2ad43c9f0728bb7af1355c4c464fc,1
4,20,4,abc,3550,1357.72,1758.96,676,786,0.244544,3.755456,True,True,0,0,0.186872,35,e79d33d91cc59fd955e6f90db8c38c4be5c385a8d3634237cc136d08a5b309c7,2
4,24,12,abc,11550,1597.96,2061.08,811,938,7.730252,4.269748,True,True,0,0,0.196698,39,56887c74ac9efa3ba59df36952f6362a2ddef86916c27a8faaf09049a5a4170b,1
4,24,10,abc,9550,1597.96,2061.08,811,938,5.730253,4.269747,True,True,0,0,0.196698,39,56887c74ac9efa3ba59df36952f6362a2ddef86916c27a8faaf09049a5a4170b,1
4,24,8,abc,7550,1597.96,2061.08,811,938,3.730253,4.269747000000001,True,True,0,0,0.196698,39,56887c74ac9efa3ba59df36952f6362a2ddef86916c27a8faaf09049a5a4170b,1
4,24,6,abc,5550,1597.96,2061.08,811,938,1.730253,4.269747,True,True,0,0,0.196698,39,56887c74ac9efa3ba59df36952f6362a2ddef86916c27a8faaf09049a5a4170b,1
4,24,5,abc,4550,1597.96,2061.08,811,938,0.730253,4.269747,True,True,0,0,0.196698,39,56887c74ac9efa3ba59df36952f6362a2ddef86916c27a8faaf09049a5a4170b,1
4,24,4,abc,3550,1618.12,2081.24,811,938,0.236291,3.763709,True,True,0,0,0.124919,39,18ca710eded0ff0dec5e786fd47357a76bbfe6fbbc3f2bde6217661b66b77cfa,2
4,28,12,abc,11550,1863.68,2388.68,948,1092,7.019755,4.980245,True,True,0,0,0.205286,47,1aac7be67005433d2634c07940280e8a6a61b271a85d9784c4cc51a1bb279675,1
4,28,10,abc,9550,1863.68,2388.68,948,1092,5.019756,4.980244,True,True,0,0,0.205286,47,1aac7be67005433d2634c07940280e8a6a61b271a85d9784c4cc51a1bb279675,1
4,28,8,abc,7550,1863.68,2388.68,948,1092,3.019756,4.980244,True,True,0,0,0.205286,47,1aac7be67005433d2634c07940280e8a6a61b271a85d9784c4cc51a1bb279675,1
4,28,6,abc,5550,1863.68,2388.68,948,1092,1.019755,4.980245,True,True,0,0,0.205286,47,1aac7be67005433d2634c07940280e8a6a61b271a85d9784c4cc51a1bb279675,1
4,28,5,abc,4550,1863.12,2388.12,948,1092,0.361395,4.638605,True,True,0,0,0.205113,47,04f74e8d4539c710b2a5b38908f5bbb58c6f69088d9b0229c1eb9172c92d54ac,2
4,28,4,abc,3550,1968.96,2493.96,948,1092,0.245404,3.754596,True,True,0,0,0.208189,47,ee3dd23bcd430e7f8c220fc3dcf8944d48ad885fc1d379fec08199da19eb30c3,3
4,32,12,abc,11550,2130.24,2717.12,1083,1244,6.292144,5.707856,True,True,0,0,0.205521,51,beaa11b4c982955ced562e291aaf9ca21e1c3100d2547614f34eca13ce4fb812,1
4,32,10,abc,9550,2130.24,2717.12,1083,1244,4.292145,5.707855,True,True,0,0,0.205521,51,beaa11b4c982955ced562e291aaf9ca21e1c3100d2547614f34eca13ce4fb812,1
4,32,8,abc,7550,2130.24,2717.12,1083,1244,2.292144,5.707856,True,True,0,0,0.205521,51,beaa11b4c982955ced562e291aaf9ca21e1c3100d2547614f34eca13ce4fb812,1
4,32,6,abc,5550,2129.96,2716.84,1083,1244,0.588607,5.411393,True,True,0,0,0.197228,51,51e26060c8676f0d1d120bc3c143280e5c5a097a5166110bed59c060372b0a65,2
4,32,5,abc,4550,2161.04,2747.92,1083,1244,0.213351,4.786649,True,True,0,0,0.197228,51,062d280f56163e3c435dcac400a4937ad827338a2b62e3a64b1e5bf24769c5b5,3
4,32,4,abc,3550,2325.4,2912.28,1083,1244,0.179213,3.820787,True,True,0,0,0.120468,51,da6d7ed29ff19c31d0ee4045a7fcf01054606f0b0aaa398df749491ad3e6a43b,4
4,40,12,abc,11550,2676.8,3386.6,1366,1560,5.388447,6.611553,True,True,0,0,0.198103,63,6cf5a6b0ca5bcd2e616788613b799aa70d8a8b3885d112915d68be90df648508,1
4,40,10,abc,9550,2676.8,3386.6,1366,1560,3.388448,6.611552,True,True,0,0,0.198103,63,6cf5a6b0ca5bcd2e616788613b799aa70d8a8b3885d112915d68be90df648508,1
4,40,8,abc,7550,2676.8,3386.6,1366,1560,1.388448,6.611552,True,True,0,0,0.198103,63,6cf5a6b0ca5bcd2e616788613b799aa70d8a8b3885d112915d68be90df648508,1
4,40,6,abc,5550,2694.44,3404.24,1366,1560,0.21402,5.78598,True,True,0,0,0.170542,63,5e721b53495d9c73d6da6cbccf020b15026b30831afb2f8dd83ee81f8acecbed,2
4,40,5,abc,4550,2842.84,3552.64,1366,1560,0.199044,4.800956,True,True,0,0,0.144713,63,00763ab7f5b7c1c69554cee1c73a2c5b5bba251f5cbb9d10d5cce14783ff45ea,3
4,40,4,abc,3550,2877.84,3587.64,1366,1560,-0.527106,4.527106,True,False,0,0,0.184983,63,53e902479cdd9f57f26118b33bd483a03e134f6444a7a94345008c20bda3a9ec,4
4,48,12,abc,11550,3153.64,3986.92,1656,1884,4.276325,7.723675,True,True,0,0,0.205514,73,010bb8321a6a7ebd5dea6f03e0875a0dd0bf9ca445e8c05211a0edafeab3c0bc,1
4,48,10,abc,9550,3153.64,3986.92,1656,1884,2.276326,7.723674,True,True,0,0,0.205514,73,010bb8321a6a7ebd5dea6f03e0875a0dd0bf9ca445e8c05211a0edafeab3c0bc,1
4,48,8,abc,7550,3153.36,3986.64,1656,1884,0.564868,7.435132,True,True,0,0,0.205514,73,c365402718f503c6602d537e6c5d022c1db38266d7dd2ca6d80c283a3ad553c4,2
4,48,6,abc,5550,3327.24,4160.52,1656,1884,0.13755,5.86245,True,True,0,0,0.131055,72,1ab42c187085f7c9c408d48d0cf397e48895a5ff1b858a1b62bd82011932358c,3
4,48,5,abc,4550,3383.52,4216.8,1656,1884,-0.212677,5.212677,True,False,0,0,0.114314,73,2546267a1b09c4cbd04ad8f8c3124709d19da0802fa67ac494cdfbfed101a320,4
4,48,4,abc,3550,3383.52,4216.8,1656,1884,-1.212677,5.212677,True,False,0,0,0.114314,73,2546267a1b09c4cbd04ad8f8c3124709d19da0802fa67ac494cdfbfed101a320,4
4,56,12,abc,11550,3673.6,4630.92,1941,2203,3.061558,8.938442,True,True,0,0,0.205523,82,95a9a9af1e2eb516318271891e4b06126a726f9bbdd25bbc9d8b013fceb7a53b,1
4,56,10,abc,9550,3673.6,4630.92,1941,2203,1.061559,8.938441000000001,True,True,0,0,0.205523,82,95a9a9af1e2eb516318271891e4b06126a726f9bbdd25bbc9d8b013fceb7a53b,1
4,56,8,abc,7550,3672.76,4630.08,1941,2203,0.303416,7.696584,True,True,0,0,0.198087,82,0c412285cfef1d08bf3ce175a3f24ac215a4a68b9b5b18b59294e043bcfd7d5f,2
4,56,6,abc,5550,4019.12,4976.44,1941,2203,0.162013,5.837987,True,True,0,0,0.102599,82,86152bce8c22e8d94f6f88023202cb56740c52edcc02857ef4f38a8fc0f7bba6,3
4,56,5,abc,4550,4019.12,4976.44,1941,2203,-0.837987,5.837987,True,False,0,0,0.102599,82,86152bce8c22e8d94f6f88023202cb56740c52edcc02857ef4f38a8fc0f7bba6,3
4,56,4,abc,3550,4019.12,4976.44,1941,2203,-1.837987,5.837987,True,False,0,0,0.102599,82,86152bce8c22e8d94f6f88023202cb56740c52edcc02857ef4f38a8fc0f7bba6,3
4,64,12,abc,11550,4217.36,5298.16,2231,2527,2.990572,9.009428,True,True,0,0,0.216319,87,6c60f703a7fb9ac15bbca091de07c9fb2dbb41c92078d27acc8bd20730200fbb,1
4,64,10,abc,9550,4217.36,5298.16,2231,2527,0.990573,9.009427,True,True,0,0,0.216319,87,6c60f703a7fb9ac15bbca091de07c9fb2dbb41c92078d27acc8bd20730200fbb,1
4,64,8,abc,7550,4279.24,5360.04,2231,2527,0.244141,7.755859,True,True,0,0,0.220134,87,09e76593a0535f9e2f12e633a13f0e74a75f9adf1e8fd2c578c07003ca7e824b,2
4,64,6,abc,5550,4540.48,5621.28,2231,2527,-0.105458,6.105458,True,False,0,0,0.110508,87,68bf5467b412accbb51f32571fd017f454c4f396e81054209704e17e42518f97,3
4,64,5,abc,4550,4540.48,5621.28,2231,2527,-1.105458,6.1054580000000005,True,False,0,0,0.110508,87,68bf5467b412accbb51f32571fd017f454c4f396e81054209704e17e42518f97,3
4,64,4,abc,3550,4540.48,5621.28,2231,2527,-2.105458,6.1054580000000005,True,False,0,0,0.110508,87,68bf5467b412accbb51f32571fd017f454c4f396e81054209704e17e42518f97,3
5,16,12,abc,11550,1185.24,1540.0,596,693,8.569406,3.4305939999999993,True,True,0,0,0.158372,31,38987d781ae543735f9904ecb537d3991bf07f3cf3a19bdff5ddd0d52b0af144,1
5,16,10,abc,9550,1185.24,1540.0,596,693,6.569407,3.430593,True,True,0,0,0.158372,31,38987d781ae543735f9904ecb537d3991bf07f3cf3a19bdff5ddd0d52b0af144,1
5,16,8,abc,7550,1185.24,1540.0,596,693,4.569407,3.430593,True,True,0,0,0.158372,31,38987d781ae543735f9904ecb537d3991bf07f3cf3a19bdff5ddd0d52b0af144,1
5,16,6,abc,5550,1185.24,1540.0,596,693,2.569406,3.430594,True,True,0,0,0.158372,31,38987d781ae543735f9904ecb537d3991bf07f3cf3a19bdff5ddd0d52b0af144,1
5,16,5,abc,4550,1185.24,1540.0,596,693,1.569407,3.430593,True,True,0,0,0.158372,31,38987d781ae543735f9904ecb537d3991bf07f3cf3a19bdff5ddd0d52b0af144,1
5,16,4,abc,3550,1185.24,1540.0,596,693,0.569407,3.430593,True,True,0,0,0.158372,31,38987d781ae543735f9904ecb537d3991bf07f3cf3a19bdff5ddd0d52b0af144,1
5,20,12,abc,11550,1493.24,1909.88,752,866,8.031567,3.968432999999999,True,True,0,0,0.209198,36,4197beeeb6e22314f2204f9dd3b450c16836fdbf847deb39cc7bd72fccb73149,1
5,20,10,abc,9550,1493.24,1909.88,752,866,6.031568,3.968432,True,True,0,0,0.209198,36,4197beeeb6e22314f2204f9dd3b450c16836fdbf847deb39cc7bd72fccb73149,1
5,20,8,abc,7550,1493.24,1909.88,752,866,4.031567,3.968433,True,True,0,0,0.209198,36,4197beeeb6e22314f2204f9dd3b450c16836fdbf847deb39cc7bd72fccb73149,1
5,20,6,abc,5550,1493.24,1909.88,752,866,2.031567,3.968433,True,True,0,0,0.209198,36,4197beeeb6e22314f2204f9dd3b450c16836fdbf847deb39cc7bd72fccb73149,1
5,20,5,abc,4550,1493.24,1909.88,752,866,1.031567,3.968433,True,True,0,0,0.209198,36,4197beeeb6e22314f2204f9dd3b450c16836fdbf847deb39cc7bd72fccb73149,1
5,20,4,abc,3550,1492.96,1909.6,752,866,0.345688,3.654312,True,True,0,0,0.201666,36,3faf12c71a5b9c8d1fe46f4540461cb3d1f97c12af89173eb2c876aacf680db8,2
5,24,12,abc,11550,1785.0,2263.52,919,1050,7.521845,4.478155,True,True,0,0,0.198017,41,1e27645368c9ea17ddda8ebaf49250496fed3c50db3ff033263e11cf1a6ff666,1
5,24,10,abc,9550,1785.0,2263.52,919,1050,5.521845,4.478155,True,True,0,0,0.198017,41,1e27645368c9ea17ddda8ebaf49250496fed3c50db3ff033263e11cf1a6ff666,1
5,24,8,abc,7550,1785.0,2263.52,919,1050,3.521845,4.478155,True,True,0,0,0.198017,41,1e27645368c9ea17ddda8ebaf49250496fed3c50db3ff033263e11cf1a6ff666,1
5,24,6,abc,5550,1785.0,2263.52,919,1050,1.521845,4.478155,True,True,0,0,0.198017,41,1e27645368c9ea17ddda8ebaf49250496fed3c50db3ff033263e11cf1a6ff666,1
5,24,5,abc,4550,1785.0,2263.52,919,1050,0.521845,4.478155,True,True,0,0,0.198017,41,1e27645368c9ea17ddda8ebaf49250496fed3c50db3ff033263e11cf1a6ff666,1
5,24,4,abc,3550,1860.88,2339.4,919,1050,0.237838,3.762162,True,True,0,0,0.137793,41,438e9d056d9a6ec326e103db01f423187bb3e0ac59c6487cd9cadbbc4bf83fe1,2
5,28,12,abc,11550,2066.12,2606.24,1067,1215,6.947171,5.052829,True,True,0,0,0.242761,47,48a7bd1d966e1717cf32e0c1f41bf65e2e219a6b6187d899aab78d93fe727539,1
5,28,10,abc,9550,2066.12,2606.24,1067,1215,4.947172,5.052828,True,True,0,0,0.242761,47,48a7bd1d966e1717cf32e0c1f41bf65e2e219a6b6187d899aab78d93fe727539,1
5,28,8,abc,7550,2066.12,2606.24,1067,1215,2.947171,5.052829,True,True,0,0,0.242761,47,48a7bd1d966e1717cf32e0c1f41bf65e2e219a6b6187d899aab78d93fe727539,1
5,28,6,abc,5550,2066.12,2606.24,1067,1215,0.947171,5.052829,True,True,0,0,0.242761,47,48a7bd1d966e1717cf32e0c1f41bf65e2e219a6b6187d899aab78d93fe727539,1
5,28,5,abc,4550,2066.4,2606.52,1067,1215,0.333272,4.666728,True,True,0,0,0.211215,47,f9446b2e04de26af109a4a4ff3b419a439c736db77a0627f1d9496de580e8739,2
5,28,4,abc,3550,2149.56,2689.68,1067,1215,0.195578,3.804422,True,True,0,0,0.109459,48,7a74fcb5c09ac3019e35cd79994dd14d9613006a3582bd2a885b7532c96d78ea,3
5,32,12,abc,11550,2385.6,2987.6,1236,1401,6.474892,5.525108,True,True,0,0,0.204753,53,cf7910e641c6747df8acd8f35ed03d0d4e4f6569a37e85ea7d941dfb308d3521,1
5,32,10,abc,9550,2385.6,2987.6,1236,1401,4.474893,5.525107,True,True,0,0,0.204753,53,cf7910e641c6747df8acd8f35ed03d0d4e4f6569a37e85ea7d941dfb308d3521,1
5,32,8,abc,7550,2385.6,2987.6,1236,1401,2.474892,5.5251079999999995,True,True,0,0,0.204753,53,cf7910e641c6747df8acd8f35ed03d0d4e4f6569a37e85ea7d941dfb308d3521,1
5,32,6,abc,5550,2385.6,2987.6,1236,1401,0.692229,5.307771,True,True,0,0,0.204753,53,c4a28ce45817a7b4285dd099b771f0a9305d841d9a9ccc6dc472712dabd7a1e2,2
5,32,5,abc,4550,2408.56,3010.56,1236,1401,0.237584,4.762416,True,True,0,0,0.140575,52,a4b3ae0b08c14795e8cc088aa4844397f888f21b863b790831d5c52fc6c96f09,3
5,32,4,abc,3550,2572.92,3174.92,1236,1401,0.031708,3.968292,True,True,0,0,0.108079,52,cda0e591e27f43029f7c6abd3ba74bc9cb1b465e7138ba081405432462f02d12,4
5,40,12,abc,11550,2968.28,3694.32,1551,1750,5.106774,6.893226,True,True,0,0,0.198097,63,197ec127578e2da4bdab819e7e9164ddaf5b4feeb05e9e1fdd9b32d5988a99eb,1
5,40,10,abc,9550,2968.28,3694.32,1551,1750,3.106775,6.893225,True,True,0,0,0.198097,63,197ec127578e2da4bdab819e7e9164ddaf5b4feeb05e9e1fdd9b32d5988a99eb,1
5,40,8,abc,7550,2968.28,3694.32,1551,1750,1.106774,6.893226,True,True,0,0,0.198097,63,197ec127578e2da4bdab819e7e9164ddaf5b4feeb05e9e1fdd9b32d5988a99eb,1
5,40,6,abc,5550,3001.88,3727.92,1551,1750,0.189565,5.810435,True,True,0,0,0.182819,63,55ac3337ca5352f8957b193b85b328268fa44b278690ed38cbe071563c4e9cbb,2
5,40,5,abc,4550,3164.84,3890.88,1551,1750,0.178654,4.821346,True,True,0,0,0.118023,62,80b1fa42c8b8671e95742a159a22be5ba744dea706e732a20eb7fa56a267e148,3
5,40,4,abc,3550,3159.8,3885.84,1551,1750,-0.711524,4.711524,True,False,0,0,0.101228,62,30291c43f58ad72b8d6e3e6d523389725f6d169aacbd0a3a1b5f32a9acec581c,4
5,48,12,abc,11550,3567.76,4416.44,1887,2119,3.879356,8.120644,True,True,0,0,0.205523,76,9df5d662581ccdda55c12372bc03595b1f65cf74563df2bb0d25cd4baa9bc2fb,1
5,48,10,abc,9550,3567.76,4416.44,1887,2119,1.879357,8.120643,True,True,0,0,0.205523,76,9df5d662581ccdda55c12372bc03595b1f65cf74563df2bb0d25cd4baa9bc2fb,1
5,48,8,abc,7550,3632.16,4480.84,1887,2119,0.161914,7.838086,True,True,0,0,0.197906,75,b60af5f038a132cb971f58e0b98087cac4c3afc8e36f936554b330dd74c30b1c,2
5,48,6,abc,5550,3819.76,4668.44,1887,2119,0.088012,5.911988,True,True,0,0,0.156325,76,63b47e7f5433d55c6585fe194866e6c14666c48a95a4fa5b55d1e1eb712ee210,3
5,48,5,abc,4550,3776.92,4625.6,1887,2119,-0.436389,5.436389,True,False,0,0,0.135737,74,fc919086f6da0a92505d652cda9595ead7a1d243b38eda28a9410653f0f33325,4
5,48,4,abc,3550,3776.92,4625.6,1887,2119,-1.436389,5.436389,True,False,0,0,0.135737,74,fc919086f6da0a92505d652cda9595ead7a1d243b38eda28a9410653f0f33325,4
5,56,12,abc,11550,4153.52,5125.68,2229,2495,3.287997,8.712003,True,True,0,0,0.205523,84,8ba9735d95df068ddec31c9f333fb6e3fed5bc0ade04681f798a0da2f443192e,1
5,56,10,abc,9550,4153.52,5125.68,2229,2495,1.287998,8.712002,True,True,0,0,0.205523,84,8ba9735d95df068ddec31c9f333fb6e3fed5bc0ade04681f798a0da2f443192e,1
5,56,8,abc,7550,4194.4,5166.56,2229,2495,0.237351,7.762649,True,True,0,0,0.167693,84,f2311ee735ac960abdbd135259ef6e73aaa96feeba5c73316045136c64a18c19,2
5,56,6,abc,5550,4468.24,5440.4,2229,2495,0.013424,5.986576,True,True,0,0,0.103897,84,107c98dfee7d0df9b5d784e902e684daefc8b1a69592844463b0610a693d1d34,3
5,56,5,abc,4550,4468.24,5440.4,2229,2495,-0.986576,5.986576,True,False,0,0,0.103897,84,107c98dfee7d0df9b5d784e902e684daefc8b1a69592844463b0610a693d1d34,3
5,56,4,abc,3550,4468.24,5440.4,2229,2495,-1.986576,5.9865759999999995,True,False,0,0,0.103897,84,107c98dfee7d0df9b5d784e902e684daefc8b1a69592844463b0610a693d1d34,3
5,64,12,abc,11550,4762.24,5858.44,2618,2918,2.455575,9.544425,True,True,0,0,0.242993,90,38f2b6fb437c7ac780d37fea017a11bc2139aa5dd11faeb4a319fbb6ae1c071e,1
5,64,10,abc,9550,4762.24,5858.44,2618,2918,0.455576,9.544424,True,True,0,0,0.242993,90,38f2b6fb437c7ac780d37fea017a11bc2139aa5dd11faeb4a319fbb6ae1c071e,1
5,64,8,abc,7550,4826.92,5923.12,2618,2918,0.193308,7.806692,True,True,0,0,0.197034,90,0462e4e6ac66a04c8c1a86f7ca6bdd279a7579e781f918231ce7c777e9c7535b,2
5,64,6,abc,5550,5166.56,6262.76,2618,2918,-0.675433,6.675433,True,False,0,0,0.111988,90,d810b570e354efda653bf64553181b4cf92da26d470bc18ab07e7eb6db06d2a4,3
5,64,5,abc,4550,5166.56,6262.76,2618,2918,-1.675432,6.675432,True,False,0,0,0.111988,90,d810b570e354efda653bf64553181b4cf92da26d470bc18ab07e7eb6db06d2a4,3
5,64,4,abc,3550,5166.56,6262.76,2618,2918,-2.675432,6.675432,True,False,0,0,0.111988,90,d810b570e354efda653bf64553181b4cf92da26d470bc18ab07e7eb6db06d2a4,3
6,16,12,abc,11550,1290.24,1660.12,619,720,8.40585,3.594150000000001,True,True,0,0,0.205432,31,e6745667d3e2226a50b56af85a973b49b6aaf6e243a147df7bac0e82cba3d17d,1
6,16,10,abc,9550,1290.24,1660.12,619,720,6.405851,3.594149,True,True,0,0,0.205432,31,e6745667d3e2226a50b56af85a973b49b6aaf6e243a147df7bac0e82cba3d17d,1
6,16,8,abc,7550,1290.24,1660.12,619,720,4.405851,3.594149,True,True,0,0,0.205432,31,e6745667d3e2226a50b56af85a973b49b6aaf6e243a147df7bac0e82cba3d17d,1
6,16,6,abc,5550,1290.24,1660.12,619,720,2.405852,3.594148,True,True,0,0,0.205432,31,e6745667d3e2226a50b56af85a973b49b6aaf6e243a147df7bac0e82cba3d17d,1
6,16,5,abc,4550,1290.24,1660.12,619,720,1.405852,3.5941479999999997,True,True,0,0,0.205432,31,e6745667d3e2226a50b56af85a973b49b6aaf6e243a147df7bac0e82cba3d17d,1
6,16,4,abc,3550,1290.24,1660.12,619,720,0.405852,3.594148,True,True,0,0,0.205432,31,acdbd2f5300b43b10251933587bafffa5c6da089d83da76bb0c1b5d80c329f80,2
6,20,12,abc,11550,1615.88,2047.64,799,917,8.003285,3.996715,True,True,0,0,0.350736,35,9e44f461ad1cdfa832d25a26cd58039ad4041a77a85df1270b2492db70af5565,1
6,20,10,abc,9550,1615.88,2047.64,799,917,6.003286,3.996714,True,True,0,0,0.350736,35,9e44f461ad1cdfa832d25a26cd58039ad4041a77a85df1270b2492db70af5565,1
6,20,8,abc,7550,1615.88,2047.64,799,917,4.003286,3.996714,True,True,0,0,0.350736,35,9e44f461ad1cdfa832d25a26cd58039ad4041a77a85df1270b2492db70af5565,1
6,20,6,abc,5550,1615.88,2047.64,799,917,2.003286,3.996714,True,True,0,0,0.350736,35,9e44f461ad1cdfa832d25a26cd58039ad4041a77a85df1270b2492db70af5565,1
6,20,5,abc,4550,1615.88,2047.64,799,917,1.003286,3.996714,True,True,0,0,0.350736,35,9e44f461ad1cdfa832d25a26cd58039ad4041a77a85df1270b2492db70af5565,1
6,20,4,abc,3550,1619.24,2051.0,799,917,0.269836,3.730164,True,True,0,0,0.350737,36,500b685f9279c04d60565b3ffc38cc5fd68742bd6b1efac75aa369fce4d0f50a,2
6,24,12,abc,11550,1904.28,2398.2,960,1095,7.353515,4.646485,True,True,0,0,0.176963,44,40e21481061318685a1c4afc31f0d6c8a6303b999a624b03a4afc18a9febd2a1,1
6,24,10,abc,9550,1904.28,2398.2,960,1095,5.353515,4.646485,True,True,0,0,0.176963,44,40e21481061318685a1c4afc31f0d6c8a6303b999a624b03a4afc18a9febd2a1,1
6,24,8,abc,7550,1904.28,2398.2,960,1095,3.353515,4.646485,True,True,0,0,0.176963,44,40e21481061318685a1c4afc31f0d6c8a6303b999a624b03a4afc18a9febd2a1,1
6,24,6,abc,5550,1904.28,2398.2,960,1095,1.353514,4.6464859999999994,True,True,0,0,0.176963,44,40e21481061318685a1c4afc31f0d6c8a6303b999a624b03a4afc18a9febd2a1,1
6,24,5,abc,4550,1904.28,2398.2,960,1095,0.353515,4.646485,True,True,0,0,0.176963,44,40e21481061318685a1c4afc31f0d6c8a6303b999a624b03a4afc18a9febd2a1,1
6,24,4,abc,3550,1949.64,2443.56,960,1095,0.186949,3.813051,True,True,0,0,0.164104,44,1b12922c78d2507963829ab459131958dd767791c84fb07538befa3ee3540923,2
6,28,12,abc,11550,2185.96,2741.48,1110,1262,6.897474,5.102526,True,True,0,0,0.230907,48,8cb1cb526581b66a6a30266b6aa06ad984b6368c5131864e772ac7c70231bd31,1
6,28,10,abc,9550,2185.96,2741.48,1110,1262,4.897475,5.102525,True,True,0,0,0.230907,48,8cb1cb526581b66a6a30266b6aa06ad984b6368c5131864e772ac7c70231bd31,1
6,28,8,abc,7550,2185.96,2741.48,1110,1262,2.897474,5.102526,True,True,0,0,0.230907,48,8cb1cb526581b66a6a30266b6aa06ad984b6368c5131864e772ac7c70231bd31,1
6,28,6,abc,5550,2185.96,2741.48,1110,1262,0.897474,5.102526,True,True,0,0,0.230907,48,8cb1cb526581b66a6a30266b6aa06ad984b6368c5131864e772ac7c70231bd31,1
6,28,5,abc,4550,2187.08,2742.6,1110,1262,0.319659,4.680341,True,True,0,0,0.205523,48,5b4d309b6bea2494324bc0fc05d89aade91192d59131d76a752349446fc8044d,2
6,28,4,abc,3550,2322.32,2877.84,1110,1262,0.211834,3.788166,True,True,0,0,0.140273,48,74cec0bc5246cad32111c9bf0bf1b5989a3d4a7ead1d564945bdd71ce6ed652c,3
6,32,12,abc,11550,2490.04,3107.44,1283,1452,6.26949,5.73051,True,True,0,0,0.201006,53,908f56b1948d82fc16e52a0706cb77bb7db2a443ed63a18e8c309d2e4d2007ef,1
6,32,10,abc,9550,2490.04,3107.44,1283,1452,4.269491,5.730509,True,True,0,0,0.201006,53,908f56b1948d82fc16e52a0706cb77bb7db2a443ed63a18e8c309d2e4d2007ef,1
6,32,8,abc,7550,2490.04,3107.44,1283,1452,2.269491,5.730509,True,True,0,0,0.201006,53,908f56b1948d82fc16e52a0706cb77bb7db2a443ed63a18e8c309d2e4d2007ef,1
6,32,6,abc,5550,2490.04,3107.44,1283,1452,0.470876,5.529124,True,True,0,0,0.20562,53,18141b13c1bf4e0ad88a8291b7d85d99bee5f1ef82b3a1520dc9b5d8713676bc,2
6,32,5,abc,4550,2552.2,3169.6,1283,1452,0.198932,4.801068,True,True,0,0,0.201006,52,41624d3add39e8bd0474cf79207d8d8ce47f248bed1a82dde2df47ca8aa62fb3,3
6,32,4,abc,3550,2676.8,3294.2,1283,1452,0.112236,3.8877639999999998,True,True,0,0,0.100393,52,43e6a4e314905c4cbcc5287dc3e1a118a9d325c238ebc0b08d57777dcf556ffa,4
6,40,12,abc,11550,3066.56,3807.44,1608,1811,5.14962,6.85038,True,True,0,0,0.283314,65,5b7105d8bd1757147db85c7b0dc4735d411a47df36e022541b73aa42443ebe0b,1
6,40,10,abc,9550,3066.56,3807.44,1608,1811,3.14962,6.8503799999999995,True,True,0,0,0.283314,65,5b7105d8bd1757147db85c7b0dc4735d411a47df36e022541b73aa42443ebe0b,1
6,40,8,abc,7550,3066.56,3807.44,1608,1811,1.14962,6.8503799999999995,True,True,0,0,0.283314,65,5b7105d8bd1757147db85c7b0dc4735d411a47df36e022541b73aa42443ebe0b,1
6,40,6,abc,5550,3099.32,3840.2,1608,1811,0.251937,5.748063,True,True,0,0,0.282063,64,45ed36a0b9c47f31c7847781c2cb1ca75fd22540347fd539df288b0a3d13b44c,2
6,40,5,abc,4550,3300.36,4041.24,1608,1811,0.17561,4.82439,True,True,0,0,0.175296,63,40948c3e273d80a68b4677fe18cdbc2ef80d9f9d56d7b98c3a2ab588e77dabfa,3
6,40,4,abc,3550,3228.4,3969.28,1608,1811,-0.710536,4.710536,True,False,0,0,0.100855,64,c3b86eb639db9e5ec41f6183d4d256e2054a166abecb1616fb6d16f0db1fd7fa,4
6,48,12,abc,11550,3686.48,4551.4,1974,2211,4.414209,7.585791,True,True,0,0,0.205522,76,1a23ce37b0f641d0877584b463c3cb619722936fee00f15e3f23cba7bf6f8b70,1
6,48,10,abc,9550,3686.48,4551.4,1974,2211,2.414209,7.585791,True,True,0,0,0.205522,76,1a23ce37b0f641d0877584b463c3cb619722936fee00f15e3f23cba7bf6f8b70,1
6,48,8,abc,7550,3686.48,4551.4,1974,2211,0.83893,7.1610700000000005,True,True,0,0,0.158652,76,30bdd99fd3011280b659438f030f76377df307b6190b49c97df2b05bf52d6d30,2
6,48,6,abc,5550,3863.72,4728.64,1974,2211,0.183388,5.816612,True,True,0,0,0.131087,76,93e219871ffa6f79e932933e0e02e1f7d1b765d49359bcd8ac72d418aedcb38c,3
6,48,5,abc,4550,3928.96,4793.88,1974,2211,-0.172511,5.172511,True,False,0,0,0.103051,74,9f492589a9923c7b66a7bc7d8fd855f37cb3eb8edbe2eddd20f88cbc9d2cac05,4
6,48,4,abc,3550,3928.96,4793.88,1974,2211,-1.172511,5.172511,True,False,0,0,0.103051,74,9f492589a9923c7b66a7bc7d8fd855f37cb3eb8edbe2eddd20f88cbc9d2cac05,4
6,56,12,abc,11550,4237.24,5224.8,2258,2528,3.372175,8.627825,True,True,0,0,0.205477,82,497d1a27c80f7a6f79ab595a557307f047c06943349d1f3f262bc06213ccad9d,1
6,56,10,abc,9550,4237.24,5224.8,2258,2528,1.372176,8.627824,True,True,0,0,0.205477,82,497d1a27c80f7a6f79ab595a557307f047c06943349d1f3f262bc06213ccad9d,1
6,56,8,abc,7550,4235.84,5223.4,2258,2528,0.274568,7.725432,True,True,0,0,0.160693,83,e4d6e2ae416021fde74d52d83eb409eef9cc01dfbc2f9dccf2595fc45355d5dd,2
6,56,6,abc,5550,4541.32,5528.88,2258,2528,0.078227,5.921773,True,True,0,0,0.127346,84,21d92a78d9c456915db2db1c82d2f97806fc90864a44a7295b21ce176992f9ce,3
6,56,5,abc,4550,4541.32,5528.88,2258,2528,-0.921772,5.921772,True,False,0,0,0.127346,84,21d92a78d9c456915db2db1c82d2f97806fc90864a44a7295b21ce176992f9ce,3
6,56,4,abc,3550,4541.32,5528.88,2258,2528,-1.921773,5.921773,True,False,0,0,0.127346,84,21d92a78d9c456915db2db1c82d2f97806fc90864a44a7295b21ce176992f9ce,3
6,64,12,abc,11550,4893.28,6004.88,2596,2900,2.657234,9.342766000000001,True,True,0,0,0.222688,87,0cf0a8d4409ed9533b91ed4c2ffeb6a68c34e608287253637b1c55517ec572a9,1
6,64,10,abc,9550,4893.28,6004.88,2596,2900,0.657235,9.342765,True,True,0,0,0.222688,87,0cf0a8d4409ed9533b91ed4c2ffeb6a68c34e608287253637b1c55517ec572a9,1
6,64,8,abc,7550,4914.84,6026.44,2596,2900,0.24209,7.75791,True,True,0,0,0.230636,85,d7f599dd7be3339604fd078fba31ea99d7971f057de3229c85ea6018c20f3060,2
6,64,6,abc,5550,5233.2,6344.8,2596,2900,-0.260886,6.260886,True,False,0,0,0.143438,87,ce513dec4d5f5a4512744a91b48a19291e4e9ee0b18049f7cef4bd6fe3ec55df,3
6,64,5,abc,4550,5233.2,6344.8,2596,2900,-1.260886,6.260886,True,False,0,0,0.143438,87,ce513dec4d5f5a4512744a91b48a19291e4e9ee0b18049f7cef4bd6fe3ec55df,3
6,64,4,abc,3550,5233.2,6344.8,2596,2900,-2.260886,6.260886,True,False,0,0,0.143438,87,ce513dec4d5f5a4512744a91b48a19291e4e9ee0b18049f7cef4bd6fe3ec55df,3
8,16,12,abc,11550,1558.48,1959.72,762,872,8.154022,3.8459780000000006,True,True,0,0,0.442476,32,e6eb086a28f5c08cc1357651d2c4a03809c67b7696bd37966b199fd21693a9df,1
8,16,10,abc,9550,1558.48,1959.72,762,872,6.154023,3.8459770000000004,True,True,0,0,0.442476,32,e6eb086a28f5c08cc1357651d2c4a03809c67b7696bd37966b199fd21693a9df,1
8,16,8,abc,7550,1558.48,1959.72,762,872,4.154023,3.8459770000000004,True,True,0,0,0.442476,32,e6eb086a28f5c08cc1357651d2c4a03809c67b7696bd37966b199fd21693a9df,1
8,16,6,abc,5550,1558.48,1959.72,762,872,2.154023,3.845977,True,True,0,0,0.442476,32,e6eb086a28f5c08cc1357651d2c4a03809c67b7696bd37966b199fd21693a9df,1
8,16,5,abc,4550,1558.48,1959.72,762,872,1.154023,3.845977,True,True,0,0,0.442476,32,e6eb086a28f5c08cc1357651d2c4a03809c67b7696bd37966b199fd21693a9df,1
8,16,4,abc,3550,1559.04,1960.28,762,872,0.310127,3.689873,True,True,0,0,0.259228,32,8b50f1b73c6396499f2c5ee6dd6009ca66f900b497c53da9a3889183559417c8,2
8,20,12,abc,11550,1902.6,2365.72,934,1061,7.761358,4.238642,True,True,0,0,0.21073,38,de01f7fe3644e5b29792eca5c3dde1bb414ee34be3b7aa23fa347a786f5ea0c7,1
8,20,10,abc,9550,1902.6,2365.72,934,1061,5.761359,4.238641,True,True,0,0,0.21073,38,de01f7fe3644e5b29792eca5c3dde1bb414ee34be3b7aa23fa347a786f5ea0c7,1
8,20,8,abc,7550,1902.6,2365.72,934,1061,3.761358,4.2386420000000005,True,True,0,0,0.21073,38,de01f7fe3644e5b29792eca5c3dde1bb414ee34be3b7aa23fa347a786f5ea0c7,1
8,20,6,abc,5550,1902.6,2365.72,934,1061,1.761358,4.2386420000000005,True,True,0,0,0.21073,38,de01f7fe3644e5b29792eca5c3dde1bb414ee34be3b7aa23fa347a786f5ea0c7,1
8,20,5,abc,4550,1902.6,2365.72,934,1061,0.761359,4.238641,True,True,0,0,0.21073,38,de01f7fe3644e5b29792eca5c3dde1bb414ee34be3b7aa23fa347a786f5ea0c7,1
8,20,4,abc,3550,1959.44,2422.56,934,1061,0.247037,3.752963,True,True,0,0,0.181766,37,494519f343bcc3d793e3d7a9a19fe5268e3e258122df983eb4c39290ab13faab,2
8,24,12,abc,11550,2230.48,2755.48,1115,1259,7.241619,4.758381,True,True,0,0,0.16622,44,82dc60acce830edde2c5a67fb3d60531ab7166b3188b16c1b5d429549944cefc,1
8,24,10,abc,9550,2230.48,2755.48,1115,1259,5.241619,4.758381,True,True,0,0,0.16622,44,82dc60acce830edde2c5a67fb3d60531ab7166b3188b16c1b5d429549944cefc,1
8,24,8,abc,7550,2230.48,2755.48,1115,1259,3.241619,4.758381,True,True,0,0,0.16622,44,82dc60acce830edde2c5a67fb3d60531ab7166b3188b16c1b5d429549944cefc,1
8,24,6,abc,5550,2230.48,2755.48,1115,1259,1.241619,4.758381,True,True,0,0,0.16622,44,82dc60acce830edde2c5a67fb3d60531ab7166b3188b16c1b5d429549944cefc,1
8,24,5,abc,4550,2230.48,2755.48,1115,1259,0.405982,4.594018,True,True,0,0,0.16622,44,610e15586c0ec97b618260ea8b67f33051745a7ce0206d30811043a7108b2f69,2
8,24,4,abc,3550,2318.96,2843.96,1115,1259,0.197693,3.802307,True,True,0,0,0.17558,45,98ffcf9fded9b7a7ebbaf2f515dd80faef4b8d3abd08593ee11027da27d1e075,3
8,28,12,abc,11550,2562.84,3149.72,1298,1459,6.492235,5.507765,True,True,0,0,0.345102,47,2fa08bcc5c66d8fb73815990781f7904130c9b6d996ef076d09690dd4a352ea5,1
8,28,10,abc,9550,2562.84,3149.72,1298,1459,4.492236,5.507764,True,True,0,0,0.345102,47,2fa08bcc5c66d8fb73815990781f7904130c9b6d996ef076d09690dd4a352ea5,1
8,28,8,abc,7550,2562.84,3149.72,1298,1459,2.492236,5.507764,True,True,0,0,0.345102,47,2fa08bcc5c66d8fb73815990781f7904130c9b6d996ef076d09690dd4a352ea5,1
8,28,6,abc,5550,2562.84,3149.72,1298,1459,0.492236,5.507764,True,True,0,0,0.345102,47,2fa08bcc5c66d8fb73815990781f7904130c9b6d996ef076d09690dd4a352ea5,1
8,28,5,abc,4550,2638.72,3225.6,1298,1459,0.238293,4.761707,True,True,0,0,0.231608,49,3c9fc67e6e61e4c4acae558ec25aaebf437e9ce6cfc45263bae55b3216e627d0,2
8,28,4,abc,3550,2668.96,3255.84,1298,1459,0.211122,3.788878,True,True,0,0,0.150825,47,82412c2a73216844f7c6af56dd9e3727050100553bbbba6008f5414f27dfbcc0,3
8,32,12,abc,11550,2931.04,3578.96,1497,1674,6.215329,5.784671,True,True,0,0,0.266564,52,7d9c468de06e38eae49bd4bfe48691aaa35ee645e2b95b0a80037360c2e1b2d4,1
8,32,10,abc,9550,2931.04,3578.96,1497,1674,4.21533,5.78467,True,True,0,0,0.266564,52,7d9c468de06e38eae49bd4bfe48691aaa35ee645e2b95b0a80037360c2e1b2d4,1
8,32,8,abc,7550,2931.04,3578.96,1497,1674,2.215329,5.7846709999999995,True,True,0,0,0.266564,52,7d9c468de06e38eae49bd4bfe48691aaa35ee645e2b95b0a80037360c2e1b2d4,1
8,32,6,abc,5550,2931.32,3579.24,1497,1674,0.573662,5.426338,True,True,0,0,0.266564,53,9ea65fa96d2b30e0918d8e42f83df2b0e9b85fafdf1e4a6458346ddaafbc9b11,2
8,32,5,abc,4550,3041.36,3689.28,1497,1674,0.243727,4.756273,True,True,0,0,0.171738,53,6fc434997f66525298f76f3d6a6a0278c15a2d653fec75068148a39152f3e541,3
8,32,4,abc,3550,3088.96,3736.88,1497,1674,-0.164235,4.164235,True,False,0,0,0.089585,54,7bbd58b9db3cf6a995cde2cbab9d582557abd5d51aff08cbca990c5257e341a8,4
8,40,12,abc,11550,3558.24,4329.92,1852,2063,5.141468,6.858532,True,True,0,0,0.205523,64,de6f0c9f5abed66bdc923685a0e242aa173be3cc62f82dbafe3d355fd1d4f8a8,1
8,40,10,abc,9550,3558.24,4329.92,1852,2063,3.141469,6.858531,True,True,0,0,0.205523,64,de6f0c9f5abed66bdc923685a0e242aa173be3cc62f82dbafe3d355fd1d4f8a8,1
8,40,8,abc,7550,3558.24,4329.92,1852,2063,1.141468,6.858532,True,True,0,0,0.205523,64,de6f0c9f5abed66bdc923685a0e242aa173be3cc62f82dbafe3d355fd1d4f8a8,1
8,40,6,abc,5550,3639.44,4411.12,1852,2063,0.223897,5.776103,True,True,0,0,0.17631,65,36db95dcb2d3eeacd34c6a5bfce2aeff99e1b3bd3d5a89f38bb0d0da510f9b3b,2
8,40,5,abc,4550,3817.24,4588.92,1852,2063,0.184435,4.815565,True,True,0,0,0.160134,64,82903af729d334326cd5c286db1be61cbc47bd732f0135bb60b3a03fafeea389,3
8,40,4,abc,3550,3750.32,4522.0,1852,2063,-0.6082,4.6082,True,False,0,0,0.17462,63,889a88e9449a2440cec8d5e249e2f7b477a1eeecf1e9a27d9ead22587db30cff,4
8,48,12,abc,11550,4224.36,5119.52,2214,2459,3.984017,8.015983,True,True,0,0,0.205521,75,0dae92e3e3be6fb5b092ae27f5183e798a8f5da3d175b43132c096ad2ff686b4,1
8,48,10,abc,9550,4224.36,5119.52,2214,2459,1.984017,8.015983,True,True,0,0,0.205521,75,0dae92e3e3be6fb5b092ae27f5183e798a8f5da3d175b43132c096ad2ff686b4,1
8,48,8,abc,7550,4223.8,5118.96,2214,2459,0.4134,7.5866,True,True,0,0,0.162214,75,98431b3911892e4061435515b5bcca7586771b59fd5b19f96b748ebc0b3023b9,2
8,48,6,abc,5550,4488.12,5383.28,2214,2459,0.19176,5.80824,True,True,0,0,0.181431,74,dfbc065faf44bb3365e57e71d59387d66c8b302758adf0af0e32647ab6cffe16,3
8,48,5,abc,4550,4468.24,5363.4,2214,2459,-0.467576,5.467576,True,False,0,0,0.114632,75,b11fa3e3aedd0e87d95d3bf630ec0ec5e982e60c2b16c2c4287e121ba740e490,4
8,48,4,abc,3550,4468.24,5363.4,2214,2459,-1.467576,5.467576,True,False,0,0,0.114632,75,b11fa3e3aedd0e87d95d3bf630ec0ec5e982e60c2b16c2c4287e121ba740e490,4
8,56,12,abc,11550,4872.28,5891.2,2589,2868,3.028999,8.971001,True,True,0,0,0.211815,83,eae1d71e2151cb8e80afa4e08b8278d481ee6ee0007d98ca9eb1d3ed2e6ccaca,1
8,56,10,abc,9550,4872.28,5891.2,2589,2868,1.029,8.971,True,True,0,0,0.211815,83,eae1d71e2151cb8e80afa4e08b8278d481ee6ee0007d98ca9eb1d3ed2e6ccaca,1
8,56,8,abc,7550,4871.72,5890.64,2589,2868,0.306011,7.693989,True,True,0,0,0.212092,83,608b3f36c940b34a323d068675d102b9e814510db0076f8ba625b7694fd226aa,2
8,56,6,abc,5550,5212.48,6231.4,2589,2868,0.146986,5.853014,True,True,0,0,0.145444,81,6381c057ccbd109f014a498b84340fdb05dbd7b2e4ea6481fdfac381ea1d5f0c,3
8,56,5,abc,4550,5212.48,6231.4,2589,2868,-0.853013,5.853013,True,False,0,0,0.145444,81,6381c057ccbd109f014a498b84340fdb05dbd7b2e4ea6481fdfac381ea1d5f0c,3
8,56,4,abc,3550,5212.48,6231.4,2589,2868,-1.853013,5.853013,True,False,0,0,0.145444,81,6381c057ccbd109f014a498b84340fdb05dbd7b2e4ea6481fdfac381ea1d5f0c,3
8,64,12,abc,11550,5545.4,6688.08,2983,3296,2.222564,9.777436,True,True,0,0,0.231421,91,f25872ea6bd227770ac1d124c26d150eb2d95653b32bd25ffa1f02cb907a23ab,1
8,64,10,abc,9550,5545.12,6687.8,2983,3296,0.934352,9.065648,True,True,0,0,0.230497,91,3a0d840e3f0417f5e84cd8ccafac29610d9690ab69ecd6ec5920f728858987b7,2
8,64,8,abc,7550,5710.88,6853.56,2983,3296,0.184087,7.815913,True,True,0,0,0.17704,92,287b26b29918c3d2919448c0922d161b2cbe52c2377a1610cd5e9899c6699fde,3
8,64,6,abc,5550,5995.64,7138.32,2983,3296,-0.443757,6.443757,True,False,0,0,0.120456,93,86111d9ba54a3d7baf4bd8ad1152d8a53eafb4649e7474deb7bad927cea429d0,4
8,64,5,abc,4550,5995.64,7138.32,2983,3296,-1.443756,6.4437560000000005,True,False,0,0,0.120456,93,86111d9ba54a3d7baf4bd8ad1152d8a53eafb4649e7474deb7bad927cea429d0,4
8,64,4,abc,3550,5995.64,7138.32,2983,3296,-2.443756,6.4437560000000005,True,False,0,0,0.120456,93,86111d9ba54a3d7baf4bd8ad1152d8a53eafb4649e7474deb7bad927cea429d0,4
