width_bits,accumulator_bits,synthesis_status,core_area_library_units,wrapper_area_library_units,total_area_library_units,core_cells,total_cells,registers_total,core_registers,wrapper_registers,dut_latency_cycles,external_wrapper_latency_edges,pair_initiation_interval_cycles,k_product_dot_cycles,dot_initiation_interval_cycles,dot_throughput_expression,measured_dot_throughput_per_second,placement_status,target_period_ns,timing_status,worst_slack_ns,fmax_mhz
4,32,completed,2006.48,574.56,2581.04,973,1125,141,65,76,1,2,1,K,K,f/K for back-to-back K-product dots,,not_requested,10,completed,2.793602,138.77
4,32,completed,2006.48,574.56,2581.04,973,1125,141,65,76,1,2,1,K,K,f/K for back-to-back K-product dots,,not_requested,5,completed,-2.206399,138.77
4,32,completed,2006.48,574.56,2581.04,973,1125,141,65,76,1,2,1,K,K,f/K for back-to-back K-product dots,,not_requested,2,completed,-5.206399,138.77
5,32,completed,2274.72,589.68,2864.4,1137,1293,143,65,78,1,2,1,K,K,f/K for back-to-back K-product dots,,not_requested,10,completed,3.073619,144.38
5,32,completed,2274.72,589.68,2864.4,1137,1293,143,65,78,1,2,1,K,K,f/K for back-to-back K-product dots,,not_requested,5,completed,-1.92638,144.38
5,32,completed,2274.72,589.68,2864.4,1137,1293,143,65,78,1,2,1,K,K,f/K for back-to-back K-product dots,,not_requested,2,completed,-4.92638,144.38
6,32,completed,2371.32,604.8,2976.12,1177,1337,145,65,80,1,2,1,K,K,f/K for back-to-back K-product dots,,not_requested,10,completed,3.167249,146.35
6,32,completed,2371.32,604.8,2976.12,1177,1337,145,65,80,1,2,1,K,K,f/K for back-to-back K-product dots,,not_requested,5,completed,-1.83275,146.35
6,32,completed,2371.32,604.8,2976.12,1177,1337,145,65,80,1,2,1,K,K,f/K for back-to-back K-product dots,,not_requested,2,completed,-4.83275,146.35
8,32,completed,2782.08,635.04,3417.12,1364,1532,149,65,84,1,2,1,K,K,f/K for back-to-back K-product dots,,not_requested,10,completed,2.79095,138.71
8,32,completed,2782.08,635.04,3417.12,1364,1532,149,65,84,1,2,1,K,K,f/K for back-to-back K-product dots,,not_requested,5,completed,-2.20905,138.71
8,32,completed,2782.08,635.04,3417.12,1364,1532,149,65,84,1,2,1,K,K,f/K for back-to-back K-product dots,,not_requested,2,completed,-5.20905,138.71
8,64,completed,5249.16,1118.88,6368.04,2720,3016,277,129,148,1,2,1,K,K,f/K for back-to-back K-product dots,,not_requested,10,completed,-1.926084,83.85
8,64,completed,5249.16,1118.88,6368.04,2720,3016,277,129,148,1,2,1,K,K,f/K for back-to-back K-product dots,,not_requested,5,completed,-6.926085,83.85
8,64,completed,5249.16,1118.88,6368.04,2720,3016,277,129,148,1,2,1,K,K,f/K for back-to-back K-product dots,,not_requested,2,completed,-9.926085,83.85
