model,format,graph_sha256,shape_sha256,weight_values,weight_metadata_bits,weight_scale_count,recorded_scale_axes,packing_policy,weight_packed_64b_bits,weight_flat_64b_bits,bias_raw_bits,bias_packed_64b_bits,peak_activation_byte_packed_bits,peak_node,max_output_accumulator_bank_bits,one_sequential_accumulator_bits,model_c_products,representative_layer,level
resnet18,bfp6,c4e6b127846b3468721fee5a29d591cb62411a6540fb8a39e9e8fa2c412ecf43,596700199f87791af39c61be59b3ac2bdb4885ad3d0a3ea04bf1bf0e8c85398d,11678912,2919936,364992,1,last_dimension_lines_64bit_one_bank_per_tensor,72994304,72993408,371200,371200,10035200,relu,51380224,64,1814073344,conv1,B_graph_estimate_from_retained_shapes_and_resources
resnet18,fp4_e2m1,85fd759aaf84c58af9b49178dd45d426c0ff0a00038c615905e992778eea750c,596700199f87791af39c61be59b3ac2bdb4885ad3d0a3ea04bf1bf0e8c85398d,11678912,0,0,,last_dimension_lines_64bit_one_bank_per_tensor,247500800,46715648,371200,371200,6422528,relu,51380224,64,1814073344,conv1,B_graph_estimate_from_retained_shapes_and_resources
resnet18,fp5_e2m2,226bc51b031fcfe134ccccd6231b95f57caade0d511f04698546b2e2ec8d1876,596700199f87791af39c61be59b3ac2bdb4885ad3d0a3ea04bf1bf0e8c85398d,11678912,0,0,,last_dimension_lines_64bit_one_bank_per_tensor,248012800,58394560,371200,371200,8028160,relu,51380224,64,1814073344,conv1,B_graph_estimate_from_retained_shapes_and_resources
resnet18,fp6_e2m3,c6b632bb01f2f3d90455523265e09dd46d2e7897d70e1fde44f821b2b2d20d52,596700199f87791af39c61be59b3ac2bdb4885ad3d0a3ea04bf1bf0e8c85398d,11678912,0,0,,last_dimension_lines_64bit_one_bank_per_tensor,248524800,70073472,371200,371200,9633792,relu,51380224,64,1814073344,conv1,B_graph_estimate_from_retained_shapes_and_resources
resnet18,fp6_e3m2,fbaeb10ee7599c69537fec7ececcbb0c20ab25c12604030cb25bfd11b1f81c04,596700199f87791af39c61be59b3ac2bdb4885ad3d0a3ea04bf1bf0e8c85398d,11678912,0,0,,last_dimension_lines_64bit_one_bank_per_tensor,248524800,70073472,371200,371200,9633792,relu,51380224,64,1814073344,conv1,B_graph_estimate_from_retained_shapes_and_resources
resnet18,fp7_e3m3,765adddcbb54031e6cc988f48a331347876b80058eb47c0329f5a4365bea645d,596700199f87791af39c61be59b3ac2bdb4885ad3d0a3ea04bf1bf0e8c85398d,11678912,0,0,,last_dimension_lines_64bit_one_bank_per_tensor,249036800,81752384,371200,371200,11239424,relu,51380224,64,1814073344,conv1,B_graph_estimate_from_retained_shapes_and_resources
resnet18,fp8_e4m3fn,4375be4353b2e192548cc9078a798f5ca47d9683bd8336e3ac42bbb3a2eddc2a,596700199f87791af39c61be59b3ac2bdb4885ad3d0a3ea04bf1bf0e8c85398d,11678912,0,0,,last_dimension_lines_64bit_one_bank_per_tensor,249548800,93431296,371200,371200,12845056,relu,51380224,64,1814073344,conv1,B_graph_estimate_from_retained_shapes_and_resources
resnet18,fp8_e5m2,6245ffa548ca80754f01c840680bef5e45ddd6ab93dbb0fc47001b60f2b4f5ba,596700199f87791af39c61be59b3ac2bdb4885ad3d0a3ea04bf1bf0e8c85398d,11678912,0,0,,last_dimension_lines_64bit_one_bank_per_tensor,249548800,93431296,371200,371200,12845056,relu,51380224,64,1814073344,conv1,B_graph_estimate_from_retained_shapes_and_resources
resnet18,int4,f49f3d7c781572f9478bc9b6cc21f0289834ec5d50b348baf24188b619a545e5,596700199f87791af39c61be59b3ac2bdb4885ad3d0a3ea04bf1bf0e8c85398d,11678912,371200,5800,0,last_dimension_lines_64bit_one_bank_per_tensor,247872000,47086848,185600,185600,6422656,relu,25690112,32,1814073344,conv1,B_graph_estimate_from_retained_shapes_and_resources
resnet18,int5,baca47c7b1b9774f767042f11f6e99f05ec2cd931fba1cabbd1dccf48a3036f6,596700199f87791af39c61be59b3ac2bdb4885ad3d0a3ea04bf1bf0e8c85398d,11678912,371200,5800,0,last_dimension_lines_64bit_one_bank_per_tensor,248384000,58765760,185600,185600,8028288,relu,25690112,32,1814073344,conv1,B_graph_estimate_from_retained_shapes_and_resources
resnet18,int6,90f16bb61a6bb8a865e245dc2cf93ec68db116f6f0571ec9b42c719c9d629257,596700199f87791af39c61be59b3ac2bdb4885ad3d0a3ea04bf1bf0e8c85398d,11678912,371200,5800,0,last_dimension_lines_64bit_one_bank_per_tensor,248896000,70444672,185600,185600,9633920,relu,25690112,32,1814073344,conv1,B_graph_estimate_from_retained_shapes_and_resources
resnet18,int8,891369e4ad8f3777642d931ff0494add4dd67057e806afa3800c42a778dba0c1,596700199f87791af39c61be59b3ac2bdb4885ad3d0a3ea04bf1bf0e8c85398d,11678912,371200,5800,0,last_dimension_lines_64bit_one_bank_per_tensor,249920000,93802496,371200,371200,12845184,relu,51380224,64,1814073344,conv1,B_graph_estimate_from_retained_shapes_and_resources
resnet18,mxfp8_e4m3,27107a2784d94604bb1691bed4278c62fa1dd065410f7394802cf20f3049a3b1,596700199f87791af39c61be59b3ac2bdb4885ad3d0a3ea04bf1bf0e8c85398d,11678912,2919936,364992,1,last_dimension_lines_64bit_one_bank_per_tensor,96353792,96351232,371200,371200,13246464,relu,51380224,64,1814073344,conv1,B_graph_estimate_from_retained_shapes_and_resources
resnet18,q1_6,fac93b0e8288e0aee1672da7030f67a3f162fb9fa9a8c8db5c4cf3641d967767,596700199f87791af39c61be59b3ac2bdb4885ad3d0a3ea04bf1bf0e8c85398d,11678912,0,0,,last_dimension_lines_64bit_one_bank_per_tensor,249548800,93431296,371200,371200,12845056,relu,51380224,64,1814073344,conv1,B_graph_estimate_from_retained_shapes_and_resources
mobilenet_v2,int4,70e20cb884fe3f1de9e907b7c6472188e9ce076fcaf7299dd3012d61394ac792,217086a71768c8681648a855cabc3a8986ecbd3e0e0c2c05b282354fb6eaefae,3469760,1155584,18056,0,last_dimension_lines_64bit_one_bank_per_tensor,143643136,15034624,1155584,1155584,9633920,features_2_conv_0_2,77070336,64,300774272,features_18_0,B_graph_estimate_from_retained_shapes_and_resources
mobilenet_v2,int5,27763df4db406cbc2e8e8137f22df3ccc5fc9d1695aef6807800748e02f8df0c,217086a71768c8681648a855cabc3a8986ecbd3e0e0c2c05b282354fb6eaefae,3469760,1155584,18056,0,last_dimension_lines_64bit_one_bank_per_tensor,144923136,18504576,1155584,1155584,12042368,features_2_conv_0_2,77070336,64,300774272,features_18_0,B_graph_estimate_from_retained_shapes_and_resources
mobilenet_v2,int6,3692a5ca18357a27c87f4edb4461596683d7fca45ce2927fd403aa94e497bd6a,217086a71768c8681648a855cabc3a8986ecbd3e0e0c2c05b282354fb6eaefae,3469760,1155584,18056,0,last_dimension_lines_64bit_one_bank_per_tensor,146203136,21974208,1155584,1155584,14450816,features_2_conv_0_2,77070336,64,300774272,features_18_0,B_graph_estimate_from_retained_shapes_and_resources
mobilenet_v2,int8,175f3d8f41dc592560b231f2b598fbc199f44d2c2a2f0768ae73739a9304b567,217086a71768c8681648a855cabc3a8986ecbd3e0e0c2c05b282354fb6eaefae,3469760,1155584,18056,0,last_dimension_lines_64bit_one_bank_per_tensor,148763136,28913664,1155584,1155584,19267712,features_2_conv_0_2,77070336,64,300774272,features_18_0,B_graph_estimate_from_retained_shapes_and_resources
mobilenet_v2,bfp6,427bac462f4221cc1c3f63bae8d3cb7f06549284effefbe277abd2395e25c654,217086a71768c8681648a855cabc3a8986ecbd3e0e0c2c05b282354fb6eaefae,3469760,909696,113712,1,last_dimension_lines_64bit_one_bank_per_tensor,21819264,21728320,1155584,1155584,15052800,features_2_conv_0_2,77070336,64,300774272,features_18_0,B_graph_estimate_from_retained_shapes_and_resources
mobilenet_v2,mxfp4_e2m1,beee0607c3eff7d726c28c5b4376c52a278ca0dce8dc957455f2d5ffdc3ba2a5,217086a71768c8681648a855cabc3a8986ecbd3e0e0c2c05b282354fb6eaefae,3469760,909696,113712,1,last_dimension_lines_64bit_one_bank_per_tensor,14998400,14788736,1155584,1155584,10235904,features_2_conv_0_2,77070336,64,300774272,features_18_0,B_graph_estimate_from_retained_shapes_and_resources
mobilenet_v2,mxfp6_e3m2,d60817d96326afebcabb0731d46490b300b19bf678d717a63188b41bb5fe3b24,217086a71768c8681648a855cabc3a8986ecbd3e0e0c2c05b282354fb6eaefae,3469760,909696,113712,1,last_dimension_lines_64bit_one_bank_per_tensor,21819264,21728320,1155584,1155584,15052800,features_2_conv_0_2,77070336,64,300774272,features_18_0,B_graph_estimate_from_retained_shapes_and_resources
mobilenet_v2,mxfp8_e4m3,3b7417b8bbe92eee65ba4e6cc824f5531651c2a9fd977c29b3e8541fb1333bda,217086a71768c8681648a855cabc3a8986ecbd3e0e0c2c05b282354fb6eaefae,3469760,909696,113712,1,last_dimension_lines_64bit_one_bank_per_tensor,29068672,28667776,1155584,1155584,19869696,features_2_conv_0_2,77070336,64,300774272,features_18_0,B_graph_estimate_from_retained_shapes_and_resources
mobilenet_v3_large,int4,9029d71ce77398b82b340ab359ca6bd1421c2c6fa88526ae8928c44f706242a8,2c8ebbc1868329979af9545ade5c5f590fc1a8046608fde482ebfe44b6e3afba,5451272,1251840,19560,0,last_dimension_lines_64bit_one_bank_per_tensor,195058688,23057152,1251840,1251840,6422656,features_2_block_0_2,51380224,64,216589760,features_12_block_0_0,B_graph_estimate_from_retained_shapes_and_resources
mobilenet_v3_large,int5,f7c836b7cae24b2d1053704e03e267c6d9062d808a23706d16ecd6b00dcb065f,2c8ebbc1868329979af9545ade5c5f590fc1a8046608fde482ebfe44b6e3afba,5451272,1251840,19560,0,last_dimension_lines_64bit_one_bank_per_tensor,197567488,28508608,1251840,1251840,8028288,features_2_block_0_2,51380224,64,216589760,features_12_block_0_0,B_graph_estimate_from_retained_shapes_and_resources
mobilenet_v3_large,int6,45f1de17b1717c89e0360e8014298e705b7df376670b7568a2a1d80d7fbcb9b4,2c8ebbc1868329979af9545ade5c5f590fc1a8046608fde482ebfe44b6e3afba,5451272,1251840,19560,0,last_dimension_lines_64bit_one_bank_per_tensor,200076288,33959808,1251840,1251840,9633920,features_2_block_0_2,51380224,64,216589760,features_12_block_0_0,B_graph_estimate_from_retained_shapes_and_resources
mobilenet_v3_large,int8,d5db34c67b8ca938a8ae6f63bdbe1c379ff0267ddb018b87d169e3c787432121,2c8ebbc1868329979af9545ade5c5f590fc1a8046608fde482ebfe44b6e3afba,5451272,1251840,19560,0,last_dimension_lines_64bit_one_bank_per_tensor,205093888,44862016,1251840,1251840,12845184,features_2_block_0_2,51380224,64,216589760,features_12_block_0_0,B_graph_estimate_from_retained_shapes_and_resources
mobilenet_v3_large,posit8_es1,232bf056fc8536ddb5319e60e3b943daec7e223797744434bae05ba8d8f3cc46,2c8ebbc1868329979af9545ade5c5f590fc1a8046608fde482ebfe44b6e3afba,5451272,0,0,,last_dimension_lines_64bit_one_bank_per_tensor,203842048,43610176,1251840,1251840,12845056,features_2_block_0_2,51380224,64,216589760,features_12_block_0_0,B_graph_estimate_from_retained_shapes_and_resources
mobilenet_v3_large,bfp6,b481ac10a6ec5c26a1baee02f7c824d6d33a5e34dd120e8f9eadc88545363f7b,2c8ebbc1868329979af9545ade5c5f590fc1a8046608fde482ebfe44b6e3afba,5451272,1411904,176488,1,last_dimension_lines_64bit_one_bank_per_tensor,34486080,34119872,1251840,1251840,10035200,features_2_block_0_2,51380224,64,216589760,features_12_block_0_0,B_graph_estimate_from_retained_shapes_and_resources
mobilenet_v3_large,mxfp4_e2m1,8435370e0058b8d636a5ec6f8242fcba62dfc2b67dd01cc090419ed5e6a24d37,2c8ebbc1868329979af9545ade5c5f590fc1a8046608fde482ebfe44b6e3afba,5451272,1411904,176488,1,last_dimension_lines_64bit_one_bank_per_tensor,23453504,23217216,1251840,1251840,6823936,features_2_block_0_2,51380224,64,216589760,features_12_block_0_0,B_graph_estimate_from_retained_shapes_and_resources
mobilenet_v3_large,mxfp6_e3m2,18455a6b63cf72da3be37803078c8742495c5d2090dc47cb62c4184e9e914632,2c8ebbc1868329979af9545ade5c5f590fc1a8046608fde482ebfe44b6e3afba,5451272,1411904,176488,1,last_dimension_lines_64bit_one_bank_per_tensor,34486080,34119872,1251840,1251840,10035200,features_2_block_0_2,51380224,64,216589760,features_12_block_0_0,B_graph_estimate_from_retained_shapes_and_resources
mobilenet_v3_large,mxfp8_e4m3,50223b8227b9584adb918b0bc620f2550d9c1e7955762b656fd9ecdbe481d306,2c8ebbc1868329979af9545ade5c5f590fc1a8046608fde482ebfe44b6e3afba,5451272,1411904,176488,1,last_dimension_lines_64bit_one_bank_per_tensor,45303616,45022080,1251840,1251840,13246464,features_2_block_0_2,51380224,64,216589760,features_12_block_0_0,B_graph_estimate_from_retained_shapes_and_resources
mobilenet_v2,binary_pm1,85e22c6d100f02129b808f213ca67e43cfc3979266d2acfdea7d0935f5b1d65e,217086a71768c8681648a855cabc3a8986ecbd3e0e0c2c05b282354fb6eaefae,3469760,1155584,18056,0,last_dimension_lines_64bit_one_bank_per_tensor,139803136,4625536,1155584,1155584,2408576,features_2_conv_0_2,77070336,64,300774272,features_18_0,B_graph_estimate_from_retained_shapes_and_resources
mobilenet_v2,fp4_e2m1,c51abb822dc91f0d56e577054eceebf358996cebd0c4484635f2619a6a108fec,217086a71768c8681648a855cabc3a8986ecbd3e0e0c2c05b282354fb6eaefae,3469760,0,0,,last_dimension_lines_64bit_one_bank_per_tensor,142487552,13879040,1155584,1155584,9633792,features_2_conv_0_2,77070336,64,300774272,features_18_0,B_graph_estimate_from_retained_shapes_and_resources
mobilenet_v2,fp5_e2m2,8be87ac2506f0899bf0129ca85119e5cfaf6a617b719f6a091e5e46a965cadcd,217086a71768c8681648a855cabc3a8986ecbd3e0e0c2c05b282354fb6eaefae,3469760,0,0,,last_dimension_lines_64bit_one_bank_per_tensor,143767552,17348992,1155584,1155584,12042240,features_2_conv_0_2,77070336,64,300774272,features_18_0,B_graph_estimate_from_retained_shapes_and_resources
mobilenet_v2,fp6_e2m3,be4e2fae7090e0213bde551deea937a76f3b969560532c7ab2d3d3addc4171d0,217086a71768c8681648a855cabc3a8986ecbd3e0e0c2c05b282354fb6eaefae,3469760,0,0,,last_dimension_lines_64bit_one_bank_per_tensor,145047552,20818624,1155584,1155584,14450688,features_2_conv_0_2,77070336,64,300774272,features_18_0,B_graph_estimate_from_retained_shapes_and_resources
mobilenet_v2,fp6_e3m2,e7d59659c439755803401e6f3d0b40e5affbebbd91d0f387b617bd96f7a56042,217086a71768c8681648a855cabc3a8986ecbd3e0e0c2c05b282354fb6eaefae,3469760,0,0,,last_dimension_lines_64bit_one_bank_per_tensor,145047552,20818624,1155584,1155584,14450688,features_2_conv_0_2,77070336,64,300774272,features_18_0,B_graph_estimate_from_retained_shapes_and_resources
mobilenet_v2,fp7_e3m3,8ae277fa8ff4426141c69b4a062a73bc01eb5abdeb2669e05a80c62a6f375e18,217086a71768c8681648a855cabc3a8986ecbd3e0e0c2c05b282354fb6eaefae,3469760,0,0,,last_dimension_lines_64bit_one_bank_per_tensor,146327552,24288448,1155584,1155584,16859136,features_2_conv_0_2,77070336,64,300774272,features_18_0,B_graph_estimate_from_retained_shapes_and_resources
mobilenet_v2,fp8_e4m3fn,e963f950d5efcfd802569282129b530c5c99eca80755d62ad2e3abd7081571d4,217086a71768c8681648a855cabc3a8986ecbd3e0e0c2c05b282354fb6eaefae,3469760,0,0,,last_dimension_lines_64bit_one_bank_per_tensor,147607552,27758080,1155584,1155584,19267584,features_2_conv_0_2,77070336,64,300774272,features_18_0,B_graph_estimate_from_retained_shapes_and_resources
mobilenet_v2,fp8_e5m2,43f5374ff64835aaef55617f9b304825a767c6138d56072db599b928d7d044e4,217086a71768c8681648a855cabc3a8986ecbd3e0e0c2c05b282354fb6eaefae,3469760,0,0,,last_dimension_lines_64bit_one_bank_per_tensor,147607552,27758080,1155584,1155584,19267584,features_2_conv_0_2,77070336,64,300774272,features_18_0,B_graph_estimate_from_retained_shapes_and_resources
mobilenet_v2,log4,003d94689d800147c1688145849143b250a35e06d2cef64e9a6abbb48122e7c3,217086a71768c8681648a855cabc3a8986ecbd3e0e0c2c05b282354fb6eaefae,3469760,0,0,,last_dimension_lines_64bit_one_bank_per_tensor,142487552,13879040,1155584,1155584,9633792,features_2_conv_0_2,77070336,64,300774272,features_18_0,B_graph_estimate_from_retained_shapes_and_resources
mobilenet_v2,log6,22bbfcc174304a2e07f051dedc71604d3f0beecb9c63be81c83edf16a61578f1,217086a71768c8681648a855cabc3a8986ecbd3e0e0c2c05b282354fb6eaefae,3469760,0,0,,last_dimension_lines_64bit_one_bank_per_tensor,145047552,20818624,1155584,1155584,14450688,features_2_conv_0_2,77070336,64,300774272,features_18_0,B_graph_estimate_from_retained_shapes_and_resources
mobilenet_v2,log8,de78794289df240d9a6b8e9f9f3a1b0737a57bac66d14aafd5084d58d53f0893,217086a71768c8681648a855cabc3a8986ecbd3e0e0c2c05b282354fb6eaefae,3469760,0,0,,last_dimension_lines_64bit_one_bank_per_tensor,147607552,27758080,1155584,1155584,19267584,features_2_conv_0_2,77070336,64,300774272,features_18_0,B_graph_estimate_from_retained_shapes_and_resources
mobilenet_v2,nf4,c00224caa0bdae8b024337b40a647736203882d51e79a94d29839a24a3ab58ef,217086a71768c8681648a855cabc3a8986ecbd3e0e0c2c05b282354fb6eaefae,3469760,1155584,18056,0,last_dimension_lines_64bit_one_bank_per_tensor,143643136,15034624,1155584,1155584,9633920,features_2_conv_0_2,77070336,64,300774272,features_18_0,B_graph_estimate_from_retained_shapes_and_resources
mobilenet_v2,posit4_es0,8bf9e984e83eaeeb608cede779cb3e8725bb5e2bc2b005b5742633d15719e6e2,217086a71768c8681648a855cabc3a8986ecbd3e0e0c2c05b282354fb6eaefae,3469760,0,0,,last_dimension_lines_64bit_one_bank_per_tensor,142487552,13879040,1155584,1155584,9633792,features_2_conv_0_2,77070336,64,300774272,features_18_0,B_graph_estimate_from_retained_shapes_and_resources
mobilenet_v2,posit6_es1,0f59235c3161336f2d0117d06deb50d02323bbbea4a9078c4b07ff599f786dd0,217086a71768c8681648a855cabc3a8986ecbd3e0e0c2c05b282354fb6eaefae,3469760,0,0,,last_dimension_lines_64bit_one_bank_per_tensor,145047552,20818624,1155584,1155584,14450688,features_2_conv_0_2,77070336,64,300774272,features_18_0,B_graph_estimate_from_retained_shapes_and_resources
mobilenet_v2,posit8_es1,63aa44d313cc24ddb89858d46a68b09b4e8a1e2d12dd3f1e38adbc479bc23b12,217086a71768c8681648a855cabc3a8986ecbd3e0e0c2c05b282354fb6eaefae,3469760,0,0,,last_dimension_lines_64bit_one_bank_per_tensor,147607552,27758080,1155584,1155584,19267584,features_2_conv_0_2,77070336,64,300774272,features_18_0,B_graph_estimate_from_retained_shapes_and_resources
mobilenet_v2,q1_6,1a39f3323583945782c3459cec7eed2ae3424ad67b874ff926ff67ba4bd40462,217086a71768c8681648a855cabc3a8986ecbd3e0e0c2c05b282354fb6eaefae,3469760,0,0,,last_dimension_lines_64bit_one_bank_per_tensor,147607552,27758080,1155584,1155584,19267584,features_2_conv_0_2,77070336,64,300774272,features_18_0,B_graph_estimate_from_retained_shapes_and_resources
mobilenet_v2,ternary,061a2ee08cc09aec8f5ce071be14caf70ad4d5042057302bc52fc8b1ac9446c8,217086a71768c8681648a855cabc3a8986ecbd3e0e0c2c05b282354fb6eaefae,3469760,1155584,18056,0,last_dimension_lines_64bit_one_bank_per_tensor,141083136,8095168,1155584,1155584,4817024,features_2_conv_0_2,77070336,64,300774272,features_18_0,B_graph_estimate_from_retained_shapes_and_resources
mobilenet_v3_large,binary_pm1,3ffeecde4372b53870cb227035115917e88564473626437ccc7bc03091d7fccd,2c8ebbc1868329979af9545ade5c5f590fc1a8046608fde482ebfe44b6e3afba,5451272,1251840,19560,0,last_dimension_lines_64bit_one_bank_per_tensor,187532288,6703488,1251840,1251840,1605760,features_2_block_0_2,51380224,64,216589760,features_12_block_0_0,B_graph_estimate_from_retained_shapes_and_resources
mobilenet_v3_large,fp4_e2m1,5ece894826c75b745e09f853283f2942ab97e954793901d201854a68136ef83a,2c8ebbc1868329979af9545ade5c5f590fc1a8046608fde482ebfe44b6e3afba,5451272,0,0,,last_dimension_lines_64bit_one_bank_per_tensor,193806848,21805312,1251840,1251840,6422528,features_2_block_0_2,51380224,64,216589760,features_12_block_0_0,B_graph_estimate_from_retained_shapes_and_resources
mobilenet_v3_large,fp5_e2m2,cc004b1d7d97d2059736958e03231da4363c37142d69463a9c286a873fcfe94f,2c8ebbc1868329979af9545ade5c5f590fc1a8046608fde482ebfe44b6e3afba,5451272,0,0,,last_dimension_lines_64bit_one_bank_per_tensor,196315648,27256768,1251840,1251840,8028160,features_2_block_0_2,51380224,64,216589760,features_12_block_0_0,B_graph_estimate_from_retained_shapes_and_resources
mobilenet_v3_large,fp6_e2m3,cb55f1d15a732a3f8e626f1fbe10379518d0dba8ccbbbe96df5c110e2584eeef,2c8ebbc1868329979af9545ade5c5f590fc1a8046608fde482ebfe44b6e3afba,5451272,0,0,,last_dimension_lines_64bit_one_bank_per_tensor,198824448,32707968,1251840,1251840,9633792,features_2_block_0_2,51380224,64,216589760,features_12_block_0_0,B_graph_estimate_from_retained_shapes_and_resources
mobilenet_v3_large,fp6_e3m2,8e83d3c065d202529f8f66f83cd49a01c39401a3919f633ec4956b8274a546d4,2c8ebbc1868329979af9545ade5c5f590fc1a8046608fde482ebfe44b6e3afba,5451272,0,0,,last_dimension_lines_64bit_one_bank_per_tensor,198824448,32707968,1251840,1251840,9633792,features_2_block_0_2,51380224,64,216589760,features_12_block_0_0,B_graph_estimate_from_retained_shapes_and_resources
mobilenet_v3_large,fp7_e3m3,e06f8e4cf5cb0885372cda18b675f4fac3e6d974bdc82cf53d782f87446df909,2c8ebbc1868329979af9545ade5c5f590fc1a8046608fde482ebfe44b6e3afba,5451272,0,0,,last_dimension_lines_64bit_one_bank_per_tensor,201333248,38159360,1251840,1251840,11239424,features_2_block_0_2,51380224,64,216589760,features_12_block_0_0,B_graph_estimate_from_retained_shapes_and_resources
mobilenet_v3_large,fp8_e4m3fn,06648fe1237ea3aa6d5eaea7fe9407291b0312b9b953c66c81a6b77f1e252ee9,2c8ebbc1868329979af9545ade5c5f590fc1a8046608fde482ebfe44b6e3afba,5451272,0,0,,last_dimension_lines_64bit_one_bank_per_tensor,203842048,43610176,1251840,1251840,12845056,features_2_block_0_2,51380224,64,216589760,features_12_block_0_0,B_graph_estimate_from_retained_shapes_and_resources
mobilenet_v3_large,fp8_e5m2,dc4538f208d815946144e31a0ab59134446680693d6df9dd97451a6e4266b036,2c8ebbc1868329979af9545ade5c5f590fc1a8046608fde482ebfe44b6e3afba,5451272,0,0,,last_dimension_lines_64bit_one_bank_per_tensor,203842048,43610176,1251840,1251840,12845056,features_2_block_0_2,51380224,64,216589760,features_12_block_0_0,B_graph_estimate_from_retained_shapes_and_resources
mobilenet_v3_large,log4,647c279dc4944592c91b6bf70997a0263cbdb49f13b0b5eec4836d6ac3de51e5,2c8ebbc1868329979af9545ade5c5f590fc1a8046608fde482ebfe44b6e3afba,5451272,0,0,,last_dimension_lines_64bit_one_bank_per_tensor,193806848,21805312,1251840,1251840,6422528,features_2_block_0_2,51380224,64,216589760,features_12_block_0_0,B_graph_estimate_from_retained_shapes_and_resources
mobilenet_v3_large,log6,97ee911e45aafa2f670ed447435362a14502f23fde3c290f1f4ba9c300e4db23,2c8ebbc1868329979af9545ade5c5f590fc1a8046608fde482ebfe44b6e3afba,5451272,0,0,,last_dimension_lines_64bit_one_bank_per_tensor,198824448,32707968,1251840,1251840,9633792,features_2_block_0_2,51380224,64,216589760,features_12_block_0_0,B_graph_estimate_from_retained_shapes_and_resources
mobilenet_v3_large,log8,96f9846629d7c2ab85c23b5bee3e74ff9af30c5c97eab974100dec53f4fad35e,2c8ebbc1868329979af9545ade5c5f590fc1a8046608fde482ebfe44b6e3afba,5451272,0,0,,last_dimension_lines_64bit_one_bank_per_tensor,203842048,43610176,1251840,1251840,12845056,features_2_block_0_2,51380224,64,216589760,features_12_block_0_0,B_graph_estimate_from_retained_shapes_and_resources
mobilenet_v3_large,nf4,66a6faf45fdcac2e492dd8f3b5472474d9606c5a0119395f6551b271121b071d,2c8ebbc1868329979af9545ade5c5f590fc1a8046608fde482ebfe44b6e3afba,5451272,1251840,19560,0,last_dimension_lines_64bit_one_bank_per_tensor,195058688,23057152,1251840,1251840,6422656,features_2_block_0_2,51380224,64,216589760,features_12_block_0_0,B_graph_estimate_from_retained_shapes_and_resources
mobilenet_v3_large,posit4_es0,07c2abf27c1ac53939b7a6453d7cb882c2aa1a0e644757add2bc4366d985698d,2c8ebbc1868329979af9545ade5c5f590fc1a8046608fde482ebfe44b6e3afba,5451272,0,0,,last_dimension_lines_64bit_one_bank_per_tensor,193806848,21805312,1251840,1251840,6422528,features_2_block_0_2,51380224,64,216589760,features_12_block_0_0,B_graph_estimate_from_retained_shapes_and_resources
mobilenet_v3_large,posit6_es1,d82ad6ae377d1bab02a8e837e0f2977c1b1831b5b9ef23c28eaacb0276d2b6de,2c8ebbc1868329979af9545ade5c5f590fc1a8046608fde482ebfe44b6e3afba,5451272,0,0,,last_dimension_lines_64bit_one_bank_per_tensor,198824448,32707968,1251840,1251840,9633792,features_2_block_0_2,51380224,64,216589760,features_12_block_0_0,B_graph_estimate_from_retained_shapes_and_resources
mobilenet_v3_large,q1_6,98a4c472c91fc222642ecf44f8daf4a9bf6b463a466e6640c31782a2ad14c399,2c8ebbc1868329979af9545ade5c5f590fc1a8046608fde482ebfe44b6e3afba,5451272,0,0,,last_dimension_lines_64bit_one_bank_per_tensor,203842048,43610176,1251840,1251840,12845056,features_2_block_0_2,51380224,64,216589760,features_12_block_0_0,B_graph_estimate_from_retained_shapes_and_resources
mobilenet_v3_large,ternary,4b9662d1a768a223118c637ef9a5c57e0b1ee774da00b9c921ddc3b0f4e37475,2c8ebbc1868329979af9545ade5c5f590fc1a8046608fde482ebfe44b6e3afba,5451272,1251840,19560,0,last_dimension_lines_64bit_one_bank_per_tensor,190041088,12154688,1251840,1251840,3211392,features_2_block_0_2,51380224,64,216589760,features_12_block_0_0,B_graph_estimate_from_retained_shapes_and_resources
yolov8n,binary_pm1,04f9489d6716db1bac795e63231ce03bd9ea54b795a88ea21b7732699d8c0cc2,99a2d85fbf30d4c69185774015d40f08fc5cce5c0486f731afca63c15c7f20be,3146208,366784,5731,0;per_tensor,last_dimension_lines_64bit_one_bank_per_tensor,99961024,3513152,366592,366592,3276928,model_0_act,104857600,64,4371993600,model_22_level_0_class_logits_1_conv,B_graph_estimate_from_retained_shapes_and_resources
yolov8n,fp4_e2m1,8446c84e812418bc62aa46adfa45f4031816a55f3a890cfb27f6d46271e1f887,99a2d85fbf30d4c69185774015d40f08fc5cce5c0486f731afca63c15c7f20be,3146208,0,0,,last_dimension_lines_64bit_one_bank_per_tensor,99594240,12584832,366592,366592,13107200,model_0_act,104857600,64,4371993600,model_22_level_0_class_logits_1_conv,B_graph_estimate_from_retained_shapes_and_resources
yolov8n,fp5_e2m2,6f991280887a8c14a64cda24b612989d4b13d8c342e2a9eee5dce4d2c339c26a,99a2d85fbf30d4c69185774015d40f08fc5cce5c0486f731afca63c15c7f20be,3146208,0,0,,last_dimension_lines_64bit_one_bank_per_tensor,99594240,15731200,366592,366592,16384000,model_0_act,104857600,64,4371993600,model_22_level_0_class_logits_1_conv,B_graph_estimate_from_retained_shapes_and_resources
yolov8n,fp6_e2m3,b30a3759b985848bb929267dbd9c072615c6ec64760c384814c89339916db665,99a2d85fbf30d4c69185774015d40f08fc5cce5c0486f731afca63c15c7f20be,3146208,0,0,,last_dimension_lines_64bit_one_bank_per_tensor,99594240,18877376,366592,366592,19660800,model_0_act,104857600,64,4371993600,model_22_level_0_class_logits_1_conv,B_graph_estimate_from_retained_shapes_and_resources
yolov8n,fp6_e3m2,1c613023c2c52c46dfaa878dce54b932ef4ddca6551f0740859f8d8766b6236e,99a2d85fbf30d4c69185774015d40f08fc5cce5c0486f731afca63c15c7f20be,3146208,0,0,,last_dimension_lines_64bit_one_bank_per_tensor,99594240,18877376,366592,366592,19660800,model_0_act,104857600,64,4371993600,model_22_level_0_class_logits_1_conv,B_graph_estimate_from_retained_shapes_and_resources
yolov8n,fp7_e3m3,ced9e93136426cf49c6e58ecc3eae9a2e85afc16c32d3d05fd131672057c80ed,99a2d85fbf30d4c69185774015d40f08fc5cce5c0486f731afca63c15c7f20be,3146208,0,0,,last_dimension_lines_64bit_one_bank_per_tensor,99594240,22023552,366592,366592,22937600,model_0_act,104857600,64,4371993600,model_22_level_0_class_logits_1_conv,B_graph_estimate_from_retained_shapes_and_resources
yolov8n,fp8_e4m3fn,4c0bd9c90292d97c876e8f904b99c28017f944f2a0c5e3911ed60d00ff845b37,99a2d85fbf30d4c69185774015d40f08fc5cce5c0486f731afca63c15c7f20be,3146208,0,0,,last_dimension_lines_64bit_one_bank_per_tensor,99594240,25169664,366592,366592,26214400,model_0_act,104857600,64,4371993600,model_22_level_0_class_logits_1_conv,B_graph_estimate_from_retained_shapes_and_resources
yolov8n,fp8_e5m2,1a021f4f51970b9fbff8bf277bb8613abd071d464f8a4305796a6534401df344,99a2d85fbf30d4c69185774015d40f08fc5cce5c0486f731afca63c15c7f20be,3146208,0,0,,last_dimension_lines_64bit_one_bank_per_tensor,99594240,25169664,366592,366592,26214400,model_0_act,104857600,64,4371993600,model_22_level_0_class_logits_1_conv,B_graph_estimate_from_retained_shapes_and_resources
yolov8n,int4,121eedcb2f2890633c733cd0d28c5ba8295d9374a47f03a9075c8efb56f93a1c,99a2d85fbf30d4c69185774015d40f08fc5cce5c0486f731afca63c15c7f20be,3146208,366784,5731,0;per_tensor,last_dimension_lines_64bit_one_bank_per_tensor,99961024,12951616,183296,183296,13107328,model_0_act,52428800,32,4371993600,model_22_level_0_class_logits_1_conv,B_graph_estimate_from_retained_shapes_and_resources
yolov8n,int5,df22ff6a8beb6e42e8c99ff33ec4460f32134692a7756e2c158b29c6d6e5893b,99a2d85fbf30d4c69185774015d40f08fc5cce5c0486f731afca63c15c7f20be,3146208,366784,5731,0;per_tensor,last_dimension_lines_64bit_one_bank_per_tensor,99961024,16097984,183296,183296,16384128,model_0_act,52428800,32,4371993600,model_22_level_0_class_logits_1_conv,B_graph_estimate_from_retained_shapes_and_resources
yolov8n,int6,39b9c538f5b9bfd7aeb08c1b3ad4b22819803640571597fcfa56f74d978296f4,99a2d85fbf30d4c69185774015d40f08fc5cce5c0486f731afca63c15c7f20be,3146208,366784,5731,0;per_tensor,last_dimension_lines_64bit_one_bank_per_tensor,99961024,19244160,183296,183296,19660928,model_0_act,52428800,32,4371993600,model_22_level_0_class_logits_1_conv,B_graph_estimate_from_retained_shapes_and_resources
yolov8n,int8,1ed3a3ed754297fc360f40ebd2d18361ab3e2de7f9a9378f82b2a7e54aa17f27,99a2d85fbf30d4c69185774015d40f08fc5cce5c0486f731afca63c15c7f20be,3146208,366784,5731,0;per_tensor,last_dimension_lines_64bit_one_bank_per_tensor,99961024,25536448,366592,366592,26214528,model_0_act,104857600,64,4371993600,model_22_level_0_class_logits_1_conv,B_graph_estimate_from_retained_shapes_and_resources
yolov8n,log4,1c66258342c9612b061ca6394daa3837f3c3df99bc3cd35a757621a8b4cf28b1,99a2d85fbf30d4c69185774015d40f08fc5cce5c0486f731afca63c15c7f20be,3146208,0,0,,last_dimension_lines_64bit_one_bank_per_tensor,99594240,12584832,366592,366592,13107200,model_0_act,104857600,64,4371993600,model_22_level_0_class_logits_1_conv,B_graph_estimate_from_retained_shapes_and_resources
yolov8n,log6,873f7ebf85b59652577fcf77521f3014ad1ec0238ff285cb50f226f6845256c6,99a2d85fbf30d4c69185774015d40f08fc5cce5c0486f731afca63c15c7f20be,3146208,0,0,,last_dimension_lines_64bit_one_bank_per_tensor,99594240,18877376,366592,366592,19660800,model_0_act,104857600,64,4371993600,model_22_level_0_class_logits_1_conv,B_graph_estimate_from_retained_shapes_and_resources
yolov8n,log8,c9d2f930f21dd719d584fffce1e69cb92da32900584ff3e07064129358bf2fc4,99a2d85fbf30d4c69185774015d40f08fc5cce5c0486f731afca63c15c7f20be,3146208,0,0,,last_dimension_lines_64bit_one_bank_per_tensor,99594240,25169664,366592,366592,26214400,model_0_act,104857600,64,4371993600,model_22_level_0_class_logits_1_conv,B_graph_estimate_from_retained_shapes_and_resources
yolov8n,nf4,10f8ad850a1637af8bd7bf2244a349fad666670b3058a649ee4c4cc5e25d3236,99a2d85fbf30d4c69185774015d40f08fc5cce5c0486f731afca63c15c7f20be,3146208,366784,5731,0;per_tensor,last_dimension_lines_64bit_one_bank_per_tensor,99961024,12951616,366592,366592,13107328,model_0_act,104857600,64,4371993600,model_22_level_0_class_logits_1_conv,B_graph_estimate_from_retained_shapes_and_resources
yolov8n,posit4_es0,8adac25aeaabe8612c03da6c77937d3a2db5eab69412dc0566b9642b5acab3db,99a2d85fbf30d4c69185774015d40f08fc5cce5c0486f731afca63c15c7f20be,3146208,0,0,,last_dimension_lines_64bit_one_bank_per_tensor,99594240,12584832,366592,366592,13107200,model_0_act,104857600,64,4371993600,model_22_level_0_class_logits_1_conv,B_graph_estimate_from_retained_shapes_and_resources
yolov8n,posit6_es1,8a41fee87d34318ad55e3af63354a222425abb14f7352ff056c41800490bdc54,99a2d85fbf30d4c69185774015d40f08fc5cce5c0486f731afca63c15c7f20be,3146208,0,0,,last_dimension_lines_64bit_one_bank_per_tensor,99594240,18877376,366592,366592,19660800,model_0_act,104857600,64,4371993600,model_22_level_0_class_logits_1_conv,B_graph_estimate_from_retained_shapes_and_resources
yolov8n,posit8_es1,566ad42b91f4ff93703e5863e1ba97b40f2a12b560174d69a005995fee56adf3,99a2d85fbf30d4c69185774015d40f08fc5cce5c0486f731afca63c15c7f20be,3146208,0,0,,last_dimension_lines_64bit_one_bank_per_tensor,99594240,25169664,366592,366592,26214400,model_0_act,104857600,64,4371993600,model_22_level_0_class_logits_1_conv,B_graph_estimate_from_retained_shapes_and_resources
yolov8n,q1_6,25d82280e35cccc8a5a1ec1b520f4126ec2743afd28567236f65b82c059c9d98,99a2d85fbf30d4c69185774015d40f08fc5cce5c0486f731afca63c15c7f20be,3146208,0,0,,last_dimension_lines_64bit_one_bank_per_tensor,99594240,25169664,366592,366592,26214400,model_0_act,104857600,64,4371993600,model_22_level_0_class_logits_1_conv,B_graph_estimate_from_retained_shapes_and_resources
yolov8n,ternary,52f35be4fe67e6082187e4942f72f40ad7f9ef35f05d174ae6d95da505340ee2,99a2d85fbf30d4c69185774015d40f08fc5cce5c0486f731afca63c15c7f20be,3146208,366784,5731,0;per_tensor,last_dimension_lines_64bit_one_bank_per_tensor,99961024,6659328,366592,366592,6553728,model_0_act,104857600,64,4371993600,model_22_level_0_class_logits_1_conv,B_graph_estimate_from_retained_shapes_and_resources
resnet18,binary_pm1,aca0882e1b776800ab8c06e381af9f3df4a1689e2f276784f97595820e7bffd0,596700199f87791af39c61be59b3ac2bdb4885ad3d0a3ea04bf1bf0e8c85398d,11678912,371200,5800,0,last_dimension_lines_64bit_one_bank_per_tensor,246336000,12050112,371200,371200,1605760,relu,51380224,64,1814073344,conv1,B_graph_estimate_from_retained_shapes_and_resources
resnet18,log4,53a3366e9c37e3fb9f2eb2c22736af521462a7b95b3c65cd5c74db49ed2f333a,596700199f87791af39c61be59b3ac2bdb4885ad3d0a3ea04bf1bf0e8c85398d,11678912,0,0,,last_dimension_lines_64bit_one_bank_per_tensor,247500800,46715648,371200,371200,6422528,relu,51380224,64,1814073344,conv1,B_graph_estimate_from_retained_shapes_and_resources
resnet18,log6,ebeca28c8d9b3b71f70f357dbca8b2207ac4f0286c54064c90b8dde0e34aa1ed,596700199f87791af39c61be59b3ac2bdb4885ad3d0a3ea04bf1bf0e8c85398d,11678912,0,0,,last_dimension_lines_64bit_one_bank_per_tensor,248524800,70073472,371200,371200,9633792,relu,51380224,64,1814073344,conv1,B_graph_estimate_from_retained_shapes_and_resources
resnet18,log8,13b1108d69adb417286d0003987f76579c7caa3a6c8b682823de341987a57ecc,596700199f87791af39c61be59b3ac2bdb4885ad3d0a3ea04bf1bf0e8c85398d,11678912,0,0,,last_dimension_lines_64bit_one_bank_per_tensor,249548800,93431296,371200,371200,12845056,relu,51380224,64,1814073344,conv1,B_graph_estimate_from_retained_shapes_and_resources
resnet18,nf4,386a5d45075e25691daf219eb0989d70b19893b85058d0ecf3fe2f202ebaaf09,596700199f87791af39c61be59b3ac2bdb4885ad3d0a3ea04bf1bf0e8c85398d,11678912,371200,5800,0,last_dimension_lines_64bit_one_bank_per_tensor,247872000,47086848,371200,371200,6422656,relu,51380224,64,1814073344,conv1,B_graph_estimate_from_retained_shapes_and_resources
resnet18,posit4_es0,2b94875587e461dc299f03dbbc7335a61ef5b81228966748eee07cf113ef12dc,596700199f87791af39c61be59b3ac2bdb4885ad3d0a3ea04bf1bf0e8c85398d,11678912,0,0,,last_dimension_lines_64bit_one_bank_per_tensor,247500800,46715648,371200,371200,6422528,relu,51380224,64,1814073344,conv1,B_graph_estimate_from_retained_shapes_and_resources
resnet18,posit6_es1,2570fef21eefd924b6de7897ccc7d5e224667780bd81524e50a4424b3947d6c8,596700199f87791af39c61be59b3ac2bdb4885ad3d0a3ea04bf1bf0e8c85398d,11678912,0,0,,last_dimension_lines_64bit_one_bank_per_tensor,248524800,70073472,371200,371200,9633792,relu,51380224,64,1814073344,conv1,B_graph_estimate_from_retained_shapes_and_resources
resnet18,posit8_es1,3d8442a78d9de70d9c5a1f4904e0b934e06f7155fac631ae996db9fb912d66b1,596700199f87791af39c61be59b3ac2bdb4885ad3d0a3ea04bf1bf0e8c85398d,11678912,0,0,,last_dimension_lines_64bit_one_bank_per_tensor,249548800,93431296,371200,371200,12845056,relu,51380224,64,1814073344,conv1,B_graph_estimate_from_retained_shapes_and_resources
resnet18,ternary,38d2c40184675232e8ad44eac21b70e5f8bb4e13f15caab61b1e79484ee83b78,596700199f87791af39c61be59b3ac2bdb4885ad3d0a3ea04bf1bf0e8c85398d,11678912,371200,5800,0,last_dimension_lines_64bit_one_bank_per_tensor,246848000,23729024,371200,371200,3211392,relu,51380224,64,1814073344,conv1,B_graph_estimate_from_retained_shapes_and_resources
resnet18,mxfp4_e2m1,0d02155f3b03a496946549c41acb0f89bbf04f7e2c19f79ae310a2a9106cd95d,596700199f87791af39c61be59b3ac2bdb4885ad3d0a3ea04bf1bf0e8c85398d,11678912,2919936,364992,1,last_dimension_lines_64bit_one_bank_per_tensor,49638912,49635584,371200,371200,6823936,relu,51380224,64,1814073344,conv1,B_graph_estimate_from_retained_shapes_and_resources
resnet18,mxfp6_e3m2,00a137cc162d236f32802faf9390aaa9b0c7a03e57953ed105274aa7729435ad,596700199f87791af39c61be59b3ac2bdb4885ad3d0a3ea04bf1bf0e8c85398d,11678912,2919936,364992,1,last_dimension_lines_64bit_one_bank_per_tensor,72994304,72993408,371200,371200,10035200,relu,51380224,64,1814073344,conv1,B_graph_estimate_from_retained_shapes_and_resources
yolov8n,bfp6,366088b4245257f9aba8f6fb0959a62ac4e48cfb8d1d2768d284bf5bbbdd3c15,99a2d85fbf30d4c69185774015d40f08fc5cce5c0486f731afca63c15c7f20be,3146208,788888,98611,1,last_dimension_lines_64bit_one_bank_per_tensor,19685312,19666432,366592,366592,21299200,model_0_conv,104857600,64,4371993600,model_22_level_0_class_logits_1_conv,B_graph_estimate_from_retained_shapes_and_resources
yolov8n,mxfp4_e2m1,5ab12fd6a03c586a94bc67dcdf492960aca4f0c1c0074aa8224eb6eb6cd782f8,99a2d85fbf30d4c69185774015d40f08fc5cce5c0486f731afca63c15c7f20be,3146208,788888,98611,1,last_dimension_lines_64bit_one_bank_per_tensor,13374208,13373888,366592,366592,15564800,model_0_conv,104857600,64,4371993600,model_22_level_0_class_logits_1_conv,B_graph_estimate_from_retained_shapes_and_resources
yolov8n,mxfp6_e3m2,b682459ea148793ca9cdb741bdba9d4a0d0ce60d08543a68500d18c446722e54,99a2d85fbf30d4c69185774015d40f08fc5cce5c0486f731afca63c15c7f20be,3146208,788888,98611,1,last_dimension_lines_64bit_one_bank_per_tensor,19685312,19666432,366592,366592,21299200,model_0_conv,104857600,64,4371993600,model_22_level_0_class_logits_1_conv,B_graph_estimate_from_retained_shapes_and_resources
yolov8n,mxfp8_e4m3,6c554ca01bd4d4c1a0fe1a9015678f79363087616ba531a6fff73507dd232a6d,99a2d85fbf30d4c69185774015d40f08fc5cce5c0486f731afca63c15c7f20be,3146208,788888,98611,1,last_dimension_lines_64bit_one_bank_per_tensor,25959360,25958720,366592,366592,27852800,model_0_act,104857600,64,4371993600,model_22_level_0_class_logits_1_conv,B_graph_estimate_from_retained_shapes_and_resources
