model,format,layer,op,shape,reduction_length,model_c_products,output_activation_bits,output_metadata_bits,output_accumulator_bank_bits
resnet18,bfp6,conv1,block_conv2d,1x64x112x112,147,118013952,5017600,200704,51380224
resnet18,fp4_e2m1,conv1,conv2d,1x64x112x112,147,118013952,3211264,0,51380224
resnet18,fp5_e2m2,conv1,conv2d,1x64x112x112,147,118013952,4014080,0,51380224
resnet18,fp6_e2m3,conv1,conv2d,1x64x112x112,147,118013952,4816896,0,51380224
resnet18,fp6_e3m2,conv1,conv2d,1x64x112x112,147,118013952,4816896,0,51380224
resnet18,fp7_e3m3,conv1,conv2d,1x64x112x112,147,118013952,5619712,0,51380224
resnet18,fp8_e4m3fn,conv1,conv2d,1x64x112x112,147,118013952,6422528,0,51380224
resnet18,fp8_e5m2,conv1,conv2d,1x64x112x112,147,118013952,6422528,0,51380224
resnet18,int4,conv1,conv2d,1x64x112x112,147,118013952,3211328,64,25690112
resnet18,int5,conv1,conv2d,1x64x112x112,147,118013952,4014144,64,25690112
resnet18,int6,conv1,conv2d,1x64x112x112,147,118013952,4816960,64,25690112
resnet18,int8,conv1,conv2d,1x64x112x112,147,118013952,6422592,64,51380224
resnet18,mxfp8_e4m3,conv1,block_conv2d,1x64x112x112,147,118013952,6623232,200704,51380224
resnet18,q1_6,conv1,conv2d,1x64x112x112,147,118013952,6422528,0,51380224
mobilenet_v2,int4,features_18_0,conv2d,1x1280x7x7,320,20070400,250944,64,4014080
mobilenet_v2,int5,features_18_0,conv2d,1x1280x7x7,320,20070400,313664,64,4014080
mobilenet_v2,int6,features_18_0,conv2d,1x1280x7x7,320,20070400,376384,64,4014080
mobilenet_v2,int8,features_18_0,conv2d,1x1280x7x7,320,20070400,501824,64,4014080
mobilenet_v2,bfp6,features_18_0,block_conv2d,1x1280x7x7,320,20070400,392000,15680,4014080
mobilenet_v2,mxfp4_e2m1,features_18_0,block_conv2d,1x1280x7x7,320,20070400,266560,15680,4014080
mobilenet_v2,mxfp6_e3m2,features_18_0,block_conv2d,1x1280x7x7,320,20070400,392000,15680,4014080
mobilenet_v2,mxfp8_e4m3,features_18_0,block_conv2d,1x1280x7x7,320,20070400,517440,15680,4014080
mobilenet_v3_large,int4,features_12_block_0_0,conv2d,1x672x14x14,112,14751744,526912,64,8429568
mobilenet_v3_large,int5,features_12_block_0_0,conv2d,1x672x14x14,112,14751744,658624,64,8429568
mobilenet_v3_large,int6,features_12_block_0_0,conv2d,1x672x14x14,112,14751744,790336,64,8429568
mobilenet_v3_large,int8,features_12_block_0_0,conv2d,1x672x14x14,112,14751744,1053760,64,8429568
mobilenet_v3_large,posit8_es1,features_12_block_0_0,conv2d,1x672x14x14,112,14751744,1053696,0,8429568
mobilenet_v3_large,bfp6,features_12_block_0_0,block_conv2d,1x672x14x14,112,14751744,823200,32928,8429568
mobilenet_v3_large,mxfp4_e2m1,features_12_block_0_0,block_conv2d,1x672x14x14,112,14751744,559776,32928,8429568
mobilenet_v3_large,mxfp6_e3m2,features_12_block_0_0,block_conv2d,1x672x14x14,112,14751744,823200,32928,8429568
mobilenet_v3_large,mxfp8_e4m3,features_12_block_0_0,block_conv2d,1x672x14x14,112,14751744,1086624,32928,8429568
mobilenet_v2,binary_pm1,features_18_0,conv2d,1x1280x7x7,320,20070400,62784,64,4014080
mobilenet_v2,fp4_e2m1,features_18_0,conv2d,1x1280x7x7,320,20070400,250880,0,4014080
mobilenet_v2,fp5_e2m2,features_18_0,conv2d,1x1280x7x7,320,20070400,313600,0,4014080
mobilenet_v2,fp6_e2m3,features_18_0,conv2d,1x1280x7x7,320,20070400,376320,0,4014080
mobilenet_v2,fp6_e3m2,features_18_0,conv2d,1x1280x7x7,320,20070400,376320,0,4014080
mobilenet_v2,fp7_e3m3,features_18_0,conv2d,1x1280x7x7,320,20070400,439040,0,4014080
mobilenet_v2,fp8_e4m3fn,features_18_0,conv2d,1x1280x7x7,320,20070400,501760,0,4014080
mobilenet_v2,fp8_e5m2,features_18_0,conv2d,1x1280x7x7,320,20070400,501760,0,4014080
mobilenet_v2,log4,features_18_0,conv2d,1x1280x7x7,320,20070400,250880,0,4014080
mobilenet_v2,log6,features_18_0,conv2d,1x1280x7x7,320,20070400,376320,0,4014080
mobilenet_v2,log8,features_18_0,conv2d,1x1280x7x7,320,20070400,501760,0,4014080
mobilenet_v2,nf4,features_18_0,conv2d,1x1280x7x7,320,20070400,250944,64,4014080
mobilenet_v2,posit4_es0,features_18_0,conv2d,1x1280x7x7,320,20070400,250880,0,4014080
mobilenet_v2,posit6_es1,features_18_0,conv2d,1x1280x7x7,320,20070400,376320,0,4014080
mobilenet_v2,posit8_es1,features_18_0,conv2d,1x1280x7x7,320,20070400,501760,0,4014080
mobilenet_v2,q1_6,features_18_0,conv2d,1x1280x7x7,320,20070400,501760,0,4014080
mobilenet_v2,ternary,features_18_0,conv2d,1x1280x7x7,320,20070400,125504,64,4014080
mobilenet_v3_large,binary_pm1,features_12_block_0_0,conv2d,1x672x14x14,112,14751744,131776,64,8429568
mobilenet_v3_large,fp4_e2m1,features_12_block_0_0,conv2d,1x672x14x14,112,14751744,526848,0,8429568
mobilenet_v3_large,fp5_e2m2,features_12_block_0_0,conv2d,1x672x14x14,112,14751744,658560,0,8429568
mobilenet_v3_large,fp6_e2m3,features_12_block_0_0,conv2d,1x672x14x14,112,14751744,790272,0,8429568
mobilenet_v3_large,fp6_e3m2,features_12_block_0_0,conv2d,1x672x14x14,112,14751744,790272,0,8429568
mobilenet_v3_large,fp7_e3m3,features_12_block_0_0,conv2d,1x672x14x14,112,14751744,921984,0,8429568
mobilenet_v3_large,fp8_e4m3fn,features_12_block_0_0,conv2d,1x672x14x14,112,14751744,1053696,0,8429568
mobilenet_v3_large,fp8_e5m2,features_12_block_0_0,conv2d,1x672x14x14,112,14751744,1053696,0,8429568
mobilenet_v3_large,log4,features_12_block_0_0,conv2d,1x672x14x14,112,14751744,526848,0,8429568
mobilenet_v3_large,log6,features_12_block_0_0,conv2d,1x672x14x14,112,14751744,790272,0,8429568
mobilenet_v3_large,log8,features_12_block_0_0,conv2d,1x672x14x14,112,14751744,1053696,0,8429568
mobilenet_v3_large,nf4,features_12_block_0_0,conv2d,1x672x14x14,112,14751744,526912,64,8429568
mobilenet_v3_large,posit4_es0,features_12_block_0_0,conv2d,1x672x14x14,112,14751744,526848,0,8429568
mobilenet_v3_large,posit6_es1,features_12_block_0_0,conv2d,1x672x14x14,112,14751744,790272,0,8429568
mobilenet_v3_large,q1_6,features_12_block_0_0,conv2d,1x672x14x14,112,14751744,1053696,0,8429568
mobilenet_v3_large,ternary,features_12_block_0_0,conv2d,1x672x14x14,112,14751744,263488,64,8429568
yolov8n,binary_pm1,model_22_level_0_class_logits_1_conv,conv2d,1x80x80x80,720,368640000,512064,64,32768000
yolov8n,fp4_e2m1,model_22_level_0_class_logits_1_conv,conv2d,1x80x80x80,720,368640000,2048000,0,32768000
yolov8n,fp5_e2m2,model_22_level_0_class_logits_1_conv,conv2d,1x80x80x80,720,368640000,2560000,0,32768000
yolov8n,fp6_e2m3,model_22_level_0_class_logits_1_conv,conv2d,1x80x80x80,720,368640000,3072000,0,32768000
yolov8n,fp6_e3m2,model_22_level_0_class_logits_1_conv,conv2d,1x80x80x80,720,368640000,3072000,0,32768000
yolov8n,fp7_e3m3,model_22_level_0_class_logits_1_conv,conv2d,1x80x80x80,720,368640000,3584000,0,32768000
yolov8n,fp8_e4m3fn,model_22_level_0_class_logits_1_conv,conv2d,1x80x80x80,720,368640000,4096000,0,32768000
yolov8n,fp8_e5m2,model_22_level_0_class_logits_1_conv,conv2d,1x80x80x80,720,368640000,4096000,0,32768000
yolov8n,int4,model_22_level_0_class_logits_1_conv,conv2d,1x80x80x80,720,368640000,2048064,64,16384000
yolov8n,int5,model_22_level_0_class_logits_1_conv,conv2d,1x80x80x80,720,368640000,2560064,64,16384000
yolov8n,int6,model_22_level_0_class_logits_1_conv,conv2d,1x80x80x80,720,368640000,3072064,64,16384000
yolov8n,int8,model_22_level_0_class_logits_1_conv,conv2d,1x80x80x80,720,368640000,4096064,64,32768000
yolov8n,log4,model_22_level_0_class_logits_1_conv,conv2d,1x80x80x80,720,368640000,2048000,0,32768000
yolov8n,log6,model_22_level_0_class_logits_1_conv,conv2d,1x80x80x80,720,368640000,3072000,0,32768000
yolov8n,log8,model_22_level_0_class_logits_1_conv,conv2d,1x80x80x80,720,368640000,4096000,0,32768000
yolov8n,nf4,model_22_level_0_class_logits_1_conv,conv2d,1x80x80x80,720,368640000,2048064,64,32768000
yolov8n,posit4_es0,model_22_level_0_class_logits_1_conv,conv2d,1x80x80x80,720,368640000,2048000,0,32768000
yolov8n,posit6_es1,model_22_level_0_class_logits_1_conv,conv2d,1x80x80x80,720,368640000,3072000,0,32768000
yolov8n,posit8_es1,model_22_level_0_class_logits_1_conv,conv2d,1x80x80x80,720,368640000,4096000,0,32768000
yolov8n,q1_6,model_22_level_0_class_logits_1_conv,conv2d,1x80x80x80,720,368640000,4096000,0,32768000
yolov8n,ternary,model_22_level_0_class_logits_1_conv,conv2d,1x80x80x80,720,368640000,1024064,64,32768000
resnet18,binary_pm1,conv1,conv2d,1x64x112x112,147,118013952,802880,64,51380224
resnet18,log4,conv1,conv2d,1x64x112x112,147,118013952,3211264,0,51380224
resnet18,log6,conv1,conv2d,1x64x112x112,147,118013952,4816896,0,51380224
resnet18,log8,conv1,conv2d,1x64x112x112,147,118013952,6422528,0,51380224
resnet18,nf4,conv1,conv2d,1x64x112x112,147,118013952,3211328,64,51380224
resnet18,posit4_es0,conv1,conv2d,1x64x112x112,147,118013952,3211264,0,51380224
resnet18,posit6_es1,conv1,conv2d,1x64x112x112,147,118013952,4816896,0,51380224
resnet18,posit8_es1,conv1,conv2d,1x64x112x112,147,118013952,6422528,0,51380224
resnet18,ternary,conv1,conv2d,1x64x112x112,147,118013952,1605696,64,51380224
resnet18,mxfp4_e2m1,conv1,block_conv2d,1x64x112x112,147,118013952,3411968,200704,51380224
resnet18,mxfp6_e3m2,conv1,block_conv2d,1x64x112x112,147,118013952,5017600,200704,51380224
yolov8n,bfp6,model_22_level_0_class_logits_1_conv,block_conv2d,1x80x80x80,720,368640000,3225600,153600,32768000
yolov8n,mxfp4_e2m1,model_22_level_0_class_logits_1_conv,block_conv2d,1x80x80x80,720,368640000,2201600,153600,32768000
yolov8n,mxfp6_e3m2,model_22_level_0_class_logits_1_conv,block_conv2d,1x80x80x80,720,368640000,3225600,153600,32768000
yolov8n,mxfp8_e4m3,model_22_level_0_class_logits_1_conv,block_conv2d,1x80x80x80,720,368640000,4249600,153600,32768000
