format,effective_bits_per_value,read_traffic_bits_per_value,weight_reuse,activation_reuse,bits_per_mac,bandwidth_GBps,compute_mac_per_s,memory_mac_per_s,limited_mac_per_s,limiter,evidence_level
int8,9.818181818181818,9.757575757575758,4,4,4.878787878787879,8,32000000000.0,13118012422.360249,13118012422.360249,memory,analytical_roof
int6,7.878787878787879,7.818181818181818,4,4,3.909090909090909,8,32000000000.0,16372093023.255814,16372093023.255814,memory,analytical_roof
int5,5.9393939393939394,5.878787878787879,4,4,2.9393939393939394,8,32000000000.0,21773195876.28866,21773195876.28866,memory,analytical_roof
int4,5.9393939393939394,5.878787878787879,4,4,2.9393939393939394,8,32000000000.0,21773195876.28866,21773195876.28866,memory,analytical_roof
q1_6,9.696969696969697,9.696969696969697,4,4,4.848484848484849,8,32000000000.0,13200000000.0,13200000000.0,memory,analytical_roof
fp8_e4m3fn,9.696969696969697,9.696969696969697,4,4,4.848484848484849,8,32000000000.0,13200000000.0,13200000000.0,memory,analytical_roof
fp8_e5m2,9.696969696969697,9.696969696969697,4,4,4.848484848484849,8,32000000000.0,13200000000.0,13200000000.0,memory,analytical_roof
fp7_e3m3,7.757575757575758,7.757575757575758,4,4,3.878787878787879,8,32000000000.0,16500000000.0,16500000000.0,memory,analytical_roof
fp6_e3m2,7.757575757575758,7.757575757575758,4,4,3.878787878787879,8,32000000000.0,16500000000.0,16500000000.0,memory,analytical_roof
fp6_e2m3,7.757575757575758,7.757575757575758,4,4,3.878787878787879,8,32000000000.0,16500000000.0,16500000000.0,memory,analytical_roof
fp5_e2m2,5.818181818181818,5.818181818181818,4,4,2.909090909090909,8,32000000000.0,22000000000.0,22000000000.0,memory,analytical_roof
fp4_e2m1,5.818181818181818,5.818181818181818,4,4,2.909090909090909,8,32000000000.0,22000000000.0,22000000000.0,memory,analytical_roof
bfp6,8.242424242424242,8.242424242424242,4,4,4.121212121212121,8,32000000000.0,15529411764.705883,15529411764.705883,memory,analytical_roof
mxfp8_e4m3,10.181818181818182,10.181818181818182,4,4,5.090909090909091,8,32000000000.0,12571428571.428572,12571428571.428572,memory,analytical_roof
mxfp6_e3m2,8.242424242424242,8.242424242424242,4,4,4.121212121212121,8,32000000000.0,15529411764.705883,15529411764.705883,memory,analytical_roof
mxfp4_e2m1,6.303030303030303,6.303030303030303,4,4,3.1515151515151514,8,32000000000.0,20307692307.69231,20307692307.69231,memory,analytical_roof
posit8_es1,9.696969696969697,9.696969696969697,4,4,4.848484848484849,8,32000000000.0,13200000000.0,13200000000.0,memory,analytical_roof
posit6_es1,7.757575757575758,7.757575757575758,4,4,3.878787878787879,8,32000000000.0,16500000000.0,16500000000.0,memory,analytical_roof
posit4_es0,5.818181818181818,5.818181818181818,4,4,2.909090909090909,8,32000000000.0,22000000000.0,22000000000.0,memory,analytical_roof
log8,9.696969696969697,9.696969696969697,4,4,4.848484848484849,8,32000000000.0,13200000000.0,13200000000.0,memory,analytical_roof
log6,7.757575757575758,7.757575757575758,4,4,3.878787878787879,8,32000000000.0,16500000000.0,16500000000.0,memory,analytical_roof
log4,5.818181818181818,5.818181818181818,4,4,2.909090909090909,8,32000000000.0,22000000000.0,22000000000.0,memory,analytical_roof
nf4,5.9393939393939394,5.878787878787879,4,4,2.9393939393939394,8,32000000000.0,21773195876.28866,21773195876.28866,memory,analytical_roof
binary_pm1,2.0606060606060606,2.0,4,4,1.0,8,32000000000.0,64000000000.0,32000000000.0,compute,analytical_roof
ternary,4.0,3.9393939393939394,4,4,1.9696969696969697,8,32000000000.0,32492307692.307693,32000000000.0,compute,analytical_roof
