model,arm,weight_format,activation_format,recipe,weight_scale_rule,bias_correction,rounding,fit_mode,fit_seed,tied_images,top1_expected,top1_lowest_index,top1_topk,minus_fp32_expected,minus_fp32_lowest_index,minus_default_expected,minus_default_lowest_index,minus_nearest_expected,minus_nearest_lowest_index,sealed_b2_top5_reproduced,label
resnet18,L-A32,fp6_e2m3,fp32,,mse_per_channel,none,learned,fp32in,0,0,70.6,70.6,70.6,"+0.50 [-0.30, +1.30]","+0.50 [-0.30, +1.30]",,,"+0.80 [-0.30, +1.90]","+0.80 [-0.30, +1.90]",,L-A32--w-fp6_e2m3--a-fp32--mse_per_channel--fit-mse_per_channel-fp32in-s0
resnet18,L-A32,int4,fp32,,mse_per_channel,none,learned,fp32in,0,0,70.5,70.5,70.5,"+0.40 [-0.90, +1.70]","+0.40 [-0.90, +1.70]",,,"+16.60 [+14.00, +19.30]","+16.60 [+14.00, +19.30]",,L-A32--w-int4--a-fp32--mse_per_channel--fit-mse_per_channel-fp32in-s0
resnet18,L-A32,int4,fp32,,mse_per_layer,none,learned,fp32in,0,0,69.5,69.5,69.5,"-0.60 [-2.10, +0.90]","-0.60 [-2.10, +0.90]",,,"+50.50 [+47.30, +53.70]","+50.50 [+47.30, +53.70]",,L-A32--w-int4--a-fp32--mse_per_layer--fit-mse_per_layer-fp32in-s0
resnet18,L-A32,int4,fp32,,mse_per_layer,none,learned,fp32in,1,0,68.8,68.8,68.8,"-1.30 [-2.80, +0.20]","-1.30 [-2.80, +0.20]",,,"+49.80 [+46.60, +53.00]","+49.80 [+46.60, +53.00]",,L-A32--w-int4--a-fp32--mse_per_layer--fit-mse_per_layer-fp32in-s1
resnet18,L-A32,int4,fp32,,mse_per_layer,none,learned,fp32in,2,0,69.3,69.3,69.3,"-0.80 [-2.30, +0.70]","-0.80 [-2.30, +0.70]",,,"+50.30 [+47.10, +53.50]","+50.30 [+47.10, +53.50]",,L-A32--w-int4--a-fp32--mse_per_layer--fit-mse_per_layer-fp32in-s2
resnet18,L-A32,int6,fp32,,mse_per_channel,none,learned,fp32in,0,0,69.5,69.5,69.5,"-0.60 [-1.30, +0.00]","-0.60 [-1.30, +0.00]",,,"+0.10 [-1.00, +1.30]","+0.10 [-1.00, +1.30]",,L-A32--w-int6--a-fp32--mse_per_channel--fit-mse_per_channel-fp32in-s0
resnet18,L-A32,int8,fp32,,mse_per_channel,none,learned,fp32in,0,0,69.9,69.9,69.9,"-0.20 [-0.70, +0.30]","-0.20 [-0.70, +0.30]",,,"+0.90 [+0.00, +1.80]","+0.90 [+0.00, +1.80]",,L-A32--w-int8--a-fp32--mse_per_channel--fit-mse_per_channel-fp32in-s0
resnet18,L-A32,posit8_es1,fp32,,mse_per_channel,none,learned,fp32in,0,0,70.0,70.0,70.0,"-0.10 [-0.30, +0.00]","-0.10 [-0.30, +0.00]",,,"+0.20 [-0.60, +1.00]","+0.20 [-0.60, +1.00]",,L-A32--w-posit8_es1--a-fp32--mse_per_channel--fit-mse_per_channel-fp32in-s0
resnet18,L-bc,fp6_e2m3,fp6_e2m3,default,mse_per_channel,empirical,learned,fp32in,0,179,67.837,67.5,68.6,"-2.26 [-3.68, -0.85]","-2.60 [-4.30, -1.00]","+1.18 [+0.10, +2.30]","+0.70 [-0.80, +2.20]","+1.18 [+0.10, +2.30]","+0.70 [-0.80, +2.20]",,L-bc--w-fp6_e2m3--a-fp6_e2m3--default--fit-mse_per_channel-fp32in-s0
resnet18,L-bc,int4,int4,default,mse_per_channel,empirical,learned,fp32in,0,900,2.997,5.2,3.9,"-67.10 [-69.94, -64.11]","-64.90 [-67.90, -61.70]","+2.87 [+2.15, +3.67]","+5.00 [+3.70, +6.40]","+2.87 [+2.15, +3.67]","+5.00 [+3.70, +6.40]",,L-bc--w-int4--a-int4--default--fit-mse_per_channel-fp32in-s0
resnet18,L-bc,int4,int8,default,mse_per_channel,empirical,learned,fp32in,0,61,67.758,67.7,67.8,"-2.34 [-3.92, -0.82]","-2.40 [-3.90, -0.90]","+67.66 [+64.72, +70.47]","+67.60 [+64.60, +70.50]","+67.66 [+64.72, +70.47]","+67.60 [+64.60, +70.50]",,L-bc--w-int4--a-int8--default--fit-mse_per_channel-fp32in-s0
resnet18,L-bc,int6,int6,default,mse_per_channel,empirical,learned,fp32in,0,145,68.125,67.2,68.2,"-1.98 [-3.27, -0.71]","-2.90 [-4.40, -1.40]","+2.23 [+1.07, +3.42]","+2.00 [+0.40, +3.70]","+2.23 [+1.07, +3.42]","+2.00 [+0.40, +3.70]",,L-bc--w-int6--a-int6--default--fit-mse_per_channel-fp32in-s0
resnet18,L-bc,int8,int8,default,mse_per_channel,empirical,learned,fp32in,0,38,69.533,69.2,69.4,"-0.57 [-1.22, +0.07]","-0.90 [-1.70, -0.10]","+0.32 [-0.23, +0.87]","+0.60 [-0.10, +1.30]","+0.32 [-0.23, +0.87]","+0.60 [-0.10, +1.30]",,L-bc--w-int8--a-int8--default--fit-mse_per_channel-fp32in-s0
resnet18,L-bc,posit8_es1,posit8_es1,default,mse_per_channel,empirical,learned,fp32in,0,107,69.553,69.5,69.5,"-0.55 [-1.52, +0.45]","-0.60 [-1.70, +0.50]","-0.08 [-0.70, +0.53]","+0.40 [-0.20, +1.00]","-0.08 [-0.70, +0.53]","+0.40 [-0.20, +1.00]",,L-bc--w-posit8_es1--a-posit8_es1--default--fit-mse_per_channel-fp32in-s0
resnet18,L-nobc,fp6_e2m3,fp6_e2m3,default_no_bias_correction,mse_per_channel,none,learned,fp32in,0,198,67.657,66.7,66.9,"-2.44 [-3.86, -1.05]","-3.40 [-5.20, -1.60]","+1.00 [-0.34, +2.38]","-0.10 [-1.90, +1.70]","-0.32 [-1.33, +0.65]","-0.20 [-1.60, +1.20]",,L-nobc--w-fp6_e2m3--a-fp6_e2m3--default_no_bias_correction--fit-mse_per_channel-fp32in-s0
resnet18,L-nobc,int4,int4,default_no_bias_correction,mse_per_channel,none,learned,fp32in,0,823,24.826,23.7,23.8,"-45.27 [-48.02, -42.38]","-46.40 [-49.80, -43.00]","+24.70 [+22.94, +26.51]","+23.50 [+20.90, +26.10]","-2.96 [-5.23, -0.61]","-4.80 [-8.00, -1.50]",,L-nobc--w-int4--a-int4--default_no_bias_correction--fit-mse_per_channel-fp32in-s0
resnet18,L-nobc,int4,int8,default_no_bias_correction,mse_per_channel,none,learned,fp32in,0,40,70.433,69.9,69.8,"+0.33 [-0.90, +1.57]","-0.20 [-1.50, +1.10]","+70.33 [+67.50, +73.13]","+69.80 [+66.90, +72.60]","+16.97 [+14.40, +19.57]","+16.30 [+13.70, +19.00]",,L-nobc--w-int4--a-int8--default_no_bias_correction--fit-mse_per_channel-fp32in-s0
resnet18,L-nobc,int4,int8,default_no_bias_correction,mse_per_layer,none,learned,fp32in,0,43,69.4,68.9,69.0,"-0.70 [-2.15, +0.73]","-1.20 [-2.80, +0.30]",,,"+50.42 [+47.30, +53.52]","+49.80 [+46.60, +53.00]",,L-nobc--w-int4--a-int8--default_no_bias_correction--mse_per_layer--fit-mse_per_layer-fp32in-s0
resnet18,L-nobc,int4,int8,default_no_bias_correction,mse_per_layer,none,learned,fp32in,1,47,68.6,68.3,68.4,"-1.50 [-3.00, +0.00]","-1.80 [-3.30, -0.30]",,,"+49.62 [+46.48, +52.72]","+49.20 [+46.00, +52.40]",,L-nobc--w-int4--a-int8--default_no_bias_correction--mse_per_layer--fit-mse_per_layer-fp32in-s1
resnet18,L-nobc,int4,int8,default_no_bias_correction,mse_per_layer,none,learned,fp32in,2,34,69.4,68.6,69.0,"-0.70 [-2.18, +0.78]","-1.50 [-3.10, +0.10]",,,"+50.42 [+47.32, +53.56]","+49.50 [+46.30, +52.70]",,L-nobc--w-int4--a-int8--default_no_bias_correction--mse_per_layer--fit-mse_per_layer-fp32in-s2
resnet18,L-nobc,int6,int6,default_no_bias_correction,mse_per_channel,none,learned,fp32in,0,183,65.982,65.8,66.3,"-4.12 [-5.64, -2.58]","-4.30 [-6.20, -2.40]","+0.09 [-1.61, +1.81]","+0.60 [-1.50, +2.80]","-0.52 [-1.57, +0.51]","-1.00 [-2.40, +0.40]",,L-nobc--w-int6--a-int6--default_no_bias_correction--fit-mse_per_channel-fp32in-s0
resnet18,L-nobc,int8,int8,default_no_bias_correction,mse_per_channel,none,learned,fp32in,0,49,69.667,69.6,69.9,"-0.43 [-1.20, +0.33]","-0.50 [-1.50, +0.50]","+0.45 [-0.18, +1.12]","+1.00 [+0.10, +1.90]","+0.35 [-0.32, +1.05]","+0.60 [-0.20, +1.50]",,L-nobc--w-int8--a-int8--default_no_bias_correction--fit-mse_per_channel-fp32in-s0
resnet18,L-nobc,posit8_es1,posit8_es1,default_no_bias_correction,mse_per_channel,none,learned,fp32in,0,110,68.975,68.8,68.9,"-1.12 [-2.08, -0.18]","-1.30 [-2.50, -0.20]","-0.66 [-1.40, +0.06]","-0.30 [-1.10, +0.50]","-0.27 [-1.02, +0.49]","-0.60 [-1.60, +0.40]",,L-nobc--w-posit8_es1--a-posit8_es1--default_no_bias_correction--fit-mse_per_channel-fp32in-s0
resnet18,LQ-bc,int4,int4,default,mse_per_channel,empirical,learned,b2in-int4,0,873,0.832,1.6,1.0,"-69.27 [-72.12, -66.34]","-68.50 [-71.40, -65.50]","+0.70 [+0.37, +1.11]","+1.40 [+0.70, +2.20]","+0.70 [+0.37, +1.11]","+1.40 [+0.70, +2.20]",,LQ-bc--w-int4--a-int4--default--fit-mse_per_channel-b2in-int4-s0
resnet18,LQ-bc,int6,int6,default,mse_per_channel,empirical,learned,b2in-int6,0,135,68.125,67.4,68.5,"-1.98 [-3.22, -0.76]","-2.70 [-4.20, -1.20]","+2.23 [+0.86, +3.60]","+2.20 [+0.30, +4.10]","+2.23 [+0.86, +3.60]","+2.20 [+0.30, +4.10]",,LQ-bc--w-int6--a-int6--default--fit-mse_per_channel-b2in-int6-s0
resnet18,LQ-nobc,int4,int4,default_no_bias_correction,mse_per_channel,none,learned,b2in-int4,0,812,27.757,27.2,27.2,"-42.34 [-45.05, -39.54]","-42.90 [-46.30, -39.50]","+27.63 [+25.77, +29.50]","+27.00 [+24.10, +29.80]","-0.03 [-2.40, +2.29]","-1.30 [-4.60, +2.00]",,LQ-nobc--w-int4--a-int4--default_no_bias_correction--fit-mse_per_channel-b2in-int4-s0
resnet18,LQ-nobc,int6,int6,default_no_bias_correction,mse_per_channel,none,learned,b2in-int6,0,178,65.953,66.5,66.0,"-4.15 [-5.58, -2.73]","-3.60 [-5.40, -1.90]","+0.06 [-1.68, +1.84]","+1.30 [-0.90, +3.50]","-0.55 [-1.71, +0.60]","-0.30 [-1.80, +1.20]",,LQ-nobc--w-int6--a-int6--default_no_bias_correction--fit-mse_per_channel-b2in-int6-s0
resnet18,N-A32,fp6_e2m3,fp32,,mse_per_channel,none,nearest,,,0,69.8,69.8,69.8,"-0.30 [-1.30, +0.70]","-0.30 [-1.30, +0.70]",,,,,,N-A32--w-fp6_e2m3--a-fp32--mse_per_channel
resnet18,N-A32,int4,fp32,,mse_per_channel,none,nearest,,,0,53.9,53.9,53.9,"-16.20 [-18.90, -13.60]","-16.20 [-18.90, -13.60]",,,,,,N-A32--w-int4--a-fp32--mse_per_channel
resnet18,N-A32,int4,fp32,,mse_per_layer,none,nearest,,,0,19.0,19.0,19.0,"-51.10 [-54.30, -47.90]","-51.10 [-54.30, -47.90]",,,,,,N-A32--w-int4--a-fp32--mse_per_layer
resnet18,N-A32,int6,fp32,,mse_per_channel,none,nearest,,,0,69.4,69.4,69.4,"-0.70 [-1.80, +0.40]","-0.70 [-1.80, +0.40]",,,,,,N-A32--w-int6--a-fp32--mse_per_channel
resnet18,N-A32,int8,fp32,,mse_per_channel,none,nearest,,,0,69.0,69.0,69.0,"-1.10 [-2.10, -0.20]","-1.10 [-2.10, -0.20]",,,,,,N-A32--w-int8--a-fp32--mse_per_channel
resnet18,N-A32,posit8_es1,fp32,,mse_per_channel,none,nearest,,,0,69.8,69.8,69.8,"-0.30 [-1.10, +0.50]","-0.30 [-1.10, +0.50]",,,,,,N-A32--w-posit8_es1--a-fp32--mse_per_channel
resnet18,N-A32-bc,int4,fp32,,mse_per_layer,empirical,nearest,,,0,0.1,0.1,0.1,"-70.00 [-72.80, -67.10]","-70.00 [-72.80, -67.10]",,,,,,N-A32-bc--w-int4--a-fp32--mse_per_layer--bias-empirical
resnet18,N-default,fp6_e2m3,fp6_e2m3,default,mse_per_channel,empirical,nearest,,,183,66.657,66.8,67.3,"-3.44 [-5.04, -1.90]","-3.30 [-5.10, -1.60]",,,,,1000,N-default--w-fp6_e2m3--a-fp6_e2m3--default
resnet18,N-default,int4,int4,default,mse_per_channel,empirical,nearest,,,980,0.129,0.2,0.1,"-69.97 [-72.79, -67.08]","-69.90 [-72.70, -67.00]",,,,,1000,N-default--w-int4--a-int4--default
resnet18,N-default,int4,int8,default,mse_per_channel,empirical,nearest,,,1,0.1,0.1,0.1,"-70.00 [-72.80, -67.10]","-70.00 [-72.80, -67.10]",,,,,,N-default--w-int4--a-int8--default
resnet18,N-default,int6,int6,default,mse_per_channel,empirical,nearest,,,168,65.892,65.2,66.9,"-4.21 [-5.82, -2.60]","-4.90 [-6.80, -3.10]",,,,,1000,N-default--w-int6--a-int6--default
resnet18,N-default,int8,int8,default,mse_per_channel,empirical,nearest,,,42,69.217,68.6,69.0,"-0.88 [-1.60, -0.20]","-1.50 [-2.40, -0.60]",,,,,1000,N-default--w-int8--a-int8--default
resnet18,N-default,posit8_es1,posit8_es1,default,mse_per_channel,empirical,nearest,,,102,69.633,69.1,69.8,"-0.47 [-1.45, +0.52]","-1.00 [-2.10, +0.10]",,,,,1000,N-default--w-posit8_es1--a-posit8_es1--default
resnet18,N-minimal,fp6_e2m3,fp6_e2m3,minimal,maxabs_per_channel,none,nearest,,,193,68.001,67.0,68.5,"-2.10 [-3.61, -0.60]","-3.10 [-4.90, -1.30]","+1.34 [-0.23, +2.95]","+0.20 [-1.70, +2.10]",,,1000,N-minimal--w-fp6_e2m3--a-fp6_e2m3--minimal
resnet18,N-minimal,int4,int4,minimal,maxabs_per_channel,none,nearest,,,650,17.14,18.0,15.4,"-52.96 [-55.87, -49.99]","-52.10 [-55.40, -48.70]","+17.01 [+15.26, +18.80]","+17.80 [+15.40, +20.20]",,,1000,N-minimal--w-int4--a-int4--minimal
resnet18,N-minimal,int4,int8,minimal,maxabs_per_channel,none,nearest,,,53,46.483,46.7,46.8,"-23.62 [-26.63, -20.53]","-23.40 [-26.40, -20.30]","+46.38 [+43.27, +49.40]","+46.60 [+43.50, +49.70]",,,,N-minimal--w-int4--a-int8--minimal
resnet18,N-minimal,int6,int6,minimal,maxabs_per_channel,none,nearest,,,177,65.832,65.6,66.1,"-4.27 [-6.01, -2.55]","-4.50 [-6.50, -2.50]","-0.06 [-1.75, +1.59]","+0.40 [-1.70, +2.60]",,,1000,N-minimal--w-int6--a-int6--minimal
resnet18,N-minimal,int8,int8,minimal,maxabs_per_channel,none,nearest,,,47,69.72,69.4,69.4,"-0.38 [-1.31, +0.55]","-0.70 [-1.70, +0.30]","+0.50 [-0.29, +1.30]","+0.80 [-0.20, +1.80]",,,1000,N-minimal--w-int8--a-int8--minimal
resnet18,N-minimal,posit8_es1,posit8_es1,minimal,maxabs_per_channel,none,nearest,,,154,4.367,4.4,4.2,"-65.73 [-68.68, -62.70]","-65.70 [-68.70, -62.70]","-65.27 [-68.10, -62.40]","-64.70 [-67.70, -61.70]",,,1000,N-minimal--w-posit8_es1--a-posit8_es1--minimal
resnet18,N-nobc,fp6_e2m3,fp6_e2m3,default_no_bias_correction,mse_per_channel,none,nearest,,,187,67.978,66.9,68.2,"-2.12 [-3.56, -0.69]","-3.20 [-5.00, -1.40]","+1.32 [-0.06, +2.78]","+0.10 [-1.70, +2.00]",,,1000,N-nobc--w-fp6_e2m3--a-fp6_e2m3--default_no_bias_correction
resnet18,N-nobc,int4,int4,default_no_bias_correction,mse_per_channel,none,nearest,,,644,27.783,28.5,28.3,"-42.32 [-45.14, -39.46]","-41.60 [-44.90, -38.20]","+27.66 [+25.50, +29.80]","+28.30 [+25.50, +31.10]",,,1000,N-nobc--w-int4--a-int4--default_no_bias_correction
resnet18,N-nobc,int4,int8,default_no_bias_correction,mse_per_layer,none,nearest,,,138,18.983,19.1,19.3,"-51.12 [-54.25, -47.94]","-51.00 [-54.20, -47.80]",,,,,,N-nobc--w-int4--a-int8--default_no_bias_correction--mse_per_layer
resnet18,N-nobc,int4,int8,default_no_bias_correction,mse_per_channel,none,nearest,,,61,53.467,53.6,53.8,"-16.63 [-19.23, -14.08]","-16.50 [-19.20, -13.80]","+53.37 [+50.25, +56.38]","+53.50 [+50.30, +56.60]",,,,N-nobc--w-int4--a-int8--default_no_bias_correction
resnet18,N-nobc,int6,int6,default_no_bias_correction,mse_per_channel,none,nearest,,,182,66.503,66.8,66.7,"-3.60 [-5.18, -2.05]","-3.30 [-5.20, -1.40]","+0.61 [-1.15, +2.36]","+1.60 [-0.50, +3.80]",,,1000,N-nobc--w-int6--a-int6--default_no_bias_correction
resnet18,N-nobc,int8,int8,default_no_bias_correction,mse_per_channel,none,nearest,,,47,69.317,69.0,69.3,"-0.78 [-1.70, +0.12]","-1.10 [-2.20, -0.10]","+0.10 [-0.50, +0.70]","+0.40 [-0.30, +1.10]",,,1000,N-nobc--w-int8--a-int8--default_no_bias_correction
resnet18,N-nobc,posit8_es1,posit8_es1,default_no_bias_correction,mse_per_channel,none,nearest,,,99,69.242,69.4,69.5,"-0.86 [-1.88, +0.17]","-0.70 [-1.80, +0.40]","-0.39 [-1.13, +0.34]","+0.30 [-0.60, +1.20]",,,1000,N-nobc--w-posit8_es1--a-posit8_es1--default_no_bias_correction
resnet18,fp32,,,,,,,,,,70.1,70.1,70.1,,,,,,,,fp32
mobilenet_v2,L-A32,fp6_e2m3,fp32,,mse_per_channel,none,learned,fp32in,0,0,71.7,71.7,71.7,"-0.40 [-1.30, +0.50]","-0.40 [-1.30, +0.50]",,,"+2.80 [+1.10, +4.50]","+2.80 [+1.10, +4.50]",,L-A32--w-fp6_e2m3--a-fp32--mse_per_channel--fit-mse_per_channel-fp32in-s0
mobilenet_v2,L-A32,int4,fp32,,mse_per_channel,none,learned,fp32in,0,0,71.7,71.7,71.7,"-0.40 [-1.80, +1.00]","-0.40 [-1.80, +1.00]",,,"+69.40 [+66.50, +72.30]","+69.40 [+66.50, +72.30]",,L-A32--w-int4--a-fp32--mse_per_channel--fit-mse_per_channel-fp32in-s0
mobilenet_v2,L-A32,int6,fp32,,mse_per_channel,none,learned,fp32in,0,0,72.3,72.3,72.3,"+0.20 [-0.50, +0.90]","+0.20 [-0.50, +0.90]",,,"+4.00 [+2.20, +5.90]","+4.00 [+2.20, +5.90]",,L-A32--w-int6--a-fp32--mse_per_channel--fit-mse_per_channel-fp32in-s0
mobilenet_v2,L-A32,int8,fp32,,mse_per_channel,none,learned,fp32in,0,0,72.3,72.3,72.3,"+0.20 [+0.00, +0.50]","+0.20 [+0.00, +0.50]",,,"+0.50 [-0.30, +1.30]","+0.50 [-0.30, +1.30]",,L-A32--w-int8--a-fp32--mse_per_channel--fit-mse_per_channel-fp32in-s0
mobilenet_v2,L-A32,posit8_es1,fp32,,mse_per_channel,none,learned,fp32in,0,0,72.2,72.2,72.2,"+0.10 [-0.30, +0.60]","+0.10 [-0.30, +0.60]",,,"+0.50 [-0.70, +1.70]","+0.50 [-0.70, +1.70]",,L-A32--w-posit8_es1--a-fp32--mse_per_channel--fit-mse_per_channel-fp32in-s0
mobilenet_v2,L-bc,fp6_e2m3,fp6_e2m3,default,mse_per_channel,empirical,learned,fp32in,0,112,68.825,68.4,68.9,"-3.27 [-5.17, -1.37]","-3.70 [-5.70, -1.70]","+2.59 [+1.19, +4.02]","+3.00 [+1.30, +4.70]","+2.59 [+1.19, +4.02]","+3.00 [+1.30, +4.70]",,L-bc--w-fp6_e2m3--a-fp6_e2m3--default--fit-mse_per_channel-fp32in-s0
mobilenet_v2,L-bc,int4,int4,default,mse_per_channel,empirical,learned,fp32in,0,1000,0.231,0.4,0.5,"-71.87 [-74.64, -68.99]","-71.70 [-74.50, -68.80]","+0.13 [+0.07, +0.22]","+0.30 [+0.00, +0.70]","+0.13 [+0.07, +0.22]","+0.30 [+0.00, +0.70]",,L-bc--w-int4--a-int4--default--fit-mse_per_channel-fp32in-s0
mobilenet_v2,L-bc,int4,int8,default,mse_per_channel,empirical,learned,fp32in,0,163,54.233,54.2,53.9,"-17.87 [-20.52, -15.28]","-17.90 [-20.60, -15.20]","+46.76 [+43.74, +49.77]","+46.10 [+42.90, +49.20]","+46.76 [+43.74, +49.77]","+46.10 [+42.90, +49.20]",,L-bc--w-int4--a-int8--default--fit-mse_per_channel-fp32in-s0
mobilenet_v2,L-bc,int6,int6,default,mse_per_channel,empirical,learned,fp32in,0,90,70.433,70.1,71.1,"-1.67 [-3.00, -0.35]","-2.00 [-3.50, -0.50]","+0.34 [-0.80, +1.47]","-0.20 [-1.60, +1.20]","+0.34 [-0.80, +1.47]","-0.20 [-1.60, +1.20]",,L-bc--w-int6--a-int6--default--fit-mse_per_channel-fp32in-s0
mobilenet_v2,L-bc,int8,int8,default,mse_per_channel,empirical,learned,fp32in,0,26,72.25,72.0,72.2,"+0.15 [-0.40, +0.70]","-0.10 [-0.70, +0.50]","-0.05 [-0.70, +0.60]","+0.00 [-0.70, +0.70]","-0.05 [-0.70, +0.60]","+0.00 [-0.70, +0.70]",,L-bc--w-int8--a-int8--default--fit-mse_per_channel-fp32in-s0
mobilenet_v2,L-bc,posit8_es1,posit8_es1,default,mse_per_channel,empirical,learned,fp32in,0,57,71.975,72.4,72.5,"-0.12 [-1.22, +1.01]","+0.30 [-0.90, +1.50]","-0.42 [-1.32, +0.47]","+0.50 [-0.60, +1.60]","-0.42 [-1.32, +0.47]","+0.50 [-0.60, +1.60]",,L-bc--w-posit8_es1--a-posit8_es1--default--fit-mse_per_channel-fp32in-s0
mobilenet_v2,L-nobc,fp6_e2m3,fp6_e2m3,default_no_bias_correction,mse_per_channel,none,learned,fp32in,0,114,70.95,70.4,70.9,"-1.15 [-2.63, +0.37]","-1.70 [-3.40, +0.00]","+4.71 [+2.90, +6.55]","+5.00 [+2.80, +7.10]","+3.93 [+2.32, +5.58]","+3.30 [+1.30, +5.20]",,L-nobc--w-fp6_e2m3--a-fp6_e2m3--default_no_bias_correction--fit-mse_per_channel-fp32in-s0
mobilenet_v2,L-nobc,int4,int4,default_no_bias_correction,mse_per_channel,none,learned,fp32in,0,851,27.181,25.6,27.6,"-44.92 [-47.60, -42.17]","-46.50 [-49.90, -43.10]","+27.08 [+25.36, +28.82]","+25.50 [+22.80, +28.20]","+26.07 [+24.28, +27.89]","+24.40 [+21.70, +27.10]",,L-nobc--w-int4--a-int4--default_no_bias_correction--fit-mse_per_channel-fp32in-s0
mobilenet_v2,L-nobc,int4,int8,default_no_bias_correction,mse_per_channel,none,learned,fp32in,0,24,71.483,71.3,71.5,"-0.62 [-1.97, +0.73]","-0.80 [-2.20, +0.60]","+64.01 [+61.00, +66.91]","+63.20 [+60.10, +66.20]","+69.23 [+66.35, +72.08]","+69.00 [+66.10, +71.90]",,L-nobc--w-int4--a-int8--default_no_bias_correction--fit-mse_per_channel-fp32in-s0
mobilenet_v2,L-nobc,int6,int6,default_no_bias_correction,mse_per_channel,none,learned,fp32in,0,95,69.703,69.7,69.3,"-2.40 [-3.72, -1.12]","-2.40 [-3.90, -1.00]","-0.40 [-2.01, +1.20]","-0.60 [-2.60, +1.30]","+2.56 [+0.67, +4.53]","+3.10 [+1.00, +5.30]",,L-nobc--w-int6--a-int6--default_no_bias_correction--fit-mse_per_channel-fp32in-s0
mobilenet_v2,L-nobc,int8,int8,default_no_bias_correction,mse_per_channel,none,learned,fp32in,0,18,72.1,72.1,72.2,"+0.00 [-0.55, +0.55]","+0.00 [-0.60, +0.50]","-0.20 [-0.85, +0.45]","+0.10 [-0.60, +0.80]","+0.20 [-0.50, +0.90]","+0.10 [-0.70, +0.90]",,L-nobc--w-int8--a-int8--default_no_bias_correction--fit-mse_per_channel-fp32in-s0
mobilenet_v2,L-nobc,posit8_es1,posit8_es1,default_no_bias_correction,mse_per_channel,none,learned,fp32in,0,52,72.25,72.1,72.2,"+0.15 [-0.85, +1.15]","+0.00 [-1.10, +1.10]","-0.14 [-1.18, +0.88]","+0.20 [-1.10, +1.50]","+0.14 [-0.90, +1.22]","+0.10 [-1.20, +1.40]",,L-nobc--w-posit8_es1--a-posit8_es1--default_no_bias_correction--fit-mse_per_channel-fp32in-s0
mobilenet_v2,LQ-bc,int4,int4,default,mse_per_channel,empirical,learned,b2in-int4,0,934,7.6,8.3,9.1,"-64.50 [-67.41, -61.54]","-63.80 [-66.80, -60.70]","+7.50 [+6.10, +8.95]","+8.20 [+6.50, +9.90]","+7.50 [+6.10, +8.95]","+8.20 [+6.50, +9.90]",,LQ-bc--w-int4--a-int4--default--fit-mse_per_channel-b2in-int4-s0
mobilenet_v2,LQ-bc,int6,int6,default,mse_per_channel,empirical,learned,b2in-int6,0,87,71.767,71.1,71.6,"-0.33 [-1.62, +0.97]","-1.00 [-2.50, +0.50]","+1.67 [+0.34, +2.99]","+0.80 [-0.70, +2.30]","+1.67 [+0.34, +2.99]","+0.80 [-0.70, +2.30]",,LQ-bc--w-int6--a-int6--default--fit-mse_per_channel-b2in-int6-s0
mobilenet_v2,LQ-nobc,int4,int4,default_no_bias_correction,mse_per_channel,none,learned,b2in-int4,0,462,50.265,49.8,50.4,"-21.84 [-24.49, -19.20]","-22.30 [-25.30, -19.30]","+50.16 [+47.53, +52.80]","+49.70 [+46.50, +52.80]","+49.15 [+46.43, +51.81]","+48.60 [+45.30, +51.70]",,LQ-nobc--w-int4--a-int4--default_no_bias_correction--fit-mse_per_channel-b2in-int4-s0
mobilenet_v2,LQ-nobc,int6,int6,default_no_bias_correction,mse_per_channel,none,learned,b2in-int6,0,94,70.717,70.8,70.4,"-1.38 [-2.74, -0.03]","-1.30 [-2.80, +0.20]","+0.62 [-0.94, +2.17]","+0.50 [-1.30, +2.30]","+3.58 [+1.77, +5.43]","+4.20 [+2.20, +6.20]",,LQ-nobc--w-int6--a-int6--default_no_bias_correction--fit-mse_per_channel-b2in-int6-s0
mobilenet_v2,N-A32,fp6_e2m3,fp32,,mse_per_channel,none,nearest,,,0,68.9,68.9,68.9,"-3.20 [-4.90, -1.50]","-3.20 [-4.90, -1.50]",,,,,,N-A32--w-fp6_e2m3--a-fp32--mse_per_channel
mobilenet_v2,N-A32,int4,fp32,,mse_per_channel,none,nearest,,,0,2.3,2.3,2.3,"-69.80 [-72.70, -66.80]","-69.80 [-72.70, -66.80]",,,,,,N-A32--w-int4--a-fp32--mse_per_channel
mobilenet_v2,N-A32,int6,fp32,,mse_per_channel,none,nearest,,,0,68.3,68.3,68.3,"-3.80 [-5.70, -2.00]","-3.80 [-5.70, -2.00]",,,,,,N-A32--w-int6--a-fp32--mse_per_channel
mobilenet_v2,N-A32,int8,fp32,,mse_per_channel,none,nearest,,,0,71.8,71.8,71.8,"-0.30 [-1.20, +0.60]","-0.30 [-1.20, +0.60]",,,,,,N-A32--w-int8--a-fp32--mse_per_channel
mobilenet_v2,N-A32,posit8_es1,fp32,,mse_per_channel,none,nearest,,,0,71.7,71.7,71.7,"-0.40 [-1.60, +0.80]","-0.40 [-1.60, +0.80]",,,,,,N-A32--w-posit8_es1--a-fp32--mse_per_channel
mobilenet_v2,N-default,fp6_e2m3,fp6_e2m3,default,mse_per_channel,empirical,nearest,,,152,66.235,65.4,66.9,"-5.87 [-7.79, -3.92]","-6.70 [-8.80, -4.50]",,,,,1000,N-default--w-fp6_e2m3--a-fp6_e2m3--default
mobilenet_v2,N-default,int4,int4,default,mse_per_channel,empirical,nearest,,,1000,0.1,0.1,0.1,"-72.00 [-74.79, -69.11]","-72.00 [-74.80, -69.10]",,,,,1000,N-default--w-int4--a-int4--default
mobilenet_v2,N-default,int4,int8,default,mse_per_channel,empirical,nearest,,,761,7.473,8.1,7.0,"-64.63 [-67.59, -61.57]","-64.00 [-67.00, -60.90]",,,,,,N-default--w-int4--a-int8--default
mobilenet_v2,N-default,int6,int6,default,mse_per_channel,empirical,nearest,,,104,70.098,70.3,70.5,"-2.00 [-3.62, -0.34]","-1.80 [-3.70, +0.10]",,,,,1000,N-default--w-int6--a-int6--default
mobilenet_v2,N-default,int8,int8,default,mse_per_channel,empirical,nearest,,,14,72.3,72.0,72.0,"+0.20 [-0.60, +0.95]","-0.10 [-0.90, +0.70]",,,,,1000,N-default--w-int8--a-int8--default
mobilenet_v2,N-default,posit8_es1,posit8_es1,default,mse_per_channel,empirical,nearest,,,56,72.392,71.9,72.1,"+0.29 [-0.77, +1.40]","-0.20 [-1.50, +1.00]",,,,,1000,N-default--w-posit8_es1--a-posit8_es1--default
mobilenet_v2,N-minimal,fp6_e2m3,fp6_e2m3,minimal,maxabs_per_channel,none,nearest,,,129,66.631,66.5,66.6,"-5.47 [-7.36, -3.59]","-5.60 [-7.70, -3.60]","+0.40 [-1.54, +2.34]","+1.10 [-1.10, +3.40]",,,1000,N-minimal--w-fp6_e2m3--a-fp6_e2m3--minimal
mobilenet_v2,N-minimal,int4,int4,minimal,maxabs_per_channel,none,nearest,,,562,0.468,0.4,0.5,"-71.63 [-74.41, -68.74]","-71.70 [-74.50, -68.80]","+0.37 [+0.01, +0.82]","+0.30 [-0.10, +0.80]",,,1000,N-minimal--w-int4--a-int4--minimal
mobilenet_v2,N-minimal,int4,int8,minimal,maxabs_per_channel,none,nearest,,,109,1.1,1.0,1.1,"-71.00 [-73.80, -68.10]","-71.10 [-73.90, -68.20]","-6.37 [-8.09, -4.75]","-7.10 [-8.90, -5.40]",,,,N-minimal--w-int4--a-int8--minimal
mobilenet_v2,N-minimal,int6,int6,minimal,maxabs_per_channel,none,nearest,,,74,66.308,66.2,66.4,"-5.79 [-7.72, -3.87]","-5.90 [-7.90, -3.90]","-3.79 [-5.70, -1.93]","-4.10 [-6.20, -2.00]",,,1000,N-minimal--w-int6--a-int6--minimal
mobilenet_v2,N-minimal,int8,int8,minimal,maxabs_per_channel,none,nearest,,,21,72.283,72.1,72.2,"+0.18 [-0.82, +1.20]","+0.00 [-1.00, +1.10]","-0.02 [-0.87, +0.85]","+0.10 [-0.80, +1.00]",,,1000,N-minimal--w-int8--a-int8--minimal
mobilenet_v2,N-minimal,posit8_es1,posit8_es1,minimal,maxabs_per_channel,none,nearest,,,123,0.1,0.1,0.1,"-72.00 [-74.80, -69.10]","-72.00 [-74.80, -69.10]","-72.29 [-75.00, -69.50]","-71.80 [-74.50, -68.90]",,,1000,N-minimal--w-posit8_es1--a-posit8_es1--minimal
mobilenet_v2,N-nobc,fp6_e2m3,fp6_e2m3,default_no_bias_correction,mse_per_channel,none,nearest,,,120,67.017,67.1,67.4,"-5.08 [-6.90, -3.28]","-5.00 [-6.90, -3.10]","+0.78 [-1.15, +2.69]","+1.70 [-0.50, +4.00]",,,1000,N-nobc--w-fp6_e2m3--a-fp6_e2m3--default_no_bias_correction
mobilenet_v2,N-nobc,int4,int4,default_no_bias_correction,mse_per_channel,none,nearest,,,502,1.112,1.2,1.1,"-70.99 [-73.81, -68.11]","-70.90 [-73.70, -68.00]","+1.01 [+0.46, +1.66]","+1.10 [+0.40, +1.80]",,,1000,N-nobc--w-int4--a-int4--default_no_bias_correction
mobilenet_v2,N-nobc,int4,int8,default_no_bias_correction,mse_per_channel,none,nearest,,,88,2.25,2.3,2.3,"-69.85 [-72.75, -66.90]","-69.80 [-72.70, -66.80]","-5.22 [-7.12, -3.42]","-5.80 [-7.80, -3.90]",,,,N-nobc--w-int4--a-int8--default_no_bias_correction
mobilenet_v2,N-nobc,int6,int6,default_no_bias_correction,mse_per_channel,none,nearest,,,86,67.142,66.6,67.2,"-4.96 [-6.90, -3.10]","-5.50 [-7.60, -3.50]","-2.96 [-4.92, -1.00]","-3.70 [-5.80, -1.60]",,,1000,N-nobc--w-int6--a-int6--default_no_bias_correction
mobilenet_v2,N-nobc,int8,int8,default_no_bias_correction,mse_per_channel,none,nearest,,,14,71.9,72.0,72.1,"-0.20 [-1.15, +0.70]","-0.10 [-1.10, +0.90]","-0.40 [-1.15, +0.35]","+0.00 [-0.80, +0.80]",,,1000,N-nobc--w-int8--a-int8--default_no_bias_correction
mobilenet_v2,N-nobc,posit8_es1,posit8_es1,default_no_bias_correction,mse_per_channel,none,nearest,,,63,72.108,72.0,72.2,"+0.01 [-1.19, +1.20]","-0.10 [-1.40, +1.20]","-0.28 [-1.53, +0.89]","+0.10 [-1.30, +1.50]",,,1000,N-nobc--w-posit8_es1--a-posit8_es1--default_no_bias_correction
mobilenet_v2,fp32,,,,,,,,,,72.1,72.1,72.1,,,,,,,,fp32
mobilenet_v3_large,L-A32,fp6_e2m3,fp32,,mse_per_channel,none,learned,fp32in,0,0,74.8,74.8,74.8,"-0.20 [-0.80, +0.40]","-0.20 [-0.80, +0.40]",,,"+2.40 [+0.80, +4.00]","+2.40 [+0.80, +4.00]",,L-A32--w-fp6_e2m3--a-fp32--mse_per_channel--fit-mse_per_channel-fp32in-s0
mobilenet_v3_large,L-A32,int4,fp32,,mse_per_channel,none,learned,fp32in,0,0,73.1,73.1,73.1,"-1.90 [-3.40, -0.50]","-1.90 [-3.40, -0.50]",,,"+66.20 [+63.10, +69.30]","+66.20 [+63.10, +69.30]",,L-A32--w-int4--a-fp32--mse_per_channel--fit-mse_per_channel-fp32in-s0
mobilenet_v3_large,L-A32,int6,fp32,,mse_per_channel,none,learned,fp32in,0,0,75.0,75.0,75.0,"+0.00 [-0.80, +0.80]","+0.00 [-0.80, +0.80]",,,"+3.20 [+1.50, +4.90]","+3.20 [+1.50, +4.90]",,L-A32--w-int6--a-fp32--mse_per_channel--fit-mse_per_channel-fp32in-s0
mobilenet_v3_large,L-A32,int8,fp32,,mse_per_channel,none,learned,fp32in,0,0,75.3,75.3,75.3,"+0.30 [+0.00, +0.70]","+0.30 [+0.00, +0.70]",,,"+0.00 [-0.80, +0.80]","+0.00 [-0.80, +0.80]",,L-A32--w-int8--a-fp32--mse_per_channel--fit-mse_per_channel-fp32in-s0
mobilenet_v3_large,L-A32,posit8_es1,fp32,,mse_per_channel,none,learned,fp32in,0,0,74.8,74.8,74.8,"-0.20 [-0.60, +0.20]","-0.20 [-0.60, +0.20]",,,"-0.80 [-1.70, +0.10]","-0.80 [-1.70, +0.10]",,L-A32--w-posit8_es1--a-fp32--mse_per_channel--fit-mse_per_channel-fp32in-s0
mobilenet_v3_large,L-bc,fp6_e2m3,fp6_e2m3,default,mse_per_channel,empirical,learned,fp32in,0,145,57.775,57.8,57.7,"-17.23 [-19.86, -14.67]","-17.20 [-19.90, -14.50]","-0.65 [-2.72, +1.43]","-0.70 [-3.10, +1.70]","-0.65 [-2.72, +1.43]","-0.70 [-3.10, +1.70]",,L-bc--w-fp6_e2m3--a-fp6_e2m3--default--fit-mse_per_channel-fp32in-s0
mobilenet_v3_large,L-bc,int4,int4,default,mse_per_channel,empirical,learned,fp32in,0,999,0.129,0.3,0.1,"-74.87 [-77.57, -72.17]","-74.70 [-77.40, -72.00]","+0.03 [-0.04, +0.09]","+0.20 [+0.00, +0.50]","+0.03 [-0.04, +0.09]","+0.20 [+0.00, +0.50]",,L-bc--w-int4--a-int4--default--fit-mse_per_channel-fp32in-s0
mobilenet_v3_large,L-bc,int4,int8,default,mse_per_channel,empirical,learned,fp32in,0,22,69.133,69.0,69.0,"-5.87 [-7.93, -3.85]","-6.00 [-8.10, -3.90]","+20.38 [+17.48, +23.27]","+20.00 [+17.00, +22.90]","+20.38 [+17.48, +23.27]","+20.00 [+17.00, +22.90]",,L-bc--w-int4--a-int8--default--fit-mse_per_channel-fp32in-s0
mobilenet_v3_large,L-bc,int6,int6,default,mse_per_channel,empirical,learned,fp32in,0,461,23.397,24.2,23.4,"-51.60 [-54.65, -48.48]","-50.80 [-54.00, -47.60]","+2.40 [+0.35, +4.52]","+3.30 [+0.90, +5.80]","+2.40 [+0.35, +4.52]","+3.30 [+0.90, +5.80]",,L-bc--w-int6--a-int6--default--fit-mse_per_channel-fp32in-s0
mobilenet_v3_large,L-bc,int8,int8,default,mse_per_channel,empirical,learned,fp32in,0,19,72.95,73.1,73.1,"-2.05 [-3.85, -0.25]","-1.90 [-3.70, -0.10]","+1.35 [+0.05, +2.70]","+1.60 [+0.20, +3.00]","+1.35 [+0.05, +2.70]","+1.60 [+0.20, +3.00]",,L-bc--w-int8--a-int8--default--fit-mse_per_channel-fp32in-s0
mobilenet_v3_large,L-bc,posit8_es1,posit8_es1,default,mse_per_channel,empirical,learned,fp32in,0,55,72.7,72.0,72.7,"-2.30 [-3.72, -0.88]","-3.00 [-4.60, -1.40]","-0.66 [-1.55, +0.23]","-0.80 [-1.90, +0.20]","-0.66 [-1.55, +0.23]","-0.80 [-1.90, +0.20]",,L-bc--w-posit8_es1--a-posit8_es1--default--fit-mse_per_channel-fp32in-s0
mobilenet_v3_large,L-nobc,fp6_e2m3,fp6_e2m3,default_no_bias_correction,mse_per_channel,none,learned,fp32in,0,214,45.415,46.3,44.9,"-29.59 [-32.71, -26.54]","-28.70 [-31.90, -25.60]","-13.01 [-15.90, -10.17]","-12.20 [-15.30, -9.20]","+10.61 [+8.16, +13.09]","+11.20 [+8.60, +13.90]",,L-nobc--w-fp6_e2m3--a-fp6_e2m3--default_no_bias_correction--fit-mse_per_channel-fp32in-s0
mobilenet_v3_large,L-nobc,int4,int4,default_no_bias_correction,mse_per_channel,none,learned,fp32in,0,515,0.05,0.0,0.1,"-74.95 [-77.65, -72.25]","-75.00 [-77.70, -72.30]","-0.05 [-0.17, +0.09]","-0.10 [-0.30, +0.00]","-0.15 [-0.42, +0.02]","-0.10 [-0.30, +0.00]",,L-nobc--w-int4--a-int4--default_no_bias_correction--fit-mse_per_channel-fp32in-s0
mobilenet_v3_large,L-nobc,int4,int8,default_no_bias_correction,mse_per_channel,none,learned,fp32in,0,17,69.35,69.4,69.6,"-5.65 [-7.75, -3.65]","-5.60 [-7.70, -3.60]","+20.60 [+17.77, +23.43]","+20.40 [+17.50, +23.30]","+63.42 [+60.33, +66.47]","+63.50 [+60.40, +66.60]",,L-nobc--w-int4--a-int8--default_no_bias_correction--fit-mse_per_channel-fp32in-s0
mobilenet_v3_large,L-nobc,int6,int6,default_no_bias_correction,mse_per_channel,none,learned,fp32in,0,144,5.283,5.2,5.2,"-69.72 [-72.60, -66.77]","-69.80 [-72.70, -66.80]","-15.71 [-18.23, -13.22]","-15.70 [-18.40, -13.00]","+1.83 [+0.87, +2.82]","+1.70 [+0.60, +2.80]",,L-nobc--w-int6--a-int6--default_no_bias_correction--fit-mse_per_channel-fp32in-s0
mobilenet_v3_large,L-nobc,int8,int8,default_no_bias_correction,mse_per_channel,none,learned,fp32in,0,13,71.183,71.3,71.2,"-3.82 [-5.72, -2.00]","-3.70 [-5.60, -1.80]","-0.42 [-2.02, +1.17]","-0.20 [-1.80, +1.40]","+0.68 [-0.70, +2.10]","+0.70 [-0.80, +2.20]",,L-nobc--w-int8--a-int8--default_no_bias_correction--fit-mse_per_channel-fp32in-s0
mobilenet_v3_large,L-nobc,posit8_es1,posit8_es1,default_no_bias_correction,mse_per_channel,none,learned,fp32in,0,45,73.917,73.5,73.5,"-1.08 [-2.33, +0.18]","-1.50 [-2.90, -0.10]","+0.56 [-0.83, +2.00]","+0.70 [-0.90, +2.40]","-0.88 [-2.00, +0.22]","-1.20 [-2.50, +0.10]",,L-nobc--w-posit8_es1--a-posit8_es1--default_no_bias_correction--fit-mse_per_channel-fp32in-s0
mobilenet_v3_large,LQ-bc,int4,int4,default,mse_per_channel,empirical,learned,b2in-int4,0,1000,0.13,0.2,0.2,"-74.87 [-77.55, -72.17]","-74.80 [-77.50, -72.10]","+0.03 [-0.07, +0.12]","+0.10 [+0.00, +0.30]","+0.03 [-0.07, +0.12]","+0.10 [+0.00, +0.30]",,LQ-bc--w-int4--a-int4--default--fit-mse_per_channel-b2in-int4-s0
mobilenet_v3_large,LQ-bc,int6,int6,default,mse_per_channel,empirical,learned,b2in-int6,0,434,26.19,27.0,25.5,"-48.81 [-51.86, -45.69]","-48.00 [-51.20, -44.80]","+5.20 [+2.98, +7.43]","+6.10 [+3.50, +8.70]","+5.20 [+2.98, +7.43]","+6.10 [+3.50, +8.70]",,LQ-bc--w-int6--a-int6--default--fit-mse_per_channel-b2in-int6-s0
mobilenet_v3_large,LQ-nobc,int4,int4,default_no_bias_correction,mse_per_channel,none,learned,b2in-int4,0,819,0.2,0.1,0.3,"-74.80 [-77.52, -72.10]","-74.90 [-77.60, -72.20]","+0.10 [-0.05, +0.27]","+0.00 [-0.30, +0.30]","-0.00 [-0.31, +0.26]","+0.00 [-0.30, +0.30]",,LQ-nobc--w-int4--a-int4--default_no_bias_correction--fit-mse_per_channel-b2in-int4-s0
mobilenet_v3_large,LQ-nobc,int6,int6,default_no_bias_correction,mse_per_channel,none,learned,b2in-int6,0,406,29.462,29.5,29.8,"-45.54 [-48.65, -42.41]","-45.50 [-48.80, -42.20]","+8.47 [+6.05, +10.91]","+8.60 [+5.80, +11.40]","+26.01 [+23.32, +28.74]","+26.00 [+23.10, +28.90]",,LQ-nobc--w-int6--a-int6--default_no_bias_correction--fit-mse_per_channel-b2in-int6-s0
mobilenet_v3_large,N-A32,fp6_e2m3,fp32,,mse_per_channel,none,nearest,,,0,72.4,72.4,72.4,"-2.60 [-4.20, -1.10]","-2.60 [-4.20, -1.10]",,,,,,N-A32--w-fp6_e2m3--a-fp32--mse_per_channel
mobilenet_v3_large,N-A32,int4,fp32,,mse_per_channel,none,nearest,,,0,6.9,6.9,6.9,"-68.10 [-71.10, -65.10]","-68.10 [-71.10, -65.10]",,,,,,N-A32--w-int4--a-fp32--mse_per_channel
mobilenet_v3_large,N-A32,int6,fp32,,mse_per_channel,none,nearest,,,0,71.8,71.8,71.8,"-3.20 [-4.90, -1.50]","-3.20 [-4.90, -1.50]",,,,,,N-A32--w-int6--a-fp32--mse_per_channel
mobilenet_v3_large,N-A32,int8,fp32,,mse_per_channel,none,nearest,,,0,75.3,75.3,75.3,"+0.30 [-0.50, +1.10]","+0.30 [-0.50, +1.10]",,,,,,N-A32--w-int8--a-fp32--mse_per_channel
mobilenet_v3_large,N-A32,posit8_es1,fp32,,mse_per_channel,none,nearest,,,0,75.6,75.6,75.6,"+0.60 [-0.30, +1.50]","+0.60 [-0.30, +1.50]",,,,,,N-A32--w-posit8_es1--a-fp32--mse_per_channel
mobilenet_v3_large,N-default,fp6_e2m3,fp6_e2m3,default,mse_per_channel,empirical,nearest,,,150,58.425,58.5,57.9,"-16.57 [-19.18, -14.01]","-16.50 [-19.20, -13.90]",,,,,1000,N-default--w-fp6_e2m3--a-fp6_e2m3--default
mobilenet_v3_large,N-default,int4,int4,default,mse_per_channel,empirical,nearest,,,1000,0.103,0.1,0.1,"-74.90 [-77.60, -72.20]","-74.90 [-77.60, -72.20]",,,,,1000,N-default--w-int4--a-int4--default
mobilenet_v3_large,N-default,int4,int8,default,mse_per_channel,empirical,nearest,,,72,48.75,49.0,49.0,"-26.25 [-29.25, -23.28]","-26.00 [-29.00, -23.00]",,,,,,N-default--w-int4--a-int8--default
mobilenet_v3_large,N-default,int6,int6,default,mse_per_channel,empirical,nearest,,,466,20.995,20.9,21.1,"-54.01 [-57.06, -50.96]","-54.10 [-57.30, -50.90]",,,,,1000,N-default--w-int6--a-int6--default
mobilenet_v3_large,N-default,int8,int8,default,mse_per_channel,empirical,nearest,,,13,71.6,71.5,71.5,"-3.40 [-5.25, -1.50]","-3.50 [-5.40, -1.60]",,,,,1000,N-default--w-int8--a-int8--default
mobilenet_v3_large,N-default,posit8_es1,posit8_es1,default,mse_per_channel,empirical,nearest,,,47,73.358,72.8,73.4,"-1.64 [-3.11, -0.23]","-2.20 [-3.70, -0.70]",,,,,1000,N-default--w-posit8_es1--a-posit8_es1--default
mobilenet_v3_large,N-minimal,fp6_e2m3,fp6_e2m3,minimal,maxabs_per_channel,none,nearest,,,220,36.767,37.9,35.9,"-38.23 [-41.38, -35.11]","-37.10 [-40.30, -33.90]","-21.66 [-24.66, -18.72]","-20.60 [-23.80, -17.40]",,,1000,N-minimal--w-fp6_e2m3--a-fp6_e2m3--minimal
mobilenet_v3_large,N-minimal,int4,int4,minimal,maxabs_per_channel,none,nearest,,,381,0.1,0.1,0.1,"-74.90 [-77.60, -72.20]","-74.90 [-77.60, -72.20]","-0.00 [-0.17, +0.24]","+0.00 [-0.30, +0.30]",,,1000,N-minimal--w-int4--a-int4--minimal
mobilenet_v3_large,N-minimal,int4,int8,minimal,maxabs_per_channel,none,nearest,,,40,1.35,1.4,1.4,"-73.65 [-76.40, -70.90]","-73.60 [-76.40, -70.80]","-47.40 [-50.50, -44.35]","-47.60 [-50.70, -44.50]",,,,N-minimal--w-int4--a-int8--minimal
mobilenet_v3_large,N-minimal,int6,int6,minimal,maxabs_per_channel,none,nearest,,,162,2.55,2.5,2.5,"-72.45 [-75.30, -69.60]","-72.50 [-75.30, -69.60]","-18.45 [-20.88, -16.01]","-18.40 [-21.00, -15.80]",,,1000,N-minimal--w-int6--a-int6--minimal
mobilenet_v3_large,N-minimal,int8,int8,minimal,maxabs_per_channel,none,nearest,,,23,70.15,69.9,69.9,"-4.85 [-6.80, -3.00]","-5.10 [-7.10, -3.20]","-1.45 [-3.35, +0.40]","-1.60 [-3.50, +0.30]",,,1000,N-minimal--w-int8--a-int8--minimal
mobilenet_v3_large,N-minimal,posit8_es1,posit8_es1,minimal,maxabs_per_channel,none,nearest,,,90,0.0,0.0,0.0,"-75.00 [-77.70, -72.30]","-75.00 [-77.70, -72.30]","-73.36 [-76.09, -70.57]","-72.80 [-75.60, -69.90]",,,1000,N-minimal--w-posit8_es1--a-posit8_es1--minimal
mobilenet_v3_large,N-nobc,fp6_e2m3,fp6_e2m3,default_no_bias_correction,mse_per_channel,none,nearest,,,248,34.808,35.1,34.4,"-40.19 [-43.33, -37.04]","-39.90 [-43.20, -36.60]","-23.62 [-26.57, -20.69]","-23.40 [-26.60, -20.30]",,,1000,N-nobc--w-fp6_e2m3--a-fp6_e2m3--default_no_bias_correction
mobilenet_v3_large,N-nobc,int4,int4,default_no_bias_correction,mse_per_channel,none,nearest,,,667,0.203,0.1,0.2,"-74.80 [-77.50, -72.11]","-74.90 [-77.60, -72.20]","+0.10 [-0.11, +0.37]","+0.00 [-0.30, +0.30]",,,1000,N-nobc--w-int4--a-int4--default_no_bias_correction
mobilenet_v3_large,N-nobc,int4,int8,default_no_bias_correction,mse_per_channel,none,nearest,,,42,5.933,5.9,5.9,"-69.07 [-72.03, -66.03]","-69.10 [-72.10, -66.10]","-42.82 [-46.00, -39.60]","-43.10 [-46.30, -39.90]",,,,N-nobc--w-int4--a-int8--default_no_bias_correction
mobilenet_v3_large,N-nobc,int6,int6,default_no_bias_correction,mse_per_channel,none,nearest,,,127,3.45,3.5,3.4,"-71.55 [-74.35, -68.70]","-71.50 [-74.30, -68.60]","-17.55 [-19.95, -15.14]","-17.40 [-20.00, -14.80]",,,1000,N-nobc--w-int6--a-int6--default_no_bias_correction
mobilenet_v3_large,N-nobc,int8,int8,default_no_bias_correction,mse_per_channel,none,nearest,,,12,70.5,70.6,70.6,"-4.50 [-6.45, -2.60]","-4.40 [-6.30, -2.50]","-1.10 [-2.85, +0.60]","-0.90 [-2.70, +0.80]",,,1000,N-nobc--w-int8--a-int8--default_no_bias_correction
mobilenet_v3_large,N-nobc,posit8_es1,posit8_es1,default_no_bias_correction,mse_per_channel,none,nearest,,,55,74.8,74.7,75.3,"-0.20 [-1.33, +0.92]","-0.30 [-1.50, +0.90]","+1.44 [+0.20, +2.73]","+1.90 [+0.40, +3.50]",,,1000,N-nobc--w-posit8_es1--a-posit8_es1--default_no_bias_correction
mobilenet_v3_large,fp32,,,,,,,,,,75.0,75.0,75.0,,,,,,,,fp32
