case,policy,family,parameter,images,top1_expected,wide_top1_expected,top1_lowest_index,changed_top1_images,event_images,failed_images
mobilenet_v2-int8-default-b2,control,control,,128,77.34375,77.34375,77.34375,0,0,0
mobilenet_v2-int8-default-b2,f21,f21,0,128,76.43229166666667,77.34375,77.34375,2,0,0
mobilenet_v2-int8-default-b2,f21.x-9,f21,-9,128,76.43229166666667,77.34375,77.34375,2,0,0
mobilenet_v2-int8-default-b2,fp16.x-10,fp16,-10,128,76.953125,77.34375,76.5625,2,0,0
mobilenet_v2-int8-default-b2,fp16.x-11,fp16,-11,128,76.953125,77.34375,76.5625,2,0,0
mobilenet_v2-int8-default-b2,fp16.x-12,fp16,-12,128,76.953125,77.34375,76.5625,2,0,0
mobilenet_v2-int8-default-b2,fp16.x-6,fp16,-6,128,76.953125,77.34375,76.5625,2,0,0
mobilenet_v2-int8-default-b2,fp16.x-7,fp16,-7,128,76.953125,77.34375,76.5625,2,0,0
mobilenet_v2-int8-default-b2,fp16.x-8,fp16,-8,128,76.953125,77.34375,76.5625,2,0,0
mobilenet_v2-int8-default-b2,fp16.x-9,fp16,-9,128,76.953125,77.34375,76.5625,2,0,0
mobilenet_v2-int8-default-b2,sat.struct-1,per_node,1,128,77.60416666666667,77.34375,78.125,1,128,0
mobilenet_v2-int8-default-b2,sat.struct-2,per_node,2,128,31.640625,77.34375,32.03125,82,128,0
mobilenet_v2-int8-default-b2,sat.struct-3,per_node,3,128,0.0,77.34375,0.0,128,128,0
mobilenet_v2-int8-default-b2,sat.w14,uniform,14,128,0.0,77.34375,0.0,128,128,0
mobilenet_v2-int8-default-b2,sat.w15,uniform,15,128,0.0,77.34375,0.0,128,128,0
mobilenet_v2-int8-default-b2,sat.w16,uniform,16,128,0.0,77.34375,0.0,127,128,0
mobilenet_v2-int8-default-b2,sat.w17,uniform,17,128,0.78125,77.34375,0.78125,127,128,0
mobilenet_v2-int8-default-b2,sat.w18,uniform,18,128,50.0,77.34375,50.78125,51,128,0
mobilenet_v2-int8-default-b2,sat.w19,uniform,19,128,77.34375,77.34375,77.34375,0,41,0
mobilenet_v2-int8-default-b2,sat.w20,uniform,20,128,77.34375,77.34375,77.34375,0,0,0
mobilenet_v2-int8-default-b2,sat.w22,uniform,22,128,77.34375,77.34375,77.34375,0,0,0
mobilenet_v2-int8-default-b2,sat.w24,uniform,24,128,77.34375,77.34375,77.34375,0,0,0
mobilenet_v2-int6-default-b2,control,control,,128,72.91666666666666,72.91666666666666,72.65625,0,0,0
mobilenet_v2-int6-default-b2,f21,f21,0,128,73.95833333333334,72.91666666666666,74.21875,10,0,0
mobilenet_v2-int6-default-b2,fp16.x-5,fp16,-5,128,72.00520833333334,72.91666666666666,72.65625,12,0,0
mobilenet_v2-int6-default-b2,sat.struct-1,per_node,1,128,69.3359375,72.91666666666666,68.75,19,128,0
mobilenet_v2-int6-default-b2,sat.struct-2,per_node,2,128,12.968750000000002,72.91666666666666,14.84375,110,128,0
mobilenet_v2-int6-default-b2,sat.struct-3,per_node,3,128,0.0,72.91666666666666,0.0,128,128,0
mobilenet_v2-int6-default-b2,sat.w11,uniform,11,128,0.0,72.91666666666666,0.0,128,128,0
mobilenet_v2-int6-default-b2,sat.w12,uniform,12,128,0.0,72.91666666666666,0.0,128,128,0
mobilenet_v2-int6-default-b2,sat.w13,uniform,13,128,0.078125,72.91666666666666,0.0,128,128,0
mobilenet_v2-int6-default-b2,sat.w14,uniform,14,128,51.69270833333333,72.91666666666666,53.125,49,128,0
mobilenet_v2-int6-default-b2,sat.w15,uniform,15,128,73.69791666666667,72.91666666666666,74.21875,7,75,0
mobilenet_v2-int6-default-b2,sat.w16,uniform,16,128,72.91666666666666,72.91666666666666,72.65625,0,0,0
mobilenet_v2-int6-default-b2,sat.w18,uniform,18,128,72.91666666666666,72.91666666666666,72.65625,0,0,0
mobilenet_v2-int6-default-b2,sat.w20,uniform,20,128,72.91666666666666,72.91666666666666,72.65625,0,0,0
mobilenet_v2-fp6_e2m3-default-b2,control,control,,128,65.09114583333333,65.09114583333333,65.625,0,0,0
mobilenet_v2-fp6_e2m3-default-b2,f21,f21,0,128,69.66145833333334,65.09114583333333,71.875,12,0,0
mobilenet_v2-fp6_e2m3-default-b2,fp16,fp16,0,128,69.66145833333333,65.09114583333333,71.875,14,0,0
mobilenet_v2-fp6_e2m3-default-b2,sat.struct-1,per_node,1,128,65.75520833333333,65.09114583333333,65.625,18,128,0
mobilenet_v2-fp6_e2m3-default-b2,sat.struct-2,per_node,2,128,8.763950892857142,65.09114583333333,9.375,116,128,0
mobilenet_v2-fp6_e2m3-default-b2,sat.struct-3,per_node,3,128,0.0,65.09114583333333,0.0,128,128,0
mobilenet_v2-fp6_e2m3-default-b2,sat.w12,uniform,12,128,0.0,65.09114583333333,0.0,128,128,0
mobilenet_v2-fp6_e2m3-default-b2,sat.w13,uniform,13,128,0.0,65.09114583333333,0.0,128,128,0
mobilenet_v2-fp6_e2m3-default-b2,sat.w14,uniform,14,128,0.6374289772727273,65.09114583333333,0.0,128,128,0
mobilenet_v2-fp6_e2m3-default-b2,sat.w15,uniform,15,128,69.27083333333334,65.09114583333333,69.53125,14,128,0
mobilenet_v2-fp6_e2m3-default-b2,sat.w16,uniform,16,128,65.09114583333333,65.09114583333333,65.625,0,7,0
mobilenet_v2-fp6_e2m3-default-b2,sat.w17,uniform,17,128,65.09114583333333,65.09114583333333,65.625,0,0,0
mobilenet_v2-fp6_e2m3-default-b2,sat.w18,uniform,18,128,65.09114583333333,65.09114583333333,65.625,0,0,0
mobilenet_v2-fp6_e2m3-default-b2,sat.w20,uniform,20,128,65.09114583333333,65.09114583333333,65.625,0,0,0
mobilenet_v2-fp7_e3m3-default-b2,control,control,,128,70.44270833333333,70.44270833333333,72.65625,0,0,0
mobilenet_v2-fp7_e3m3-default-b2,f21,f21,0,128,69.79166666666667,70.44270833333333,70.3125,16,0,0
mobilenet_v2-fp7_e3m3-default-b2,fp16.x-3,fp16,-3,128,72.33072916666666,70.44270833333333,73.4375,13,0,0
mobilenet_v2-fp7_e3m3-default-b2,sat.struct-1,per_node,1,128,68.61979166666667,70.44270833333333,70.3125,18,128,0
mobilenet_v2-fp7_e3m3-default-b2,sat.struct-2,per_node,2,128,10.807291666666668,70.44270833333333,10.9375,114,128,0
mobilenet_v2-fp7_e3m3-default-b2,sat.struct-3,per_node,3,128,0.0,70.44270833333333,0.0,128,128,0
mobilenet_v2-fp7_e3m3-default-b2,sat.w18,uniform,18,128,0.0,70.44270833333333,0.0,128,128,0
mobilenet_v2-fp7_e3m3-default-b2,sat.w19,uniform,19,128,0.0,70.44270833333333,0.0,128,128,0
mobilenet_v2-fp7_e3m3-default-b2,sat.w20,uniform,20,128,0.0,70.44270833333333,0.0,128,128,0
mobilenet_v2-fp7_e3m3-default-b2,sat.w21,uniform,21,128,0.0,70.44270833333333,0.0,128,128,0
mobilenet_v2-fp7_e3m3-default-b2,sat.w22,uniform,22,128,44.921875,70.44270833333333,45.3125,59,128,0
mobilenet_v2-fp7_e3m3-default-b2,sat.w23,uniform,23,128,71.35416666666667,70.44270833333333,72.65625,3,124,0
mobilenet_v2-fp7_e3m3-default-b2,sat.w24,uniform,24,128,70.44270833333333,70.44270833333333,72.65625,0,0,0
mobilenet_v2-fp7_e3m3-default-b2,sat.w26,uniform,26,128,70.44270833333333,70.44270833333333,72.65625,0,0,0
mobilenet_v2-fp7_e3m3-default-b2,sat.w28,uniform,28,128,70.44270833333333,70.44270833333333,72.65625,0,0,0
mobilenet_v2-fp8_e4m3fn-default-b2,control,control,,128,71.35416666666667,71.35416666666667,72.65625,0,0,0
mobilenet_v2-fp8_e4m3fn-default-b2,f21,f21,0,128,73.17708333333333,71.35416666666667,74.21875,9,0,0
mobilenet_v2-fp8_e4m3fn-default-b2,fp16.x-11,fp16,-11,128,69.27083333333333,71.35416666666667,68.75,14,0,0
mobilenet_v2-fp8_e4m3fn-default-b2,sat.struct-1,per_node,1,128,69.01041666666666,71.35416666666667,71.09375,10,128,0
mobilenet_v2-fp8_e4m3fn-default-b2,sat.struct-2,per_node,2,128,10.807291666666666,71.35416666666667,11.71875,114,128,0
mobilenet_v2-fp8_e4m3fn-default-b2,sat.struct-3,per_node,3,128,0.0,71.35416666666667,0.0,128,128,0
mobilenet_v2-fp8_e4m3fn-default-b2,sat.w34,uniform,34,128,0.0,71.35416666666667,0.0,128,128,0
mobilenet_v2-fp8_e4m3fn-default-b2,sat.w35,uniform,35,128,0.0,71.35416666666667,0.0,128,128,0
mobilenet_v2-fp8_e4m3fn-default-b2,sat.w36,uniform,36,128,0.0,71.35416666666667,0.0,128,128,0
mobilenet_v2-fp8_e4m3fn-default-b2,sat.w37,uniform,37,128,0.0,71.35416666666667,0.0,128,128,0
mobilenet_v2-fp8_e4m3fn-default-b2,sat.w38,uniform,38,128,44.140625,71.35416666666667,45.3125,59,128,0
mobilenet_v2-fp8_e4m3fn-default-b2,sat.w39,uniform,39,128,71.74479166666667,71.35416666666667,72.65625,3,127,0
mobilenet_v2-fp8_e4m3fn-default-b2,sat.w40,uniform,40,128,71.35416666666667,71.35416666666667,72.65625,0,0,0
mobilenet_v2-fp8_e4m3fn-default-b2,sat.w42,uniform,42,128,71.35416666666667,71.35416666666667,72.65625,0,0,0
mobilenet_v2-fp8_e4m3fn-default-b2,sat.w44,uniform,44,128,71.35416666666667,71.35416666666667,72.65625,0,0,0
mobilenet_v3_large-int8-default-b2,control,control,,128,75.0,75.0,74.21875,0,0,0
mobilenet_v3_large-int8-default-b2,f21,f21,0,128,71.09375,75.0,72.65625,8,0,0
mobilenet_v3_large-int8-default-b2,f21.x-8,f21,-8,128,71.09375,75.0,72.65625,8,0,0
mobilenet_v3_large-int8-default-b2,fp16.x-10,fp16,-10,128,71.484375,75.0,71.875,11,0,0
mobilenet_v3_large-int8-default-b2,fp16.x-11,fp16,-11,128,71.484375,75.0,71.875,11,0,0
mobilenet_v3_large-int8-default-b2,fp16.x-5,fp16,-5,128,71.484375,75.0,71.875,11,0,0
mobilenet_v3_large-int8-default-b2,fp16.x-6,fp16,-6,128,71.484375,75.0,71.875,11,0,0
mobilenet_v3_large-int8-default-b2,fp16.x-7,fp16,-7,128,71.484375,75.0,71.875,11,0,0
mobilenet_v3_large-int8-default-b2,fp16.x-8,fp16,-8,128,71.484375,75.0,71.875,11,0,0
mobilenet_v3_large-int8-default-b2,fp16.x-9,fp16,-9,128,71.484375,75.0,71.875,11,0,0
mobilenet_v3_large-int8-default-b2,sat.struct-1,per_node,1,128,75.0,75.0,74.21875,0,36,0
mobilenet_v3_large-int8-default-b2,sat.struct-2,per_node,2,128,74.609375,75.0,75.0,6,128,0
mobilenet_v3_large-int8-default-b2,sat.struct-3,per_node,3,128,30.078125,75.0,29.6875,87,128,0
mobilenet_v3_large-int8-default-b2,sat.struct-4,per_node,4,128,0.0,75.0,0.0,128,128,0
mobilenet_v3_large-int8-default-b2,sat.w15,uniform,15,128,0.0,75.0,0.0,128,128,0
mobilenet_v3_large-int8-default-b2,sat.w16,uniform,16,128,0.0,75.0,0.0,128,128,0
mobilenet_v3_large-int8-default-b2,sat.w17,uniform,17,128,18.359375,75.0,18.75,98,128,0
mobilenet_v3_large-int8-default-b2,sat.w18,uniform,18,128,68.75,75.0,69.53125,20,128,0
mobilenet_v3_large-int8-default-b2,sat.w19,uniform,19,128,75.0,75.0,74.21875,0,1,0
mobilenet_v3_large-int8-default-b2,sat.w20,uniform,20,128,75.0,75.0,74.21875,0,0,0
mobilenet_v3_large-int8-default-b2,sat.w21,uniform,21,128,75.0,75.0,74.21875,0,0,0
mobilenet_v3_large-int8-default-b2,sat.w23,uniform,23,128,75.0,75.0,74.21875,0,0,0
mobilenet_v3_large-int6-default-b2,control,control,,128,22.05307904411765,22.05307904411765,24.21875,0,0,0
mobilenet_v3_large-int6-default-b2,f21,f21,0,128,24.39682904411765,22.05307904411765,27.34375,28,0,0
mobilenet_v3_large-int6-default-b2,fp16.x-4,fp16,-4,128,20.86371527777778,22.05307904411765,21.09375,85,0,0
mobilenet_v3_large-int6-default-b2,sat.w11,uniform,11,128,0.0,22.05307904411765,0.0,128,128,0
mobilenet_v3_large-int6-default-b2,sat.w12,uniform,12,128,0.0,22.05307904411765,0.0,128,128,0
mobilenet_v3_large-int6-default-b2,sat.w13,uniform,13,128,2.5390625,22.05307904411765,3.125,121,128,0
mobilenet_v3_large-int6-default-b2,sat.w14,uniform,14,128,20.617802148033128,22.05307904411765,23.4375,77,128,0
mobilenet_v3_large-int6-default-b2,sat.w15,uniform,15,128,22.05307904411765,22.05307904411765,24.21875,0,1,0
mobilenet_v3_large-int6-default-b2,sat.w16,uniform,16,128,22.05307904411765,22.05307904411765,24.21875,0,0,0
mobilenet_v3_large-int6-default-b2,sat.w17,uniform,17,128,22.05307904411765,22.05307904411765,24.21875,0,0,0
mobilenet_v3_large-int6-default-b2,sat.w19,uniform,19,128,22.05307904411765,22.05307904411765,24.21875,0,0,0
mobilenet_v3_large-fp6_e2m3-default-b2,control,control,,128,58.463541666666664,58.463541666666664,60.15625,0,0,0
mobilenet_v3_large-fp6_e2m3-default-b2,f21,f21,0,128,60.41666666666667,58.463541666666664,62.5,26,0,0
mobilenet_v3_large-fp6_e2m3-default-b2,fp16,fp16,0,128,61.65364583333333,58.463541666666664,62.5,33,0,0
mobilenet_v3_large-fp6_e2m3-default-b2,sat.struct-1,per_node,1,128,58.463541666666664,58.463541666666664,60.15625,0,48,0
mobilenet_v3_large-fp6_e2m3-default-b2,sat.struct-2,per_node,2,128,59.375,58.463541666666664,60.9375,33,128,0
mobilenet_v3_large-fp6_e2m3-default-b2,sat.struct-3,per_node,3,128,6.510416666666667,58.463541666666664,6.25,120,128,0
mobilenet_v3_large-fp6_e2m3-default-b2,sat.struct-4,per_node,4,128,0.0,58.463541666666664,0.0,127,128,0
mobilenet_v3_large-fp6_e2m3-default-b2,sat.w12,uniform,12,128,0.0,58.463541666666664,0.0,128,128,0
mobilenet_v3_large-fp6_e2m3-default-b2,sat.w13,uniform,13,128,0.0,58.463541666666664,0.0,128,128,0
mobilenet_v3_large-fp6_e2m3-default-b2,sat.w14,uniform,14,128,5.989583333333333,58.463541666666664,5.46875,120,128,0
mobilenet_v3_large-fp6_e2m3-default-b2,sat.w15,uniform,15,128,31.4453125,58.463541666666664,32.03125,78,128,0
mobilenet_v3_large-fp6_e2m3-default-b2,sat.w16,uniform,16,128,58.072916666666664,58.463541666666664,59.375,1,31,0
mobilenet_v3_large-fp6_e2m3-default-b2,sat.w17,uniform,17,128,58.463541666666664,58.463541666666664,60.15625,0,0,0
mobilenet_v3_large-fp6_e2m3-default-b2,sat.w18,uniform,18,128,58.463541666666664,58.463541666666664,60.15625,0,0,0
mobilenet_v3_large-fp6_e2m3-default-b2,sat.w20,uniform,20,128,58.463541666666664,58.463541666666664,60.15625,0,0,0
mobilenet_v3_large-fp7_e3m3-default-b2,control,control,,128,75.0,75.0,74.21875,0,0,0
mobilenet_v3_large-fp7_e3m3-default-b2,f21,f21,0,128,71.875,75.0,71.09375,11,0,0
mobilenet_v3_large-fp7_e3m3-default-b2,f21.x-3,f21,-3,128,71.875,75.0,71.09375,11,0,0
mobilenet_v3_large-fp7_e3m3-default-b2,fp16,fp16,0,128,74.08854166666667,75.0,73.4375,15,0,0
mobilenet_v3_large-fp7_e3m3-default-b2,fp16.x-1,fp16,-1,128,74.08854166666667,75.0,73.4375,15,0,0
mobilenet_v3_large-fp7_e3m3-default-b2,fp16.x-2,fp16,-2,128,74.08854166666667,75.0,73.4375,15,0,0
mobilenet_v3_large-fp7_e3m3-default-b2,fp16.x-3,fp16,-3,128,74.08854166666667,75.0,73.4375,15,0,0
mobilenet_v3_large-fp7_e3m3-default-b2,fp16.x-4,fp16,-4,128,74.08854166666667,75.0,73.4375,15,0,0
mobilenet_v3_large-fp7_e3m3-default-b2,fp16.x-5,fp16,-5,128,74.08854166666667,75.0,73.4375,15,0,0
mobilenet_v3_large-fp7_e3m3-default-b2,fp16.x-6,fp16,-6,128,74.08854166666667,75.0,73.4375,15,0,0
mobilenet_v3_large-fp7_e3m3-default-b2,sat.struct-1,per_node,1,128,75.0,75.0,74.21875,0,0,0
mobilenet_v3_large-fp7_e3m3-default-b2,sat.struct-2,per_node,2,128,75.0,75.0,74.21875,0,63,0
mobilenet_v3_large-fp7_e3m3-default-b2,sat.struct-3,per_node,3,128,74.21875,75.0,73.4375,12,128,0
mobilenet_v3_large-fp7_e3m3-default-b2,sat.struct-4,per_node,4,128,18.75,75.0,19.53125,100,128,0
mobilenet_v3_large-fp7_e3m3-default-b2,sat.struct-5,per_node,5,128,0.0,75.0,0.0,128,128,0
mobilenet_v3_large-fp7_e3m3-default-b2,sat.w18,uniform,18,128,0.0,75.0,0.0,128,128,0
mobilenet_v3_large-fp7_e3m3-default-b2,sat.w19,uniform,19,128,0.0,75.0,0.0,128,128,0
mobilenet_v3_large-fp7_e3m3-default-b2,sat.w20,uniform,20,128,0.0,75.0,0.0,128,128,0
mobilenet_v3_large-fp7_e3m3-default-b2,sat.w21,uniform,21,128,13.997395833333334,75.0,13.28125,105,128,0
mobilenet_v3_large-fp7_e3m3-default-b2,sat.w22,uniform,22,128,57.6171875,75.0,59.375,39,128,0
mobilenet_v3_large-fp7_e3m3-default-b2,sat.w23,uniform,23,128,75.0,75.0,74.21875,0,9,0
mobilenet_v3_large-fp7_e3m3-default-b2,sat.w24,uniform,24,128,75.0,75.0,74.21875,0,0,0
mobilenet_v3_large-fp7_e3m3-default-b2,sat.w26,uniform,26,128,75.0,75.0,74.21875,0,0,0
mobilenet_v3_large-fp7_e3m3-default-b2,sat.w28,uniform,28,128,75.0,75.0,74.21875,0,0,0
mobilenet_v3_large-fp8_e4m3fn-default-b2,control,control,,128,73.046875,72.65625,70.3125,1,0,0
mobilenet_v3_large-fp8_e4m3fn-default-b2,f21,f21,0,128,73.828125,72.65625,71.875,11,0,0
mobilenet_v3_large-fp8_e4m3fn-default-b2,fp16.x-11,fp16,-11,128,74.609375,72.65625,73.4375,10,0,0
mobilenet_v3_large-fp8_e4m3fn-default-b2,sat.struct-1,per_node,1,128,72.65625,72.65625,69.53125,0,0,0
mobilenet_v3_large-fp8_e4m3fn-default-b2,sat.struct-2,per_node,2,128,73.046875,72.65625,69.53125,1,62,0
mobilenet_v3_large-fp8_e4m3fn-default-b2,sat.struct-3,per_node,3,128,72.65625,72.65625,71.09375,9,128,0
mobilenet_v3_large-fp8_e4m3fn-default-b2,sat.struct-4,per_node,4,128,16.666666666666664,72.65625,16.40625,104,128,0
mobilenet_v3_large-fp8_e4m3fn-default-b2,sat.struct-5,per_node,5,128,0.0,72.65625,0.0,128,128,0
mobilenet_v3_large-fp8_e4m3fn-default-b2,sat.w34,uniform,34,128,0.0,72.65625,0.0,128,128,0
mobilenet_v3_large-fp8_e4m3fn-default-b2,sat.w35,uniform,35,128,0.0,72.65625,0.0,128,128,0
mobilenet_v3_large-fp8_e4m3fn-default-b2,sat.w36,uniform,36,128,0.0,72.65625,0.0,128,128,0
mobilenet_v3_large-fp8_e4m3fn-default-b2,sat.w37,uniform,37,128,16.627604166666664,72.65625,16.40625,102,128,0
mobilenet_v3_large-fp8_e4m3fn-default-b2,sat.w38,uniform,38,128,59.244791666666664,72.65625,57.8125,39,128,0
mobilenet_v3_large-fp8_e4m3fn-default-b2,sat.w39,uniform,39,128,73.046875,72.65625,70.3125,1,6,0
mobilenet_v3_large-fp8_e4m3fn-default-b2,sat.w40,uniform,40,128,72.65625,72.65625,69.53125,0,0,0
mobilenet_v3_large-fp8_e4m3fn-default-b2,sat.w42,uniform,42,128,72.65625,72.65625,69.53125,0,0,0
mobilenet_v3_large-fp8_e4m3fn-default-b2,sat.w44,uniform,44,128,72.65625,72.65625,69.53125,0,0,0
