model,recipe,format,family,bits,top1,vs_int8,vs_int8_low,vs_int8_high,class_int8,vs_same_width_integer,vs_same_width_integer_low,vs_same_width_integer_high,class_same_width_integer
resnet18,default,int8,integer,8,69.2167,,,,anchor,,,,anchor
resnet18,default,int6,integer,6,65.8917,-3.325,-4.85,-1.8331,separated_below,,,,anchor
resnet18,default,int5,integer,5,13.6912,-55.5255,-58.48,-52.4562,separated_below,,,,anchor
resnet18,default,int4,integer,4,0.1287,-69.088,-71.8752,-66.2068,separated_below,,,,anchor
resnet18,default,q1_6,fixed_point,8,69.1667,-0.05,-0.6833,0.55,within_one_point,-0.05,-0.6833,0.55,within_one_point
resnet18,default,fp8_e4m3fn,float,8,67.6658,-1.5508,-2.8708,-0.2258,separated_below,-1.5508,-2.8708,-0.2258,separated_below
resnet18,default,fp8_e5m2,float,8,61.178,-8.0387,-9.982,-6.1179,separated_below,-8.0387,-9.982,-6.1179,separated_below
resnet18,default,fp7_e3m3,float,7,67.4825,-1.7342,-2.9542,-0.5083,separated_below,,,,no_anchor
resnet18,default,fp6_e3m2,float,6,53.6235,-15.5931,-18.038,-13.1998,separated_below,-12.2681,-14.3158,-10.2937,separated_below
resnet18,default,fp6_e2m3,float,6,66.6567,-2.56,-4.0834,-1.1217,separated_below,0.765,-0.4183,1.92,within_one_point
resnet18,default,fp5_e2m2,float,5,39.094,-30.1227,-32.9973,-27.293,separated_below,25.4028,23.1111,27.7357,separated_above
resnet18,default,fp4_e2m1,float,4,0.0856,-69.131,-71.9195,-66.2582,separated_below,-0.043,-0.1396,0.0414,within_one_point
resnet18,default,bfp6,shared_exponent,6,66.8033,-2.4133,-3.7435,-1.1467,separated_below,0.9117,-0.3,2.1567,within_one_point
resnet18,default,mxfp8_e4m3,shared_exponent,8,67.7086,-1.5081,-2.7964,-0.2366,separated_below,-1.5081,-2.7964,-0.2366,separated_below
resnet18,default,mxfp6_e3m2,shared_exponent,6,51.6136,-17.603,-20.0304,-15.2167,separated_below,-14.278,-16.3962,-12.217,separated_below
resnet18,default,mxfp4_e2m1,shared_exponent,4,0.15,-69.0667,-71.9,-66.1833,separated_below,0.0213,-0.1083,0.2045,within_one_point
resnet18,default,posit8_es1,posit,8,69.6333,0.4167,-0.4333,1.2337,within_one_point,0.4167,-0.4333,1.2337,within_one_point
resnet18,default,posit6_es1,posit,6,59.595,-9.6216,-11.7701,-7.5121,separated_below,-6.2966,-7.989,-4.6364,separated_below
resnet18,default,posit4_es0,posit,4,0.0537,-69.1629,-71.9536,-66.2861,separated_below,-0.075,-0.159,-0.0063,within_one_point
resnet18,default,log8,logarithmic,8,68.085,-1.1317,-2.36,0.0933,not_resolved,-1.1317,-2.36,0.0933,not_resolved
resnet18,default,log6,logarithmic,6,54.5428,-14.6739,-17.0064,-12.3417,separated_below,-11.3489,-13.3743,-9.3732,separated_below
resnet18,default,log4,logarithmic,4,0.0725,-69.1442,-71.9333,-66.2583,separated_below,-0.0562,-0.1304,0.0061,within_one_point
resnet18,default,nf4,codebook,4,0.2522,-68.9645,-71.7615,-66.0784,separated_below,0.1235,-0.0162,0.3096,within_one_point
resnet18,default,binary_pm1,binary_ternary,1,0.1009,-69.1158,-71.9066,-66.2354,separated_below,,,,no_anchor
resnet18,default,ternary,binary_ternary,2,0.1,-69.1167,-71.9084,-66.2381,separated_below,,,,no_anchor
resnet18,minimal,int8,integer,8,69.72,,,,anchor,,,,anchor
resnet18,minimal,int6,integer,6,65.8317,-3.8883,-5.5367,-2.2433,separated_below,,,,anchor
resnet18,minimal,int5,integer,5,52.1808,-17.5392,-19.8329,-15.2599,separated_below,,,,anchor
resnet18,minimal,int4,integer,4,17.1396,-52.5804,-55.4498,-49.68,separated_below,,,,anchor
resnet18,minimal,q1_6,fixed_point,8,69.72,0.0,0.0,0.0,within_one_point,0.0,0.0,0.0,within_one_point
resnet18,minimal,fp8_e4m3fn,float,8,68.62,-1.1,-2.3367,0.1367,not_resolved,-1.1,-2.3367,0.1367,not_resolved
resnet18,minimal,fp8_e5m2,float,8,62.968,-6.752,-8.5566,-4.9948,separated_below,-6.752,-8.5566,-4.9948,separated_below
resnet18,minimal,fp7_e3m3,float,7,68.415,-1.305,-2.575,-0.0833,separated_below,,,,no_anchor
resnet18,minimal,fp6_e3m2,float,6,62.9108,-6.8092,-8.6295,-5.0028,separated_below,-2.9209,-4.7803,-1.0346,separated_below
resnet18,minimal,fp6_e2m3,float,6,68.001,-1.719,-3.1084,-0.3332,separated_below,2.1693,0.6633,3.7684,separated_above
resnet18,minimal,fp5_e2m2,float,5,56.8791,-12.8409,-15.0631,-10.6439,separated_below,4.6983,2.623,6.7644,separated_above
resnet18,minimal,fp4_e2m1,float,4,19.2266,-50.4934,-53.3686,-47.5759,separated_below,2.087,0.1264,4.0579,separated_above
resnet18,minimal,bfp6,shared_exponent,6,69.045,-0.675,-1.9117,0.5917,within_one_point,3.2133,1.6033,4.9067,separated_above
resnet18,minimal,mxfp8_e4m3,shared_exponent,8,68.7117,-1.0083,-2.1784,0.1417,not_resolved,-1.0083,-2.1784,0.1417,not_resolved
resnet18,minimal,mxfp6_e3m2,shared_exponent,6,64.3779,-5.3421,-7.0063,-3.7064,separated_below,-1.4538,-3.204,0.2938,not_resolved
resnet18,minimal,mxfp4_e2m1,shared_exponent,4,40.0126,-29.7074,-32.3822,-27.0188,separated_below,22.8729,20.5169,25.2147,separated_above
resnet18,minimal,posit8_es1,posit,8,4.3667,-65.3533,-68.2867,-62.3998,separated_below,-65.3533,-68.2867,-62.3998,separated_below
resnet18,minimal,posit6_es1,posit,6,3.75,-65.97,-68.8301,-63.0416,separated_below,-62.0817,-64.87,-59.1666,separated_below
resnet18,minimal,posit4_es0,posit,4,24.0178,-45.7022,-48.4954,-42.853,separated_below,6.8782,4.8407,8.9721,separated_above
resnet18,minimal,log8,logarithmic,8,68.3567,-1.3633,-2.4817,-0.2817,separated_below,-1.3633,-2.4817,-0.2817,separated_below
resnet18,minimal,log6,logarithmic,6,61.5,-8.22,-10.1979,-6.2609,separated_below,-4.3317,-6.3213,-2.3665,separated_below
resnet18,minimal,log4,logarithmic,4,15.0874,-54.6326,-57.545,-51.6956,separated_below,-2.0522,-4.0931,0.0173,not_resolved
resnet18,minimal,nf4,codebook,4,34.42,-35.3,-37.9112,-32.6546,separated_below,17.2804,14.9363,19.6243,separated_above
resnet18,minimal,binary_pm1,binary_ternary,1,0.0979,-69.6221,-72.4053,-66.8052,separated_below,,,,no_anchor
resnet18,minimal,ternary,binary_ternary,2,0.1,-69.62,-72.4033,-66.803,separated_below,,,,no_anchor
mobilenet_v2,default,int8,integer,8,72.3,,,,anchor,,,,anchor
mobilenet_v2,default,int6,integer,6,70.0983,-2.2017,-3.7767,-0.6266,separated_below,,,,anchor
mobilenet_v2,default,int5,integer,5,32.55,-39.75,-42.7833,-36.8401,separated_below,,,,anchor
mobilenet_v2,default,int4,integer,4,0.1,-72.2,-74.9503,-69.3999,separated_below,,,,anchor
mobilenet_v2,default,q1_6,fixed_point,8,72.2,-0.1,-0.85,0.6,within_one_point,-0.1,-0.85,0.6,within_one_point
mobilenet_v2,default,fp8_e4m3fn,float,8,67.7083,-4.5917,-6.4085,-2.7917,separated_below,-4.5917,-6.4085,-2.7917,separated_below
mobilenet_v2,default,fp8_e5m2,float,8,23.2351,-49.0649,-52.1309,-45.9527,separated_below,-49.0649,-52.1309,-45.9527,separated_below
mobilenet_v2,default,fp7_e3m3,float,7,67.625,-4.675,-6.5083,-2.8833,separated_below,,,,no_anchor
mobilenet_v2,default,fp6_e3m2,float,6,20.8625,-51.4375,-54.5258,-48.2675,separated_below,-49.2358,-52.255,-46.1565,separated_below
mobilenet_v2,default,fp6_e2m3,float,6,66.235,-6.065,-7.93,-4.2082,separated_below,-3.8633,-5.4117,-2.35,separated_below
mobilenet_v2,default,fp5_e2m2,float,5,8.3108,-63.9892,-66.8979,-61.0316,separated_below,-24.2392,-26.5785,-21.9552,separated_below
mobilenet_v2,default,fp4_e2m1,float,4,0.1,-72.2,-74.9545,-69.4,separated_below,-0.0,-0.0109,0.015,within_one_point
mobilenet_v2,default,bfp6,shared_exponent,6,61.5167,-10.7833,-13.1,-8.55,separated_below,-8.5817,-10.72,-6.5733,separated_below
mobilenet_v2,default,mxfp8_e4m3,shared_exponent,8,66.75,-5.55,-7.4171,-3.6833,separated_below,-5.55,-7.4171,-3.6833,separated_below
mobilenet_v2,default,mxfp6_e3m2,shared_exponent,6,7.2333,-65.0667,-68.0083,-62.0583,separated_below,-62.865,-65.7334,-59.8866,separated_below
mobilenet_v2,default,mxfp4_e2m1,shared_exponent,4,0.0982,-72.2018,-74.9643,-69.3946,separated_below,-0.0018,-0.0579,0.0596,within_one_point
mobilenet_v2,default,posit8_es1,posit,8,72.3917,0.0917,-0.8419,1.0417,within_one_point,0.0917,-0.8419,1.0417,within_one_point
mobilenet_v2,default,posit6_es1,posit,6,18.789,-53.511,-56.5569,-50.3778,separated_below,-51.3093,-54.2951,-48.2949,separated_below
mobilenet_v2,default,posit4_es0,posit,4,0.1,-72.2,-74.9518,-69.3983,separated_below,-0.0,-0.0367,0.0347,within_one_point
mobilenet_v2,default,log8,logarithmic,8,68.1733,-4.1267,-5.8133,-2.4533,separated_below,-4.1267,-5.8133,-2.4533,separated_below
mobilenet_v2,default,log6,logarithmic,6,20.3369,-51.9631,-55.057,-48.7617,separated_below,-49.7614,-52.8081,-46.6897,separated_below
mobilenet_v2,default,log4,logarithmic,4,0.1,-72.2,-74.95,-69.4038,separated_below,0.0,-0.02,0.0227,within_one_point
mobilenet_v2,default,nf4,codebook,4,0.1014,-72.1986,-74.9503,-69.4005,separated_below,0.0014,-0.0351,0.0358,within_one_point
mobilenet_v2,default,binary_pm1,binary_ternary,1,0.1,-72.2,-74.9525,-69.3992,separated_below,,,,no_anchor
mobilenet_v2,default,ternary,binary_ternary,2,0.1,-72.2,-74.95,-69.4,separated_below,,,,no_anchor
mobilenet_v2,minimal,int8,integer,8,72.2833,,,,anchor,,,,anchor
mobilenet_v2,minimal,int6,integer,6,66.3083,-5.975,-7.8833,-4.0083,separated_below,,,,anchor
mobilenet_v2,minimal,int5,integer,5,31.4658,-40.8175,-44.0175,-37.7583,separated_below,,,,anchor
mobilenet_v2,minimal,int4,integer,4,0.4681,-71.8153,-74.5877,-68.9722,separated_below,,,,anchor
mobilenet_v2,minimal,q1_6,fixed_point,8,72.2833,0.0,0.0,0.0,within_one_point,0.0,0.0,0.0,within_one_point
mobilenet_v2,minimal,fp8_e4m3fn,float,8,66.6833,-5.6,-7.3667,-3.875,separated_below,-5.6,-7.3667,-3.875,separated_below
mobilenet_v2,minimal,fp8_e5m2,float,8,41.9421,-30.3413,-33.2744,-27.3923,separated_below,-30.3413,-33.2744,-27.3923,separated_below
mobilenet_v2,minimal,fp7_e3m3,float,7,66.5833,-5.7,-7.4583,-3.9917,separated_below,,,,no_anchor
mobilenet_v2,minimal,fp6_e3m2,float,6,42.6117,-29.6717,-32.66,-26.7533,separated_below,-23.6967,-26.585,-20.9517,separated_below
mobilenet_v2,minimal,fp6_e2m3,float,6,66.631,-5.6524,-7.4679,-3.8607,separated_below,0.3226,-1.5417,2.1952,within_one_point
mobilenet_v2,minimal,fp5_e2m2,float,5,41.0483,-31.235,-34.1168,-28.4183,separated_below,9.5825,6.8191,12.4176,separated_above
mobilenet_v2,minimal,fp4_e2m1,float,4,0.2487,-72.0347,-74.7568,-69.2407,separated_below,-0.2194,-0.717,0.2171,within_one_point
mobilenet_v2,minimal,bfp6,shared_exponent,6,62.9833,-9.3,-11.6167,-7.0167,separated_below,-3.325,-5.5667,-1.1583,separated_below
mobilenet_v2,minimal,mxfp8_e4m3,shared_exponent,8,65.225,-7.0583,-9.1333,-5.0083,separated_below,-7.0583,-9.1333,-5.0083,separated_below
mobilenet_v2,minimal,mxfp6_e3m2,shared_exponent,6,41.9269,-30.3564,-33.2579,-27.4624,separated_below,-24.3814,-27.1667,-21.6638,separated_below
mobilenet_v2,minimal,mxfp4_e2m1,shared_exponent,4,0.2419,-72.0414,-74.7806,-69.2471,separated_below,-0.2262,-0.7222,0.2019,within_one_point
mobilenet_v2,minimal,posit8_es1,posit,8,0.1,-72.1833,-74.9333,-69.3833,separated_below,-72.1833,-74.9333,-69.3833,separated_below
mobilenet_v2,minimal,posit6_es1,posit,6,0.1,-72.1833,-74.9333,-69.3667,separated_below,-66.2083,-69.0085,-63.3167,separated_below
mobilenet_v2,minimal,posit4_es0,posit,4,0.1308,-72.1525,-74.8984,-69.3432,separated_below,-0.3372,-0.7798,0.0161,within_one_point
mobilenet_v2,minimal,log8,logarithmic,8,67.4083,-4.875,-6.7417,-3.0667,separated_below,-4.875,-6.7417,-3.0667,separated_below
mobilenet_v2,minimal,log6,logarithmic,6,47.4913,-24.792,-27.5624,-22.0867,separated_below,-18.817,-21.4532,-16.2563,separated_below
mobilenet_v2,minimal,log4,logarithmic,4,0.1135,-72.1699,-74.9025,-69.3881,separated_below,-0.3546,-0.7977,0.0135,within_one_point
mobilenet_v2,minimal,nf4,codebook,4,1.4993,-70.784,-73.5877,-67.9457,separated_below,1.0312,0.3403,1.7435,separated_above
mobilenet_v2,minimal,binary_pm1,binary_ternary,1,0.1001,-72.1832,-74.9017,-69.3996,separated_below,,,,no_anchor
mobilenet_v2,minimal,ternary,binary_ternary,2,0.1001,-72.1833,-74.9019,-69.3982,separated_below,,,,no_anchor
mobilenet_v3_large,default,int8,integer,8,71.6,,,,anchor,,,,anchor
mobilenet_v3_large,default,int6,integer,6,20.9952,-50.6048,-53.6657,-47.522,separated_below,,,,anchor
mobilenet_v3_large,default,int5,integer,5,8.0592,-63.5408,-66.4388,-60.5411,separated_below,,,,anchor
mobilenet_v3_large,default,int4,integer,4,0.1032,-71.4968,-74.2469,-68.595,separated_below,,,,anchor
mobilenet_v3_large,default,q1_6,fixed_point,8,71.9667,0.3667,-0.9337,1.6667,within_one_point,0.3667,-0.9337,1.6667,within_one_point
mobilenet_v3_large,default,fp8_e4m3fn,float,8,71.6583,0.0583,-1.8333,1.975,within_one_point,0.0583,-1.8333,1.975,within_one_point
mobilenet_v3_large,default,fp8_e5m2,float,8,46.5743,-25.0257,-27.8181,-22.3688,separated_below,-25.0257,-27.8181,-22.3688,separated_below
mobilenet_v3_large,default,fp7_e3m3,float,7,71.125,-0.475,-2.275,1.3917,within_one_point,,,,no_anchor
mobilenet_v3_large,default,fp6_e3m2,float,6,44.5736,-27.0264,-29.9608,-24.1647,separated_below,23.5784,20.9047,26.3194,separated_above
mobilenet_v3_large,default,fp6_e2m3,float,6,58.425,-13.175,-15.7333,-10.6833,separated_below,37.4298,34.4732,40.4474,separated_above
mobilenet_v3_large,default,fp5_e2m2,float,5,10.6253,-60.9747,-63.8917,-57.9604,separated_below,2.5662,0.6945,4.4717,separated_above
mobilenet_v3_large,default,fp4_e2m1,float,4,0.123,-71.477,-74.2171,-68.5884,separated_below,0.0198,-0.0692,0.1112,within_one_point
mobilenet_v3_large,default,bfp6,shared_exponent,6,57.125,-14.475,-17.1083,-11.9083,separated_below,36.1298,33.0356,39.1417,separated_above
mobilenet_v3_large,default,mxfp8_e4m3,shared_exponent,8,70.9167,-0.6833,-2.5833,1.2167,within_one_point,-0.6833,-2.5833,1.2167,within_one_point
mobilenet_v3_large,default,mxfp6_e3m2,shared_exponent,6,43.0369,-28.5631,-31.5022,-25.7141,separated_below,22.0417,19.4171,24.7576,separated_above
mobilenet_v3_large,default,mxfp4_e2m1,shared_exponent,4,0.4094,-71.1906,-73.9269,-68.3239,separated_below,0.3062,0.0473,0.6226,within_one_point
mobilenet_v3_large,default,posit8_es1,posit,8,73.3583,1.7583,-0.1833,3.7,not_resolved,1.7583,-0.1833,3.7,not_resolved
mobilenet_v3_large,default,posit6_es1,posit,6,42.91,-28.69,-31.6052,-25.8333,separated_below,21.9148,19.2525,24.5418,separated_above
mobilenet_v3_large,default,posit4_es0,posit,4,0.1145,-71.4855,-74.2365,-68.6029,separated_below,0.0113,-0.0832,0.0887,within_one_point
mobilenet_v3_large,default,log8,logarithmic,8,69.8333,-1.7667,-3.7419,0.1667,not_resolved,-1.7667,-3.7419,0.1667,not_resolved
mobilenet_v3_large,default,log6,logarithmic,6,53.1583,-18.4417,-21.1534,-15.7616,separated_below,32.1631,29.2357,35.0117,separated_above
mobilenet_v3_large,default,log4,logarithmic,4,0.0756,-71.5244,-74.2747,-68.634,separated_below,-0.0276,-0.1222,0.0505,within_one_point
mobilenet_v3_large,default,nf4,codebook,4,2.1693,-69.4307,-72.2082,-66.4961,separated_below,2.0661,1.3536,2.8397,separated_above
mobilenet_v3_large,default,binary_pm1,binary_ternary,1,0.099,-71.501,-74.2506,-68.6026,separated_below,,,,no_anchor
mobilenet_v3_large,default,ternary,binary_ternary,2,0.1,-71.5,-74.25,-68.6,separated_below,,,,no_anchor
mobilenet_v3_large,minimal,int8,integer,8,70.15,,,,anchor,,,,anchor
mobilenet_v3_large,minimal,int6,integer,6,2.55,-67.6,-70.5,-64.7,separated_below,,,,anchor
mobilenet_v3_large,minimal,int5,integer,5,0.7583,-69.3917,-72.1833,-66.5331,separated_below,,,,anchor
mobilenet_v3_large,minimal,int4,integer,4,0.1,-70.05,-72.8,-67.2,separated_below,,,,anchor
mobilenet_v3_large,minimal,q1_6,fixed_point,8,70.15,0.0,0.0,0.0,within_one_point,0.0,0.0,0.0,within_one_point
mobilenet_v3_large,minimal,fp8_e4m3fn,float,8,68.4583,-1.6917,-3.6667,0.275,not_resolved,-1.6917,-3.6667,0.275,not_resolved
mobilenet_v3_large,minimal,fp8_e5m2,float,8,45.1529,-24.9971,-27.9041,-22.0846,separated_below,-24.9971,-27.9041,-22.0846,separated_below
mobilenet_v3_large,minimal,fp7_e3m3,float,7,69.05,-1.1,-2.925,0.6917,not_resolved,,,,no_anchor
mobilenet_v3_large,minimal,fp6_e3m2,float,6,42.2833,-27.8667,-30.7612,-25.0637,separated_below,39.7333,36.9003,42.5423,separated_above
mobilenet_v3_large,minimal,fp6_e2m3,float,6,36.7667,-33.3833,-36.3917,-30.4333,separated_below,34.2167,31.2331,37.1583,separated_above
mobilenet_v3_large,minimal,fp5_e2m2,float,5,0.9476,-69.2024,-72.0357,-66.2904,separated_below,0.1893,-0.5024,0.9095,within_one_point
mobilenet_v3_large,minimal,fp4_e2m1,float,4,0.1413,-70.0087,-72.7794,-67.1805,separated_below,0.0413,-0.2028,0.2021,within_one_point
mobilenet_v3_large,minimal,bfp6,shared_exponent,6,47.4917,-22.6583,-25.5833,-19.7667,separated_below,44.9417,41.8831,47.9,separated_above
mobilenet_v3_large,minimal,mxfp8_e4m3,shared_exponent,8,66.0167,-4.1333,-6.4833,-1.7998,separated_below,-4.1333,-6.4833,-1.7998,separated_below
mobilenet_v3_large,minimal,mxfp6_e3m2,shared_exponent,6,28.1454,-42.0046,-45.0887,-38.9068,separated_below,25.5954,22.9626,28.225,separated_above
mobilenet_v3_large,minimal,mxfp4_e2m1,shared_exponent,4,0.15,-70.0,-72.8,-67.1625,separated_below,0.05,-0.25,0.35,within_one_point
mobilenet_v3_large,minimal,posit8_es1,posit,8,0.0,-70.15,-72.9,-67.3,separated_below,-70.15,-72.9,-67.3,separated_below
mobilenet_v3_large,minimal,posit6_es1,posit,6,0.1,-70.05,-72.8,-67.1988,separated_below,-2.45,-3.45,-1.55,separated_below
mobilenet_v3_large,minimal,posit4_es0,posit,4,0.2083,-69.9417,-72.7335,-67.0748,separated_below,0.1083,-0.2,0.425,within_one_point
mobilenet_v3_large,minimal,log8,logarithmic,8,69.3617,-0.7883,-2.7601,1.1284,within_one_point,-0.7883,-2.7601,1.1284,within_one_point
mobilenet_v3_large,minimal,log6,logarithmic,6,15.9041,-54.2459,-57.185,-51.1722,separated_below,13.3541,11.264,15.4991,separated_above
mobilenet_v3_large,minimal,log4,logarithmic,4,0.0533,-70.0967,-72.8434,-67.2832,separated_below,-0.0467,-0.28,0.12,within_one_point
mobilenet_v3_large,minimal,nf4,codebook,4,0.2033,-69.9467,-72.73,-67.0967,separated_below,0.1033,-0.2,0.42,within_one_point
mobilenet_v3_large,minimal,binary_pm1,binary_ternary,1,0.0869,-70.0631,-72.8435,-67.226,separated_below,,,,no_anchor
mobilenet_v3_large,minimal,ternary,binary_ternary,2,0.0557,-70.0943,-72.8452,-67.2464,separated_below,,,,no_anchor
