model,format,family,bits,recipe,arm,configuration,stage1_cell,top1_expected,top1_lowest_index,top1_topk,top5_expected,top5_lowest_index,tied_top1_images,tied_top1_images_involving_label,largest_top1_tie,d_fp32,d_fp32_low,d_fp32_high,d_int8,d_int8_low,d_int8_high,d5_fp32,d5_fp32_low,d5_fp32_high,lowest_d_fp32,lowest_d_fp32_low,lowest_d_fp32_high,lowest_mcnemar_p,lowest_d_int8,lowest_d_int8_low,lowest_d_int8_high,median_sqnr_db,min_sqnr_db,median_entropy_bits,median_levels_used_fraction,median_fraction_at_extremes,max_fraction_at_extremes,median_fraction_zero,median_fraction_blocks_clipped
mobilenet_v2,bfp6,bfp,6,cum1_fused,intrinsic,55864fe2a398,False,63.9083,64.2,63.7,84.37,84.3,76,38,5,-8.1917,-10.5669,-5.9,-8.375,-10.6583,-6.1415,-6.73,-8.5934,-4.91,-7.9,-10.3,-5.6,5.8e-11,-7.9,-10.2,-5.6,30.0106,26.1124,4.0179,0.5,0.0005,0.0037,0.2551,0.0
mobilenet_v2,bfp6,bfp,6,cum5_act_maxabs,intrinsic,5d7960b2cf56,False,65.6,65.8,65.8,86.9417,86.9,81,41,4,-6.5,-8.5333,-4.5,-6.7,-8.65,-4.8167,-4.1583,-5.6333,-2.7333,-6.3,-8.4,-4.2,7.98e-09,-6.2,-8.2,-4.1,29.9354,26.4359,4.0461,0.5,0.0005,0.0037,0.2493,0.0
mobilenet_v2,bfp6,bfp,6,default,matrix,cf4ce6e31461,False,61.5167,61.2,61.4,83.45,83.3,66,31,5,-10.5833,-12.95,-8.25,-10.7833,-13.1,-8.55,-7.65,-9.4333,-5.9083,-10.9,-13.3,-8.5,3.31e-18,-10.8,-13.2,-8.4,30.5026,27.0671,4.097,0.5,0.005,0.0222,0.2471,0.1114
mobilenet_v2,bfp6,bfp,6,minimal,matrix,afb24c1c7f4a,False,62.9833,62.5,61.9,85.1067,84.9,81,43,3,-9.1167,-11.5,-6.7833,-9.3,-11.6167,-7.0167,-5.9933,-7.7702,-4.2133,-9.6,-12.0,-7.2,8.42e-15,-9.6,-12.0,-7.2,30.5391,26.7737,4.0508,0.5,0.0048,0.0222,0.2556,0.1102
mobilenet_v2,binary_pm1,binary,1,default,matrix,2fed1651c926,False,0.1,0.1,0.1,0.5,0.5,1000,474,474,-72.0,-74.7992,-69.0996,-72.2,-74.9525,-69.3992,-90.6,-92.2958,-88.7957,-72.0,-74.7,-69.2,3.63e-217,-71.9,-74.6,-69.1,1.4403,-11.8158,0.9955,1.0,1.0,1.0,0.0,
mobilenet_v2,binary_pm1,binary,1,minimal,matrix,af6cbcf6bb1e,False,0.1001,0.1,0.1,0.5005,0.5,1000,971,992,-71.9999,-74.7996,-69.1002,-72.1832,-74.9017,-69.3996,-90.5995,-92.299,-88.8001,-72.0,-74.7,-69.2,3.63e-217,-72.0,-74.7,-69.2,1.4463,0.184,0.9941,1.0,1.0,1.0,0.0,
mobilenet_v2,fp32,fp32,32,baseline,baseline,e03255e42277,True,72.1,72.1,72.1,91.1,91.1,0,0,1,,,,,,,,,,,,,,,,,,,,,,,,
mobilenet_v2,fp4_e2m1,float,4,default,matrix,cb2cc3debb7e,False,0.1,0.1,0.1,0.5,0.5,1000,22,25,-72.0,-74.7909,-69.1181,-72.2,-74.9545,-69.4,-90.6,-92.3274,-88.7862,-72.0,-74.8,-69.2,6.55e-215,-71.9,-74.7,-69.1,17.6731,0.0,2.4116,0.5385,0.0063,0.0836,0.3806,
mobilenet_v2,fp4_e2m1,float,4,minimal,matrix,0a1c07cd580f,False,0.2487,0.2,0.3,0.9263,1.1,707,7,20,-71.8513,-74.6334,-68.9572,-72.0347,-74.7568,-69.2407,-90.1737,-91.9379,-88.2802,-71.9,-74.6,-69.1,7.25e-217,-71.9,-74.6,-69.1,17.6599,9.1284,2.506,0.5385,0.0143,0.1027,0.3371,
mobilenet_v2,fp5_e2m2,float,5,default,matrix,4f43781589fe,False,8.3108,10.1,8.0,15.7751,17.1,854,100,128,-63.7892,-66.708,-60.8081,-63.9892,-66.8979,-61.0316,-75.3249,-77.8818,-72.6265,-62.0,-65.0,-59.0,1.16e-179,-61.9,-64.9,-58.9,23.9958,4.1539,3.3388,0.5172,0.0008,0.079,0.2692,
mobilenet_v2,fp5_e2m2,float,5,minimal,matrix,51b80fbfe5bc,False,41.0483,42.2,40.1,69.4,70.3,372,195,8,-31.0517,-34.0,-28.2583,-31.235,-34.1168,-28.4183,-21.7,-24.2794,-19.0801,-29.9,-33.1,-26.7,2.91e-64,-29.9,-33.1,-26.7,24.098,18.0002,3.4442,0.5172,0.001,0.0779,0.2704,
mobilenet_v2,fp6_e2m3,float,6,default,matrix,4d284610ef87,True,66.235,65.4,66.9,87.1363,86.9,152,87,7,-5.865,-7.7884,-3.9232,-6.065,-7.93,-4.2082,-3.9637,-5.3805,-2.5798,-6.7,-8.8,-4.5,1.43e-09,-6.6,-8.7,-4.5,30.2815,16.6389,4.2359,0.5082,0.0001,0.056,0.2546,
mobilenet_v2,fp6_e2m3,float,6,minimal,matrix,1e42d417424a,True,66.631,66.5,66.6,88.8324,88.7,129,74,7,-5.469,-7.3632,-3.5916,-5.6524,-7.4679,-3.8607,-2.2676,-3.5589,-0.9986,-5.6,-7.7,-3.5,1.11e-07,-5.6,-7.5,-3.6,30.2423,24.4315,4.2057,0.5082,0.0001,0.0566,0.2435,
mobilenet_v2,fp6_e3m2,float,6,default,matrix,df29802f2ff5,False,20.8625,21.1,21.4,32.9183,33.7,442,78,10,-51.2375,-54.3925,-48.085,-51.4375,-54.5258,-48.2675,-58.1817,-61.1213,-55.1051,-51.0,-54.2,-47.9,1.9e-140,-50.9,-54.1,-47.8,25.6144,21.2696,4.0761,0.5082,0.0,0.0531,0.2134,
mobilenet_v2,fp6_e3m2,float,6,minimal,matrix,a48d4e238c04,False,42.6117,43.2,42.0,67.5162,67.6,333,154,7,-29.4883,-32.52,-26.5417,-29.6717,-32.66,-26.7533,-23.5838,-26.3439,-20.8681,-28.9,-32.1,-25.7,3.65e-61,-28.9,-32.1,-25.8,25.6154,25.512,4.0571,0.5082,0.0,0.0603,0.2356,
mobilenet_v2,fp7_e3m3,float,7,default,matrix,359105e3b7c5,True,67.625,67.3,67.9,87.2833,87.6,115,63,5,-4.475,-6.375,-2.5667,-4.675,-6.5083,-2.8833,-3.8167,-5.2333,-2.475,-4.8,-6.9,-2.7,8e-06,-4.7,-6.7,-2.7,31.5894,30.9267,4.857,0.504,0.0,0.0558,0.2094,
mobilenet_v2,fp7_e3m3,float,7,minimal,matrix,eb68c8b43440,False,66.5833,66.9,66.4,87.49,87.5,115,66,4,-5.5167,-7.3833,-3.7,-5.7,-7.4583,-3.9917,-3.61,-4.9317,-2.3683,-5.2,-7.2,-3.2,2.45e-07,-5.2,-7.1,-3.3,31.6003,31.4377,4.8036,0.504,0.0,0.0568,0.235,
mobilenet_v2,fp8_e4m3fn,float,8,default,matrix,41aa80268e35,True,67.7083,67.9,68.1,87.7317,87.6,135,77,4,-4.3917,-6.2667,-2.525,-4.5917,-6.4085,-2.7917,-3.3683,-4.7167,-2.055,-4.2,-6.3,-2.1,8.98e-05,-4.1,-6.2,-2.0,31.5939,31.4806,4.9813,0.502,0.0,0.0558,0.209,
mobilenet_v2,fp8_e4m3fn,float,8,minimal,matrix,4dec35e20389,False,66.6833,66.9,66.9,87.7867,87.8,136,81,4,-5.4167,-7.3252,-3.5667,-5.6,-7.3667,-3.875,-3.3133,-4.6933,-1.98,-5.2,-7.2,-3.2,4.33e-07,-5.2,-7.1,-3.4,31.5996,31.4882,4.9189,0.502,0.0,0.0568,0.2345,
mobilenet_v2,fp8_e5m2,float,8,default,matrix,dec403f2de33,False,23.2351,24.2,22.8,36.9858,37.5,410,78,13,-48.8649,-51.97,-45.7198,-49.0649,-52.1309,-45.9527,-54.1142,-57.1081,-51.0535,-47.9,-51.0,-44.7,3e-130,-47.8,-50.9,-44.6,25.6094,25.4739,4.2001,0.3806,0.0,0.0684,0.2119,
mobilenet_v2,fp8_e5m2,float,8,minimal,matrix,bc919f907f2b,False,41.9421,42.5,41.5,67.0452,67.6,328,155,9,-30.1579,-33.1317,-27.2023,-30.3413,-33.2744,-27.3923,-24.0548,-26.7695,-21.3852,-29.6,-32.8,-26.4,4.35e-66,-29.6,-32.8,-26.5,25.6166,25.0371,4.195,0.3846,0.0,0.0663,0.2423,
mobilenet_v2,int4,integer,4,default,matrix,ac771f06692d,True,0.1,0.1,0.1,0.5,0.5,1000,20,27,-72.0,-74.79,-69.1149,-72.2,-74.9503,-69.3999,-90.6,-92.325,-88.775,-72.0,-74.8,-69.2,6.55e-215,-71.9,-74.7,-69.1,21.6282,0.4836,2.7555,1.0,0.3107,0.9999,0.369,
mobilenet_v2,int4,integer,4,minimal,matrix,3e1bfb1efff5,True,0.4681,0.4,0.5,1.3815,1.5,562,3,134,-71.6319,-74.4145,-68.7444,-71.8153,-74.5877,-68.9722,-89.7185,-91.5009,-87.8335,-71.7,-74.4,-68.9,2.9e-216,-71.7,-74.4,-68.9,18.4153,8.629,2.5931,0.5,0.0133,0.0879,0.3689,
mobilenet_v2,int5,integer,5,default,matrix,d94a9210cf9d,False,32.55,33.5,33.0,47.7513,50.4,631,416,120,-39.55,-42.5986,-36.5844,-39.75,-42.7833,-36.8401,-43.3487,-46.3164,-40.3678,-38.6,-41.8,-35.5,6.15e-97,-38.5,-41.7,-35.4,27.3447,3.9025,3.4059,1.0,0.2715,0.9941,0.2816,
mobilenet_v2,int5,integer,5,minimal,matrix,f3d847224562,False,31.4658,33.1,30.7,56.5921,56.5,296,124,8,-40.6342,-43.8092,-37.5749,-40.8175,-44.0175,-37.7583,-34.5079,-37.5233,-31.5999,-39.0,-42.2,-35.9,4.53e-98,-39.0,-42.2,-35.8,23.2902,16.8595,3.1956,0.5,0.0015,0.0649,0.2896,
mobilenet_v2,int6,integer,6,default,matrix,6a9e008b2389,True,70.0983,70.3,70.5,88.6608,88.7,104,60,5,-2.0017,-3.6183,-0.345,-2.2017,-3.7767,-0.6266,-2.4392,-3.5479,-1.3662,-1.8,-3.7,0.1,0.0725,-1.7,-3.5,0.1,33.4708,15.7513,4.2539,1.0,0.2593,0.9737,0.2512,
mobilenet_v2,int6,integer,6,minimal,matrix,a1f261d1bf9e,True,66.3083,66.2,66.4,87.1726,87.1,74,42,4,-5.7917,-7.7167,-3.8667,-5.975,-7.8833,-4.0083,-3.9274,-5.35,-2.6083,-5.9,-7.9,-3.9,1.22e-08,-5.9,-7.9,-3.9,28.13,18.2566,3.9781,0.5,0.0005,0.0547,0.2494,
mobilenet_v2,int8,integer,8,default,matrix,20906e6fa79e,True,72.3,72.0,72.0,91.0167,91.2,14,8,3,0.2,-0.6,0.95,0.0,0.0,0.0,-0.0833,-0.65,0.4667,-0.1,-0.8,0.7,1.0,0.0,0.0,0.0,45.6029,30.1423,5.7706,1.0,0.2515,0.9522,0.2369,
mobilenet_v2,int8,integer,8,minimal,matrix,a76563b4af53,True,72.2833,72.1,72.2,90.45,90.5,21,12,3,0.1833,-0.8167,1.2,0.0,0.0,0.0,-0.65,-1.35,0.0167,0.0,-1.0,1.0,1.0,0.0,0.0,0.0,39.7333,30.2226,5.403,0.5,0.0001,0.0486,0.238,
mobilenet_v2,log4,logarithmic,4,default,matrix,efa6bbaaea4b,False,0.1,0.1,0.1,0.5,0.5,1000,26,29,-72.0,-74.7886,-69.1115,-72.2,-74.95,-69.4038,-90.6,-92.3346,-88.7808,-72.0,-74.8,-69.2,6.55e-215,-71.9,-74.7,-69.1,16.4878,0.0,2.4715,0.5,0.0,0.0973,0.367,
mobilenet_v2,log4,logarithmic,4,minimal,matrix,d8c4f8bab66a,False,0.1135,0.2,0.0,0.6656,0.7,743,5,12,-71.9865,-74.7589,-69.1079,-72.1699,-74.9025,-69.3881,-90.4344,-92.1827,-88.5558,-71.9,-74.7,-69.1,1.31e-214,-71.9,-74.7,-69.1,16.4956,11.9466,2.4651,0.5,0.0002,0.1129,0.3701,
mobilenet_v2,log6,logarithmic,6,default,matrix,50b0e16cedc6,False,20.3369,21.1,20.4,31.2788,31.8,436,68,8,-51.7631,-54.8912,-48.4847,-51.9631,-55.057,-48.7617,-59.8212,-62.8149,-56.6988,-51.0,-54.2,-47.9,2.57e-139,-50.9,-54.1,-47.8,25.935,16.1479,3.884,0.375,0.0,0.0,0.2463,
mobilenet_v2,log6,logarithmic,6,minimal,matrix,2ae4d9a65bcf,False,47.4913,46.7,47.6,73.9901,73.3,382,199,9,-24.6087,-27.4843,-21.8661,-24.792,-27.5624,-22.0867,-17.1099,-19.4762,-14.8132,-25.4,-28.5,-22.4,1.87e-54,-25.4,-28.5,-22.4,25.9742,24.7301,3.8658,0.375,0.0,0.0,0.2404,
mobilenet_v2,log8,logarithmic,8,default,matrix,f17c9af62c25,True,68.1733,67.9,67.8,87.6593,87.9,111,64,6,-3.9267,-5.6767,-2.1733,-4.1267,-5.8133,-2.4533,-3.4407,-4.799,-2.1274,-4.2,-6.1,-2.3,2.64e-05,-4.1,-6.0,-2.3,32.0766,31.8079,4.961,0.375,0.0,0.0,0.2094,
mobilenet_v2,log8,logarithmic,8,minimal,matrix,1800adfa9ebe,False,67.4083,67.0,67.1,88.1533,88.0,116,69,4,-4.6917,-6.6085,-2.8831,-4.875,-6.7417,-3.0667,-2.9467,-4.2784,-1.645,-5.1,-7.2,-3.0,1.73e-06,-5.1,-7.1,-3.1,32.0956,31.9867,4.9172,0.375,0.0,0.0,0.2325,
mobilenet_v2,mxfp4_e2m1,mx_float,4,cum1_fused,intrinsic,5c8f18b5cd7a,False,0.2445,0.1,0.6,1.1802,1.0,622,7,22,-71.8555,-74.6347,-68.9756,-72.0388,-74.7752,-69.2494,-89.9198,-91.698,-88.0537,-72.0,-74.7,-69.2,3.63e-217,-72.0,-74.7,-69.2,18.7352,15.8089,2.7703,0.5333,0.0119,0.1355,0.3271,0.0
mobilenet_v2,mxfp4_e2m1,mx_float,4,cum5_act_maxabs,intrinsic,3f0109dd0d77,False,0.0964,0.1,0.1,0.4821,0.5,999,7,9,-72.0036,-74.7875,-69.1179,-72.2036,-74.9679,-69.3928,-90.6179,-92.3786,-88.7535,-72.0,-74.8,-69.2,6.55e-215,-71.9,-74.7,-69.1,18.7742,16.5796,2.7676,0.5333,0.0116,0.1033,0.2806,0.0
mobilenet_v2,mxfp4_e2m1,mx_float,4,default,matrix,9647ceeb8f3a,False,0.0982,0.1,0.1,0.4911,0.5,1000,7,9,-72.0018,-74.7858,-69.1196,-72.2018,-74.9643,-69.3946,-90.6089,-92.3661,-88.7375,-72.0,-74.8,-69.2,6.55e-215,-71.9,-74.7,-69.1,19.0038,17.4611,2.8073,0.5333,0.03,0.1169,0.2769,0.225
mobilenet_v2,mxfp4_e2m1,mx_float,4,minimal,matrix,a7a7b14b1256,False,0.2419,0.3,0.3,1.1652,1.0,669,9,29,-71.8581,-74.6413,-68.9999,-72.0414,-74.7806,-69.2471,-89.9348,-91.7237,-88.0716,-71.8,-74.6,-69.0,2.61e-214,-71.8,-74.6,-69.0,19.0331,16.4788,2.7747,0.5333,0.03,0.1355,0.3269,0.2155
mobilenet_v2,mxfp6_e3m2,mx_float,6,cum1_fused,intrinsic,4e8b43f9c3b5,False,41.9001,41.9,43.0,66.0431,65.2,341,146,9,-30.1999,-33.1991,-27.329,-30.3832,-33.3574,-27.4474,-25.0569,-27.7288,-22.3753,-30.2,-33.3,-27.1,1.16e-70,-30.2,-33.3,-27.1,25.5622,24.9189,4.0045,0.5079,0.0037,0.0404,0.2335,0.0
mobilenet_v2,mxfp6_e3m2,mx_float,6,cum5_act_maxabs,intrinsic,167b8d4e3342,False,8.4292,8.3,8.8,14.1672,15.0,683,39,9,-63.6708,-66.675,-60.6417,-63.8708,-66.8125,-60.8417,-76.9328,-79.5438,-74.2828,-63.8,-66.8,-60.9,2.26e-188,-63.7,-66.7,-60.8,25.5608,24.9805,4.1575,0.5079,0.0037,0.0404,0.2144,0.0
mobilenet_v2,mxfp6_e3m2,mx_float,6,default,matrix,bb4ec972ac49,False,7.2333,7.6,6.7,13.4883,13.7,696,33,8,-64.8667,-67.8333,-61.8081,-65.0667,-68.0083,-62.0583,-77.6117,-80.1898,-74.9252,-64.5,-67.4,-61.6,1.81e-190,-64.4,-67.4,-61.5,25.562,24.9956,4.1576,0.5079,0.0052,0.0409,0.2144,0.0164
mobilenet_v2,mxfp6_e3m2,mx_float,6,minimal,matrix,e725580cce64,False,41.9269,42.1,43.0,65.3875,65.8,349,157,7,-30.1731,-33.0946,-27.3088,-30.3564,-33.2579,-27.4624,-25.7125,-28.402,-23.0288,-30.0,-33.2,-26.8,6.89e-69,-30.0,-33.2,-26.8,25.5627,24.9363,4.0098,0.5079,0.0049,0.0409,0.2334,0.0156
mobilenet_v2,mxfp8_e4m3,mx_float,8,cum1_fused,intrinsic,f0d7f6087f94,False,65.225,64.9,65.7,85.2823,85.6,157,87,6,-6.875,-8.9333,-4.8498,-7.0583,-9.1333,-5.0083,-5.8177,-7.5078,-4.1732,-7.2,-9.3,-5.1,5.02e-11,-7.2,-9.3,-5.1,31.537,30.25,4.8689,0.502,0.0017,0.0206,0.2346,0.0
mobilenet_v2,mxfp8_e4m3,mx_float,8,cum5_act_maxabs,intrinsic,79f3c5f544b4,False,66.5583,66.9,66.9,85.5952,85.7,128,72,5,-5.5417,-7.4417,-3.625,-5.7417,-7.675,-3.8665,-5.5048,-7.1429,-3.9333,-5.2,-7.3,-3.1,1.18e-06,-5.1,-7.2,-3.0,31.5393,30.5382,4.942,0.502,0.0017,0.0206,0.2106,0.0
mobilenet_v2,mxfp8_e4m3,mx_float,8,default,matrix,d5a52a6d6553,False,66.75,66.6,67.3,85.9017,85.7,115,57,5,-5.35,-7.25,-3.4167,-5.55,-7.4171,-3.6833,-5.1983,-6.8133,-3.6633,-5.5,-7.6,-3.4,2.2e-07,-5.4,-7.5,-3.3,31.537,30.5382,4.942,0.502,0.0017,0.0206,0.2106,0.0
mobilenet_v2,mxfp8_e4m3,mx_float,8,minimal,matrix,44d804f1f6fd,False,65.225,64.9,65.6,85.2823,85.6,157,87,6,-6.875,-8.9333,-4.8498,-7.0583,-9.1333,-5.0083,-5.8177,-7.5078,-4.1732,-7.2,-9.3,-5.1,5.02e-11,-7.2,-9.3,-5.1,31.537,30.25,4.8689,0.502,0.0017,0.0206,0.2346,0.0
mobilenet_v2,nf4,codebook,4,default,matrix,7e4d3d8c1667,True,0.1014,0.2,0.1,0.5068,0.6,1000,58,64,-71.9986,-74.7884,-69.1072,-72.1986,-74.9503,-69.4005,-90.5932,-92.3005,-88.7836,-71.9,-74.6,-69.1,7.25e-217,-71.8,-74.5,-69.0,19.9145,1.3093,2.7153,0.5625,0.0033,0.0938,0.3315,
mobilenet_v2,nf4,codebook,4,minimal,matrix,bce5ce4d5d6b,False,1.4993,1.8,1.2,4.9002,5.4,528,23,12,-70.6007,-73.3926,-67.7155,-70.784,-73.5877,-67.9457,-86.1998,-88.2769,-84.0445,-70.3,-73.1,-67.4,4.41e-206,-70.3,-73.1,-67.4,20.0334,12.9489,2.8806,0.5625,0.0056,0.0969,0.2989,
mobilenet_v2,posit4_es0,posit,4,default,matrix,63d4a5758e87,False,0.1,0.1,0.1,0.5,0.5,1000,59,65,-72.0,-74.7915,-69.1034,-72.2,-74.9518,-69.3983,-90.6,-92.3068,-88.7831,-72.0,-74.7,-69.2,3.63e-217,-71.9,-74.6,-69.1,18.1123,0.6313,2.4592,0.5333,0.0,0.0042,0.3531,
mobilenet_v2,posit4_es0,posit,4,minimal,matrix,614455ecc5ef,False,0.1308,0.0,0.3,0.8252,0.9,773,7,12,-71.9692,-74.7642,-69.0817,-72.1525,-74.8984,-69.3432,-90.2748,-92.0841,-88.3509,-72.1,-74.8,-69.3,1.81e-217,-72.1,-74.8,-69.3,18.1501,12.8491,2.5844,0.5333,0.0003,0.0074,0.3229,
mobilenet_v2,posit6_es1,posit,6,default,matrix,8fde26339e90,False,18.789,19.1,18.4,31.3241,32.2,597,110,21,-53.311,-56.3885,-50.1797,-53.511,-56.5569,-50.3778,-59.7759,-62.683,-56.798,-53.0,-56.2,-49.9,9.47e-149,-52.9,-56.0,-49.8,25.5347,18.0383,3.9816,0.3968,0.0,0.0,0.2136,
mobilenet_v2,posit6_es1,posit,6,minimal,matrix,69aee58ea992,False,0.1,0.1,0.1,0.5404,0.5,772,2,15,-72.0,-74.8,-69.1,-72.1833,-74.9333,-69.3667,-90.5596,-92.2718,-88.715,-72.0,-74.7,-69.2,3.63e-217,-72.0,-74.7,-69.2,25.5209,20.8578,3.983,0.3968,0.0,0.0,0.2748,
mobilenet_v2,posit8_es1,posit,8,default,matrix,d184fc93ab5b,True,72.3917,71.9,72.1,90.3167,90.4,56,37,4,0.2917,-0.7667,1.4,0.0917,-0.8419,1.0417,-0.7833,-1.5417,-0.0667,-0.2,-1.5,1.1,0.878,-0.1,-1.3,1.1,37.5069,35.5102,5.508,0.3804,0.0,0.0,0.2149,
mobilenet_v2,posit8_es1,posit,8,minimal,matrix,dc7675050986,True,0.1,0.1,0.1,0.5333,0.5,123,0,3,-72.0,-74.8,-69.1,-72.1833,-74.9333,-69.3833,-90.5667,-92.3,-88.7,-72.0,-74.7,-69.2,3.63e-217,-72.0,-74.7,-69.2,37.5105,33.1412,5.3173,0.3804,0.0,0.0,0.2712,
mobilenet_v2,q1_6,fixed_point,8,default,matrix,229e435d3522,False,72.2,72.3,72.3,90.6333,90.7,14,8,2,0.1,-0.65,0.85,-0.1,-0.85,0.6,-0.4667,-0.9833,-0.0167,0.2,-0.6,1.0,0.804,0.3,-0.5,1.1,39.7866,29.8236,5.3945,0.5,0.0001,0.0492,0.2388,
mobilenet_v2,q1_6,fixed_point,8,minimal,matrix,67cd0da4186e,False,72.2833,72.1,72.2,90.45,90.5,21,12,3,0.1833,-0.8167,1.2,0.0,0.0,0.0,-0.65,-1.35,0.0167,0.0,-1.0,1.0,1.0,0.0,0.0,0.0,39.7333,30.2226,5.403,0.5,0.0001,0.0486,0.238,
mobilenet_v2,ternary,ternary,2,default,matrix,f91c6c5dd207,False,0.1,0.1,0.1,0.5,0.5,1000,1000,1000,-72.0,-74.8,-69.1,-72.2,-74.95,-69.4,-90.6,-92.3,-88.8,-72.0,-74.7,-69.2,3.63e-217,-71.9,-74.6,-69.1,7.4592,0.0,0.8835,0.6667,0.2525,0.6283,0.7475,
mobilenet_v2,ternary,ternary,2,minimal,matrix,f9e75f8f6ede,False,0.1001,0.1,0.1,0.5004,0.5,1000,741,795,-71.9999,-74.7986,-69.1014,-72.1833,-74.9019,-69.3982,-90.5996,-92.2948,-88.8021,-72.0,-74.7,-69.2,3.63e-217,-72.0,-74.7,-69.2,7.0587,2.0974,0.9976,0.6667,0.5132,0.837,0.4868,
mobilenet_v3_large,bfp6,bfp,6,cum1_fused,intrinsic,f741b3713e95,False,42.4167,42.7,42.5,67.2902,67.3,82,36,4,-32.5833,-35.7333,-29.5,-27.7333,-30.7667,-24.75,-24.8098,-27.5931,-22.1464,-32.3,-35.4,-29.2975,1.06e-80,-27.2,-30.3,-24.1,29.1263,24.2904,4.7163,0.9375,0.0004,0.0037,0.0753,0.0
mobilenet_v3_large,bfp6,bfp,6,cum5_act_maxabs,intrinsic,6626c620a139,False,56.6,56.2,56.3,79.5583,79.4,75,41,3,-18.4,-21.0667,-15.7,-15.0,-17.7333,-12.25,-12.5417,-14.7752,-10.4498,-18.8,-21.5,-16.1,3.19e-39,-15.3,-18.1,-12.5,29.105,24.1943,4.6356,0.9375,0.0004,0.0037,0.0775,0.0
mobilenet_v3_large,bfp6,bfp,6,default,matrix,cbb0e065b9d3,False,57.125,56.8,57.5,79.9617,80.1,101,55,5,-17.875,-20.4667,-15.3415,-14.475,-17.1083,-11.9083,-12.1383,-14.3017,-9.9933,-18.2,-20.9,-15.6,1.55e-39,-14.7,-17.3,-12.1,29.5993,24.9743,4.7438,0.9688,0.0049,0.0422,0.0706,0.1092
mobilenet_v3_large,bfp6,bfp,6,minimal,matrix,b42243d850d2,False,47.4917,47.5,47.2,72.045,72.2,103,53,4,-27.5083,-30.5583,-24.5,-22.6583,-25.5833,-19.7667,-20.055,-22.6683,-17.58,-27.5,-30.6,-24.5,1.42e-61,-22.4,-25.4,-19.3,29.7297,24.8626,4.773,0.9375,0.005,0.0424,0.0691,0.1106
mobilenet_v3_large,binary_pm1,binary,1,default,matrix,fce8735ff4a3,False,0.099,0.1,0.1,0.4949,0.6,1000,500,807,-74.901,-77.6007,-72.2015,-71.501,-74.2506,-68.6026,-91.6051,-93.2167,-89.9068,-74.9,-77.5,-72.2,1.27e-223,-71.4,-74.1,-68.6,4.0028,-11.4518,0.9463,1.0,1.0,1.0,0.0,
mobilenet_v3_large,binary_pm1,binary,1,minimal,matrix,8a2e12671ee9,False,0.0869,0.2,0.0,0.4206,0.4,952,5,1000,-74.9131,-77.5998,-72.2296,-70.0631,-72.8435,-67.226,-91.6794,-93.3568,-89.9777,-74.8,-77.5,-72.1,2.54e-223,-69.7,-72.5,-66.8,2.4214,-128.228,0.9873,1.0,1.0,1.0,0.0,
mobilenet_v3_large,fp32,fp32,32,baseline,baseline,ec6dfe78ca9e,True,75.0,75.0,75.0,92.1,92.1,0,0,1,,,,,,,,,,,,,,,,,,,,,,,,
mobilenet_v3_large,fp4_e2m1,float,4,default,matrix,80558e45180d,False,0.123,0.2,0.3,0.6099,0.9,980,29,106,-74.877,-77.5674,-72.1946,-71.477,-74.2171,-68.5884,-91.4901,-93.1407,-89.7591,-74.8,-77.5,-72.1,1.35e-225,-71.3,-74.0,-68.5,16.2084,0.9784,2.4103,0.7692,0.0099,0.2115,0.2441,
mobilenet_v3_large,fp4_e2m1,float,4,minimal,matrix,16b9c255b14b,False,0.1413,0.0,0.1,0.7098,0.4,997,14,25,-74.8587,-77.5447,-72.1707,-70.0087,-72.7794,-67.1805,-91.3902,-93.0581,-89.6394,-75.0,-77.6,-72.3,3.38e-226,-69.9,-72.7,-67.1,16.5328,0.0,2.6929,0.7692,0.0203,0.3881,0.2235,
mobilenet_v3_large,fp5_e2m2,float,5,default,matrix,9e53d75a1aac,False,10.6253,10.5,10.0,24.1863,24.9,584,119,40,-64.3747,-67.3487,-61.3725,-60.9747,-63.8917,-57.9604,-67.9137,-70.5866,-65.2413,-64.5,-67.5,-61.4,3.42e-180,-61.0,-64.1,-58.0,22.9313,8.3498,3.3804,0.6552,0.0006,0.0464,0.1531,
mobilenet_v3_large,fp5_e2m2,float,5,minimal,matrix,ed853930ba7c,False,0.9476,1.2,1.0,2.9309,3.1,360,6,8,-74.0524,-76.7718,-71.3167,-69.2024,-72.0357,-66.2904,-89.1691,-91.0244,-87.2305,-73.8,-76.5,-71.0,1.48e-216,-68.7,-71.6,-65.8,22.7142,10.1431,3.3804,0.6897,0.0008,0.0501,0.1514,
mobilenet_v3_large,fp6_e2m3,float,6,default,matrix,637b7db07312,True,58.425,58.5,57.9,80.2012,80.1,150,80,4,-16.575,-19.1833,-14.0083,-13.175,-15.7333,-10.6833,-11.8988,-14.0545,-9.795,-16.5,-19.2,-13.9,3.2e-32,-13.0,-15.6,-10.4,28.8069,18.79,4.2593,0.6557,0.0001,0.041,0.0939,
mobilenet_v3_large,fp6_e2m3,float,6,minimal,matrix,a438eae2af2c,True,36.7667,37.9,35.9,61.8021,62.3,220,74,6,-38.2333,-41.3833,-35.1083,-33.3833,-36.3917,-30.4333,-30.2979,-33.2308,-27.4323,-37.1,-40.2,-34.0,1.07e-92,-32.0,-35.1,-28.9,28.7522,18.4457,4.2509,0.6557,0.0001,0.0404,0.0891,
mobilenet_v3_large,fp6_e3m2,float,6,default,matrix,2bf358d58600,False,44.5736,44.9,45.0,65.0204,65.5,258,109,8,-30.4264,-33.425,-27.5233,-27.0264,-29.9608,-24.1647,-27.0796,-29.7959,-24.3736,-30.1,-33.2,-27.0,2.18e-70,-26.6,-29.7,-23.6,25.5846,20.382,4.4188,0.6885,0.0,0.0,0.0388,
mobilenet_v3_large,fp6_e3m2,float,6,minimal,matrix,0c1fc7b5e447,False,42.2833,42.4,41.4,66.8035,66.8,318,134,12,-32.7167,-35.7108,-29.8237,-27.8667,-30.7612,-25.0637,-25.2965,-27.977,-22.6389,-32.6,-35.7,-29.5,1.32e-76,-27.5,-30.6,-24.5,25.569,20.738,4.4912,0.7049,0.0,0.0013,0.0361,
mobilenet_v3_large,fp7_e3m3,float,7,default,matrix,fed425d41037,True,71.125,71.3,71.0,90.2162,90.4,104,72,4,-3.875,-5.5,-2.25,-0.475,-2.275,1.3917,-1.8838,-2.8886,-0.9488,-3.7,-5.5,-1.9,7.4e-05,-0.2,-2.2,1.8,31.5482,27.8965,5.4516,0.688,0.0,0.0139,0.0164,
mobilenet_v3_large,fp7_e3m3,float,7,minimal,matrix,a60d5706574a,False,69.05,68.3,68.4,88.1925,88.0,116,64,5,-5.95,-7.775,-4.1583,-1.1,-2.925,0.6917,-3.9075,-5.3167,-2.5775,-6.7,-8.7,-4.7,3.8e-11,-1.6,-3.6,0.4,31.5466,28.1192,5.4998,0.688,0.0,0.0139,0.0171,
mobilenet_v3_large,fp8_e4m3fn,float,8,default,matrix,c37ab2eba88a,True,71.6583,71.5,71.6,90.135,90.2,111,77,4,-3.3417,-4.9417,-1.7667,0.0583,-1.8333,1.975,-1.965,-3.005,-0.99,-3.5,-5.3,-1.8,0.000127,0.0,-2.1,2.1,31.5861,30.1466,5.9215,0.7945,0.0,0.0139,0.0002,
mobilenet_v3_large,fp8_e4m3fn,float,8,minimal,matrix,985b66dcca02,False,68.4583,68.2,68.2,88.5067,88.2,118,69,4,-6.5417,-8.4752,-4.625,-1.6917,-3.6667,0.275,-3.5933,-5.0984,-2.1349,-6.8,-8.9,-4.7,9.29e-11,-1.7,-3.8,0.5,31.5858,30.0961,5.9241,0.7945,0.0,0.0139,0.0002,
mobilenet_v3_large,fp8_e5m2,float,8,default,matrix,09e1690591cc,False,46.5743,46.2,46.6,70.8848,71.3,279,128,8,-28.4257,-31.2574,-25.6638,-25.0257,-27.8181,-22.3688,-21.2152,-23.8067,-18.6739,-28.8,-31.8,-25.8,3.9e-70,-25.3,-28.3,-22.3,25.6356,23.0066,5.0049,0.5628,0.0,0.042,0.0,
mobilenet_v3_large,fp8_e5m2,float,8,minimal,matrix,69df577859cf,False,45.1529,45.6,44.9,70.3385,70.9,305,152,13,-29.8471,-32.8644,-26.8974,-24.9971,-27.9041,-22.0846,-21.7615,-24.3983,-19.2209,-29.4,-32.5,-26.3,1.12e-66,-24.3,-27.4,-21.2,25.6111,22.8759,5.0272,0.5628,0.0,0.0431,0.0001,
mobilenet_v3_large,int4,integer,4,default,matrix,70f4b9597858,True,0.1032,0.1,0.1,0.518,0.5,1000,7,80,-74.8968,-77.597,-72.1981,-71.4968,-74.2469,-68.595,-91.582,-93.2845,-89.8133,-74.9,-77.5,-72.2,1.27e-223,-71.4,-74.1,-68.6,17.2726,0.2876,2.5935,1.0,0.0091,1.0,0.2604,
mobilenet_v3_large,int4,integer,4,minimal,matrix,1cc38bff0fab,True,0.1,0.1,0.1,0.6469,0.7,381,0,12,-74.9,-77.6,-72.2,-70.05,-72.8,-67.2,-91.4531,-93.1931,-89.66,-74.9,-77.5,-72.3,6.75e-226,-69.8,-72.6,-67.0,16.2224,6.6834,2.7486,0.6875,0.0191,0.1981,0.2283,
mobilenet_v3_large,int5,integer,5,default,matrix,0ddb96c2a11d,False,8.0592,9.0,7.7,18.4992,18.8,652,119,157,-66.9408,-69.7942,-64.0397,-63.5408,-66.4388,-60.5411,-73.6008,-76.1818,-71.0002,-66.0,-69.1,-63.0,3.48e-182,-62.5,-65.7,-59.4,21.246,6.4864,3.3842,1.0,0.0047,1.0,0.1803,
mobilenet_v3_large,int5,integer,5,minimal,matrix,75dd0fe4a360,False,0.7583,0.9,0.6,2.0385,2.4,325,4,11,-74.2417,-76.95,-71.475,-69.3917,-72.1833,-66.5331,-90.0615,-91.8569,-88.1675,-74.1,-76.8,-71.4,3.22e-221,-69.0,-71.8,-66.2,20.7527,8.8258,3.238,0.625,0.0028,0.1284,0.181,
mobilenet_v3_large,int6,integer,6,default,matrix,5ddda738bae6,True,20.9952,20.9,21.1,37.5879,39.2,466,125,59,-54.0048,-57.0596,-50.9614,-50.6048,-53.6657,-47.522,-54.5121,-57.498,-51.5181,-54.1,-57.3,-51.0,2.12e-148,-50.6,-53.8,-47.4,26.0057,8.6866,3.9637,0.9375,0.0005,1.0,0.1256,
mobilenet_v3_large,int6,integer,6,minimal,matrix,979a45237583,True,2.55,2.5,2.5,7.0736,7.5,162,1,5,-72.45,-75.3,-69.6,-67.6,-70.5,-64.7,-85.0264,-87.1429,-82.8416,-72.5,-75.3,-69.7,1.15e-212,-67.4,-70.3,-64.5,25.4736,10.8164,3.9114,0.5938,0.0003,0.0395,0.1133,
mobilenet_v3_large,int8,integer,8,default,matrix,0c58078f4cb6,True,71.6,71.5,71.5,90.3167,90.4,13,6,2,-3.4,-5.25,-1.5,0.0,0.0,0.0,-1.7833,-3.0,-0.6333,-3.5,-5.4,-1.5,0.00049,0.0,0.0,0.0,36.1317,22.6065,5.3826,0.8867,0.0,1.0,0.0556,
mobilenet_v3_large,int8,integer,8,minimal,matrix,5d34bdae4f76,True,70.15,69.9,69.9,88.9167,88.9,23,9,3,-4.85,-6.8,-3.0,0.0,0.0,0.0,-3.1833,-4.5833,-1.8333,-5.1,-7.0025,-3.1,3.72e-07,0.0,0.0,0.0,35.4488,22.2984,5.2122,0.5,0.0,0.04,0.0556,
mobilenet_v3_large,log4,logarithmic,4,default,matrix,13a7b3eb5df0,False,0.0756,0.0,0.0,0.4646,0.2,831,47,123,-74.9244,-77.6218,-72.2296,-71.5244,-74.2747,-68.634,-91.6354,-93.2665,-89.9407,-75.0,-77.6,-72.3,3.38e-226,-71.5,-74.2,-68.7,16.4817,4.1114,2.5557,0.6875,0.0002,0.0675,0.2067,
mobilenet_v3_large,log4,logarithmic,4,minimal,matrix,ede6098f3d90,False,0.0533,0.1,0.0,0.6076,0.8,604,2,19,-74.9467,-77.6137,-72.26,-70.0967,-72.8434,-67.2832,-91.4924,-93.1651,-89.7664,-74.9,-77.5,-72.3,6.75e-226,-69.8,-72.6,-67.0,16.38,8.3886,2.6684,0.75,0.0005,0.0892,0.1907,
mobilenet_v3_large,log6,logarithmic,6,default,matrix,5d5c664314d7,False,53.1583,54.2,52.5,78.5931,78.8,274,159,6,-21.8417,-24.5534,-19.1283,-18.4417,-21.1534,-15.7616,-13.5069,-15.5869,-11.4396,-20.8,-23.7,-17.9,3.63e-42,-17.3,-20.2,-14.3,25.79,21.4021,4.3567,0.6562,0.0,0.0,0.0512,
mobilenet_v3_large,log6,logarithmic,6,minimal,matrix,311d65ed51e4,False,15.9041,16.8,14.9,30.6033,31.4,500,110,11,-59.0959,-62.1082,-56.0124,-54.2459,-57.185,-51.1722,-61.4967,-64.402,-58.5626,-58.2,-61.3,-55.1,1.28e-161,-53.1,-56.3,-50.0,25.7616,21.2687,4.414,0.7188,0.0,0.0,0.0482,
mobilenet_v3_large,log8,logarithmic,8,default,matrix,3e291d121cc7,True,69.8333,69.5,70.0,88.9333,89.1,114,73,4,-5.1667,-7.0417,-3.3167,-1.7667,-3.7419,0.1667,-3.1667,-4.5083,-1.9,-5.5,-7.6,-3.4,2.2e-07,-2.0,-4.2,0.2,32.0475,28.6517,5.9173,0.625,0.0,0.0139,0.0022,
mobilenet_v3_large,log8,logarithmic,8,minimal,matrix,5e583a9bb6aa,False,69.3617,68.9,69.3,88.5258,88.6,111,71,5,-5.6383,-7.5317,-3.8215,-0.7883,-2.7601,1.1284,-3.5742,-4.95,-2.275,-6.1,-8.1,-4.1,2.4e-09,-1.0,-3.1,1.1,32.0391,28.6414,5.9215,0.6328,0.0,0.0139,0.002,
mobilenet_v3_large,mxfp4_e2m1,mx_float,4,cum1_fused,intrinsic,32f78bb108c3,False,0.1226,0.1,0.0,0.809,0.9,703,6,21,-74.8774,-77.5692,-72.1791,-70.0274,-72.7958,-67.1881,-91.291,-93.0137,-89.515,-74.9,-77.5,-72.2,1.27e-223,-69.8,-72.6,-67.0,18.4404,15.5276,2.9931,1.0,0.0143,0.1394,0.1982,0.0
mobilenet_v3_large,mxfp4_e2m1,mx_float,4,cum5_act_maxabs,intrinsic,d8a17e93a400,False,0.4532,0.4,0.4,2.0299,2.2,640,11,22,-74.5468,-77.2552,-71.861,-71.1468,-73.8795,-68.2835,-90.0701,-91.8105,-88.2933,-74.6,-77.3,-71.9,1.01e-222,-71.1,-73.9,-68.3,18.5059,15.5276,2.9935,1.0,0.0144,0.12,0.1897,0.0
mobilenet_v3_large,mxfp4_e2m1,mx_float,4,default,matrix,fe2d9171df63,False,0.4094,0.2,0.6,1.7146,1.6,676,13,28,-74.5906,-77.2722,-71.8975,-71.1906,-73.9269,-68.3239,-90.3854,-92.1679,-88.5241,-74.8,-77.5,-72.1,1.35e-225,-71.3,-74.0,-68.5,18.9268,16.2099,3.1305,1.0,0.0344,0.2509,0.1669,0.2307
mobilenet_v3_large,mxfp4_e2m1,mx_float,4,minimal,matrix,acb5ddcf0c79,False,0.15,0.1,0.1,0.6039,0.6,629,3,17,-74.85,-77.5625,-72.15,-70.0,-72.8,-67.1625,-91.4961,-93.1873,-89.7535,-74.9,-77.5,-72.2,1.27e-223,-69.8,-72.6,-67.0,18.8456,17.0695,3.1103,1.0,0.0341,0.1878,0.1711,0.2441
mobilenet_v3_large,mxfp6_e3m2,mx_float,6,cum1_fused,intrinsic,6adcb37acfb9,False,28.991,30.8,28.9,51.4587,53.1,339,119,9,-46.009,-49.1241,-42.9483,-41.159,-44.2389,-38.1078,-40.6413,-43.6367,-37.7731,-44.2,-47.3,-41.0,1.89e-116,-39.1,-42.2,-36.0,25.5591,23.4899,5.2379,1.0,0.0042,0.0404,0.0187,0.0
mobilenet_v3_large,mxfp6_e3m2,mx_float,6,cum5_act_maxabs,intrinsic,2ee7812c0c20,False,44.9067,45.5,44.6,66.5203,67.0,267,111,7,-30.0933,-32.95,-27.1915,-26.6933,-29.5851,-23.7866,-25.5797,-28.2415,-22.9063,-29.5,-32.6,-26.4,9.53e-69,-26.0,-29.1,-23.0,25.5537,24.0846,5.2412,1.0,0.0043,0.0404,0.0155,0.0
mobilenet_v3_large,mxfp6_e3m2,mx_float,6,default,matrix,ba5a75b17ebb,False,43.0369,43.2,42.9,66.3019,66.7,290,132,9,-31.9631,-34.9709,-29.0043,-28.5631,-31.5022,-25.7141,-25.7981,-28.6221,-23.0727,-31.8,-35.0,-28.7,4.72e-75,-28.3,-31.4,-25.2,25.5499,24.033,5.1872,1.0,0.006,0.0409,0.0143,0.0195
mobilenet_v3_large,mxfp6_e3m2,mx_float,6,minimal,matrix,c39470e222aa,False,28.1454,29.3,27.6,51.6046,52.8,335,112,10,-46.8546,-50.0346,-43.746,-42.0046,-45.0887,-38.9068,-40.4954,-43.5246,-37.5773,-45.7,-48.9,-42.5,5.16e-118,-40.6,-43.8,-37.4,25.5603,23.4626,5.2362,1.0,0.006,0.0409,0.019,0.0176
mobilenet_v3_large,mxfp8_e4m3,mx_float,8,cum1_fused,intrinsic,8dabdbf5c93e,False,66.1667,65.4,65.6,87.1792,87.0,119,63,4,-8.8333,-11.1833,-6.5248,-3.9833,-6.275,-1.65,-4.9208,-6.5242,-3.3716,-9.6,-12.0,-7.2,8.42e-15,-4.5,-6.9025,-2.1,31.5532,30.7877,6.2472,0.9209,0.002,0.0206,0.0095,0.0
mobilenet_v3_large,mxfp8_e4m3,mx_float,8,cum5_act_maxabs,intrinsic,9e2fd883d48c,False,70.0617,70.0,69.3,89.4817,89.9,104,67,5,-4.9383,-6.6584,-3.2666,-1.5383,-3.4217,0.3533,-2.6183,-3.825,-1.495,-5.0,-6.9,-3.2,2.26e-07,-1.5,-3.6,0.6,31.5532,30.8076,6.2598,0.9249,0.002,0.0206,0.0081,0.0
mobilenet_v3_large,mxfp8_e4m3,mx_float,8,default,matrix,510685ec5d9e,False,70.9167,71.0,70.1,89.6733,89.6,97,59,4,-4.0833,-5.7333,-2.4581,-0.6833,-2.5833,1.2167,-2.4267,-3.6333,-1.2915,-4.0,-5.9,-2.2,2.97e-05,-0.5,-2.6,1.6,31.5468,30.8074,6.2613,0.9209,0.0021,0.0206,0.0081,0.0
mobilenet_v3_large,mxfp8_e4m3,mx_float,8,minimal,matrix,92bf4f8b465d,False,66.0167,65.2,65.5,87.1792,87.0,120,64,4,-8.9833,-11.325,-6.7,-4.1333,-6.4833,-1.7998,-4.9208,-6.5242,-3.3716,-9.8,-12.2,-7.4,1.29e-15,-4.7,-7.2,-2.3,31.5532,30.7877,6.2472,0.9209,0.002,0.0206,0.0095,0.0
mobilenet_v3_large,nf4,codebook,4,default,matrix,9de247e3e6e5,True,2.1693,2.0,2.2,7.2285,7.6,616,37,22,-72.8307,-75.5575,-70.0716,-69.4307,-72.2082,-66.4961,-84.8715,-86.9572,-82.711,-73.0,-75.7,-70.2,5.97e-216,-69.5,-72.3,-66.7,18.671,8.9173,2.7774,0.75,0.006,0.0827,0.1976,
mobilenet_v3_large,nf4,codebook,4,minimal,matrix,75152b7a3fb1,False,0.2033,0.1,0.2,0.62,0.6,513,3,11,-74.7967,-77.4837,-72.0898,-69.9467,-72.73,-67.0967,-91.48,-93.15,-89.75,-74.9,-77.5,-72.3,6.75e-226,-69.8,-72.6,-67.0,18.3183,6.9788,2.8419,0.8125,0.009,0.2048,0.1951,
mobilenet_v3_large,posit4_es0,posit,4,default,matrix,73081227d2bf,False,0.1145,0.1,0.2,0.5732,1.0,998,39,87,-74.8855,-77.5766,-72.1946,-71.4855,-74.2365,-68.6029,-91.5268,-93.1889,-89.8046,-74.9,-77.5,-72.3,6.75e-226,-71.4,-74.1,-68.6,17.0301,1.1048,2.5824,0.6667,0.0005,0.0661,0.2231,
mobilenet_v3_large,posit4_es0,posit,4,minimal,matrix,a46b398cf323,False,0.2083,0.3,0.3,0.6827,0.6,625,3,181,-74.7917,-77.5,-72.0833,-69.9417,-72.7335,-67.0748,-91.4173,-93.0923,-89.6673,-74.7,-77.4,-72.0,5.07e-223,-69.6,-72.4,-66.7,16.8479,0.0,2.6828,0.8,0.0018,0.1095,0.1954,
mobilenet_v3_large,posit6_es1,posit,6,default,matrix,9d77fb85407d,False,42.91,43.7,42.6,66.1712,66.3,308,129,22,-32.09,-35.0467,-29.2117,-28.69,-31.6052,-25.8333,-25.9288,-28.642,-23.2846,-31.3,-34.4,-28.2,5.31e-75,-27.8,-30.9,-24.7,25.4327,19.5744,4.171,0.619,0.0,0.0,0.0092,
mobilenet_v3_large,posit6_es1,posit,6,minimal,matrix,1501a3c5e355,False,0.1,0.1,0.1,0.4561,0.4,288,0,9,-74.9,-77.6,-72.2,-70.05,-72.8,-67.1988,-91.6439,-93.3,-89.905,-74.9,-77.5,-72.3,6.75e-226,-69.8,-72.6,-67.0,25.0142,0.0,4.3854,0.6349,0.0,0.0,0.0108,
mobilenet_v3_large,posit8_es1,posit,8,default,matrix,8c7426f2f188,True,73.3583,72.8,73.4,90.6667,90.6,47,29,4,-1.6417,-3.1085,-0.225,1.7583,-0.1833,3.7,-1.4333,-2.3833,-0.55,-2.2,-3.7,-0.7,0.00715,1.3,-0.8,3.3,37.313,34.2198,6.1145,0.6196,0.0,0.0,0.0006,
mobilenet_v3_large,posit8_es1,posit,8,minimal,matrix,7a8bf53fbf56,True,0.0,0.0,0.0,0.65,0.6,90,0,3,-75.0,-77.7,-72.3,-70.15,-72.9,-67.3,-91.45,-93.15,-89.7,-75.0,-77.6,-72.3,3.38e-226,-69.9,-72.7,-67.1,36.9712,0.0,6.2373,0.6118,0.0,0.0,0.0036,
mobilenet_v3_large,q1_6,fixed_point,8,default,matrix,9743d625b2de,False,71.9667,72.1,72.1,90.9,90.9,17,10,3,-3.0333,-4.9167,-1.2333,0.3667,-0.9337,1.6667,-1.2,-2.4,-0.05,-2.9,-4.8,-1.0,0.00311,0.6,-0.7,1.9,35.4059,22.3872,5.2374,0.5,0.0,0.0398,0.0555,
mobilenet_v3_large,q1_6,fixed_point,8,minimal,matrix,0137c9908dee,False,70.15,69.9,69.9,88.9167,88.9,23,9,3,-4.85,-6.8,-3.0,0.0,0.0,0.0,-3.1833,-4.5833,-1.8333,-5.1,-7.0025,-3.1,3.72e-07,0.0,0.0,0.0,35.4488,22.2984,5.2122,0.5,0.0,0.04,0.0556,
mobilenet_v3_large,ternary,ternary,2,default,matrix,bfb035e348b8,False,0.1,0.1,0.1,0.5,0.5,1000,1000,1000,-74.9,-77.6,-72.2,-71.5,-74.25,-68.6,-91.6,-93.2,-89.9,-74.9,-77.5,-72.3,6.75e-226,-71.4,-74.1,-68.6,6.3819,0.0,0.8349,0.6667,0.277,1.0,0.723,
mobilenet_v3_large,ternary,ternary,2,minimal,matrix,cc158addf7e7,False,0.0557,0.1,0.0,0.4321,0.5,795,557,1000,-74.9443,-77.6436,-72.2453,-70.0943,-72.8452,-67.2464,-91.6679,-93.2696,-89.9683,-74.9,-77.5,-72.3,6.75e-226,-69.8,-72.6,-67.0,5.458,0.0,0.9806,0.6667,0.4004,1.0,0.5996,
resnet18,bfp6,bfp,6,cum1_fused,intrinsic,75d37a98a14e,False,68.8167,68.6,69.2,88.3633,88.4,98,57,5,-1.2833,-2.6333,0.0583,-0.9033,-2.135,0.3183,-1.1367,-2.1083,-0.195,-1.5,-3.0,0.0,0.0769,-0.8,-2.3,0.6,30.0869,27.8831,4.0854,0.5,0.0007,0.0036,0.2504,0.0
resnet18,bfp6,bfp,6,cum5_act_maxabs,intrinsic,500207c5b88a,False,68.2,68.4,68.8,88.6625,88.8,107,60,4,-1.9,-3.1333,-0.7,-1.0167,-2.1333,0.0667,-0.8375,-1.6983,0.0083,-1.7,-3.1,-0.4,0.0213,-0.2,-1.5,1.2,30.0917,28.0216,4.0965,0.5,0.0007,0.0036,0.2503,0.0
resnet18,bfp6,bfp,6,default,matrix,1057c759fd76,False,66.8033,67.0,67.2,88.065,88.1,114,71,5,-3.2967,-4.7183,-1.9133,-2.4133,-3.7435,-1.1467,-1.435,-2.4683,-0.4416,-3.1,-4.7,-1.6,0.000152,-1.6,-3.1,-0.1,30.5371,28.6096,4.1882,0.5,0.0051,0.022,0.2484,0.0895
resnet18,bfp6,bfp,6,minimal,matrix,be4ea1c7ef5f,False,69.045,69.4,69.1,88.6767,89.1,108,61,5,-1.055,-2.38,0.2984,-0.675,-1.9117,0.5917,-0.8233,-1.755,0.1367,-0.7,-2.2,0.8,0.419,0.0,-1.4,1.4,30.5377,28.4424,4.1629,0.5,0.0049,0.022,0.2484,0.0893
resnet18,binary_pm1,binary,1,default,matrix,6eb960cdba4c,False,0.1009,0.1,0.1,0.5043,0.7,1000,513,588,-69.9991,-72.801,-67.1004,-69.1158,-71.9066,-66.2354,-88.9957,-90.8116,-87.0752,-70.0,-72.8,-67.2,3.8e-211,-68.5,-71.4,-65.7,-0.8188,-18.2653,0.8067,1.0,1.0,1.0,0.0,
resnet18,binary_pm1,binary,1,minimal,matrix,9fada2cdb58e,False,0.0979,0.1,0.1,0.4926,0.5,997,976,1000,-70.0021,-72.8021,-67.1023,-69.6221,-72.4053,-66.8052,-89.0074,-90.8084,-87.1057,-70.0,-72.8,-67.2,3.8e-211,-69.3,-72.1,-66.5,1.0245,0.1008,0.9826,1.0,1.0,1.0,0.0,
resnet18,fp32,fp32,32,baseline,baseline,32ddcdb09576,True,70.1,70.1,70.1,89.5,89.5,0,0,1,,,,,,,,,,,,,,,,,,,,,,,,
resnet18,fp4_e2m1,float,4,default,matrix,d51fd5fa3a9a,False,0.0856,0.1,0.2,0.4788,0.8,895,15,225,-70.0144,-72.8224,-67.1219,-69.131,-71.9195,-66.2582,-89.0212,-90.8604,-87.0553,-70.0,-72.8,-67.2,6.68e-209,-68.5,-71.3,-65.6,15.2767,1.1369,1.6795,0.5385,0.0011,0.0775,0.517,
resnet18,fp4_e2m1,float,4,minimal,matrix,0cdedb127baa,False,19.2266,18.1,20.1,45.0858,45.6,752,368,29,-50.8734,-53.7736,-47.9001,-50.4934,-53.3686,-47.5759,-44.4142,-47.1888,-41.6875,-52.0,-55.3,-48.8,3.99e-136,-51.3,-54.6,-48.1,16.5646,13.6504,2.3362,0.5385,0.0033,0.0775,0.3667,
resnet18,fp5_e2m2,float,5,default,matrix,bc09adf6ec80,False,39.094,39.6,38.1,62.1369,63.8,455,216,24,-31.006,-33.9467,-28.1207,-30.1227,-32.9973,-27.293,-27.3631,-29.9596,-24.8217,-30.5,-33.7,-27.3,4.56e-69,-29.0,-32.1,-25.9,22.0825,12.8869,2.7323,0.5172,0.0002,0.001,0.3141,
resnet18,fp5_e2m2,float,5,minimal,matrix,8b2a2fcc71e6,False,56.8791,56.9,56.9,82.9753,83.5,408,296,12,-13.2209,-15.4876,-10.9219,-12.8409,-15.0631,-10.6439,-6.5247,-8.1849,-4.9052,-13.2,-15.9,-10.5,1.73e-20,-12.5,-15.1,-9.8,22.3902,21.0899,3.2176,0.5172,0.0004,0.001,0.2624,
resnet18,fp6_e2m3,float,6,default,matrix,4252a3eff18a,True,66.6567,66.8,67.3,87.6352,87.7,183,119,6,-3.4433,-5.0383,-1.9033,-2.56,-4.0834,-1.1217,-1.8648,-3.0448,-0.7383,-3.3,-5.1,-1.5,0.000378,-1.8,-3.5,0.0,27.8323,23.9685,3.7919,0.5082,0.0001,0.0062,0.2526,
resnet18,fp6_e2m3,float,6,minimal,matrix,cf89a75702cd,True,68.001,67.0,68.5,87.3543,87.3,193,130,7,-2.099,-3.6084,-0.6014,-1.719,-3.1084,-0.3332,-2.1457,-3.2045,-1.1321,-3.1,-4.9,-1.3,0.00117,-2.4,-4.0,-0.8,27.9218,26.3222,3.9995,0.5082,0.0001,0.0062,0.2485,
resnet18,fp6_e3m2,float,6,default,matrix,b0e30473c2a4,False,53.6235,54.2,53.2,78.2949,78.5,378,224,10,-16.4765,-18.97,-13.9721,-15.5931,-18.038,-13.1998,-11.2051,-13.1986,-9.3273,-15.9,-18.6,-13.1,3.59e-28,-14.4,-17.1,-11.7,25.542,24.3928,3.9686,0.5082,0.0,0.0,0.2436,
resnet18,fp6_e3m2,float,6,minimal,matrix,ada48de91961,False,62.9108,62.1,62.2,85.3113,85.6,319,219,12,-7.1892,-9.0619,-5.3455,-6.8092,-8.6295,-5.0028,-4.1887,-5.531,-2.906,-8.0,-10.2,-5.8,4.2e-12,-7.3,-9.5,-5.0,25.5497,25.3773,3.9727,0.5082,0.0,0.0,0.2408,
resnet18,fp7_e3m3,float,7,default,matrix,53e9ea5af929,True,67.4825,67.3,68.0,88.2286,88.4,174,118,8,-2.6175,-3.9417,-1.2675,-1.7342,-2.9542,-0.5083,-1.2714,-2.1601,-0.4196,-2.8,-4.5,-1.2,0.00129,-1.3,-2.8,0.2,31.518,31.3765,4.8048,0.504,0.0,0.0,0.2334,
resnet18,fp7_e3m3,float,7,minimal,matrix,67571dec74d9,False,68.415,68.1,68.9,88.308,88.4,192,122,5,-1.685,-2.9933,-0.3833,-1.305,-2.575,-0.0833,-1.192,-2.1578,-0.2716,-2.0,-3.6,-0.4,0.0187,-1.3,-2.8,0.2,31.5187,31.3631,4.8037,0.504,0.0,0.0,0.2335,
resnet18,fp8_e4m3fn,float,8,default,matrix,ae7a425c65b9,True,67.6658,67.9,68.5,87.9423,88.1,186,128,8,-2.4342,-3.8383,-1.0333,-1.5508,-2.8708,-0.2258,-1.5577,-2.4087,-0.7427,-2.2,-3.9,-0.5,0.0154,-0.7,-2.3,0.9,31.5362,31.4439,4.8751,0.502,0.0,0.0,0.2315,
resnet18,fp8_e4m3fn,float,8,minimal,matrix,9dc7f3da121c,False,68.62,68.9,68.5,88.3514,88.3,181,115,6,-1.48,-2.8133,-0.1333,-1.1,-2.3367,0.1367,-1.1486,-1.9608,-0.3572,-1.2,-2.8,0.4,0.182,-0.5,-2.1,1.0,31.5367,31.4459,4.8734,0.502,0.0,0.0,0.2317,
resnet18,fp8_e5m2,float,8,default,matrix,4068da0b9ca5,False,61.178,60.4,61.0,83.5397,83.1,326,218,15,-8.922,-10.9386,-6.8973,-8.0387,-9.982,-6.1179,-5.9603,-7.543,-4.4376,-9.7,-12.1,-7.3,5.24e-15,-8.2,-10.5,-5.9,25.5635,25.2527,4.0853,0.4008,0.0,0.0,0.237,
resnet18,fp8_e5m2,float,8,minimal,matrix,567267c6767c,False,62.968,61.6,64.0,85.2398,85.5,303,220,14,-7.132,-8.9443,-5.355,-6.752,-8.5566,-4.9948,-4.2602,-5.588,-2.9909,-8.5,-10.8,-6.3,2.64e-13,-7.8,-10.0,-5.6,25.5675,25.2255,4.091,0.3846,0.0,0.0,0.2333,
resnet18,int4,integer,4,default,matrix,728176a7c1ef,True,0.1287,0.2,0.1,0.6434,0.5,980,9,23,-69.9713,-72.7914,-67.0825,-69.088,-71.8752,-66.2068,-88.8566,-90.776,-86.8225,-69.9,-72.7,-67.0,1.18e-206,-68.4,-71.3,-65.5,16.1266,0.6185,2.038,1.0,0.3367,0.9951,0.5497,
resnet18,int4,integer,4,minimal,matrix,a363dd5c37e5,True,17.1396,18.0,15.4,45.8744,46.2,650,326,17,-52.9604,-55.8663,-49.9885,-52.5804,-55.4498,-49.68,-43.6256,-46.4589,-40.7697,-52.1,-55.4,-48.8,7.65e-133,-51.4,-54.7,-48.1975,16.7026,14.1058,2.2986,0.5,0.0032,0.0353,0.3593,
resnet18,int5,integer,5,default,matrix,8ae392039b89,False,13.6912,15.3,14.1,28.1664,32.8,707,204,57,-56.4088,-59.363,-53.3214,-55.5255,-58.48,-52.4562,-61.3336,-64.043,-58.5368,-54.8,-58.0,-51.6,3.59e-146,-53.3,-56.6,-50.2,21.2947,7.732,2.7115,1.0,0.2743,0.9706,0.3566,
resnet18,int5,integer,5,minimal,matrix,f911a5d2b780,False,52.1808,51.7,52.4,81.3756,81.2,383,281,11,-17.9192,-20.3114,-15.5497,-17.5392,-19.8329,-15.2599,-8.1244,-10.0031,-6.3188,-18.4,-21.3,-15.6,4.58e-35,-17.7,-20.4025,-14.9,20.7884,18.7927,2.8828,0.5,0.0008,0.0074,0.284,
resnet18,int6,integer,6,default,matrix,9f3a82e502f3,True,65.8917,65.2,66.9,86.9304,86.7,168,101,9,-4.2083,-5.8169,-2.5998,-3.325,-4.85,-1.8331,-2.5696,-3.79,-1.3938,-4.9,-6.8,-3.1,3.48e-07,-3.4,-5.2,-1.7,27.0984,20.2763,3.5986,1.0,0.2543,0.8819,0.2543,
resnet18,int6,integer,6,minimal,matrix,0cff86bf2b79,True,65.8317,65.6,66.1,87.3687,87.4,177,126,6,-4.2683,-6.0133,-2.5483,-3.8883,-5.5367,-2.2433,-2.1313,-3.3306,-0.9883,-4.5,-6.6,-2.4,2.77e-05,-3.8,-5.8,-1.8,25.1098,23.1569,3.559,0.5,0.0003,0.0058,0.2586,
resnet18,int8,integer,8,default,matrix,2483170b2bc6,True,69.2167,68.6,69.0,89.075,89.2,42,29,4,-0.8833,-1.6,-0.2,0.0,0.0,0.0,-0.425,-0.95,0.0667,-1.5,-2.4,-0.7,0.00149,0.0,0.0,0.0,36.858,31.2228,5.356,0.9648,0.2377,0.8199,0.2377,
resnet18,int8,integer,8,minimal,matrix,4a79b59d3f07,True,69.72,69.4,69.4,89.15,89.2,47,34,5,-0.38,-1.3133,0.5533,0.0,0.0,0.0,-0.35,-0.8333,0.1,-0.7,-1.7,0.3,0.248,0.0,0.0,0.0,33.8875,31.3698,4.8345,0.5,0.0,0.0019,0.241,
resnet18,log4,logarithmic,4,default,matrix,f75d0434e0b0,False,0.0725,0.2,0.1,0.5485,0.6,447,4,27,-70.0275,-72.8484,-67.1375,-69.1442,-71.9333,-66.2583,-88.9515,-90.8297,-86.9459,-69.9,-72.7,-67.0,1.18e-206,-68.4,-71.3,-65.5,15.8224,0.87,1.9202,0.5,0.0,0.0021,0.5182,
resnet18,log4,logarithmic,4,minimal,matrix,b4c8a84759c6,False,15.0874,13.6,15.7,35.1866,33.5,807,386,51,-55.0126,-57.9463,-52.0538,-54.6326,-57.545,-51.6956,-54.3134,-57.0973,-51.5535,-56.5,-59.6,-53.4,7.86e-158,-55.8,-58.9,-52.7,15.736,14.4699,2.4745,0.5,0.0002,0.0024,0.3279,
resnet18,log6,logarithmic,6,default,matrix,0d52189a1c6a,False,54.5428,54.4,54.9,78.2452,78.1,357,213,14,-15.5572,-17.9808,-13.1175,-14.6739,-17.0064,-12.3417,-11.2548,-13.1829,-9.449,-15.7,-18.4,-12.9,1.04e-27,-14.2,-16.9,-11.4,25.6332,23.3194,3.8186,0.4375,0.0,0.0,0.2589,
resnet18,log6,logarithmic,6,minimal,matrix,f34c05491513,False,61.5,61.2,62.7,85.1825,85.6,346,255,9,-8.6,-10.6222,-6.5764,-8.22,-10.1979,-6.2609,-4.3175,-5.7082,-2.9737,-8.9,-11.3,-6.5,1.03e-12,-8.2,-10.5,-5.9,25.6394,25.3536,3.8591,0.4531,0.0,0.0,0.2579,
resnet18,log8,logarithmic,8,default,matrix,72fc7ebf8a43,True,68.085,67.9,68.0,88.305,88.5,181,122,6,-2.015,-3.2883,-0.7566,-1.1317,-2.36,0.0933,-1.195,-2.1358,-0.295,-2.2,-3.8,-0.6,0.00921,-0.7,-2.2,0.8,32.034,31.4725,4.8919,0.3945,0.0,0.0,0.2317,
resnet18,log8,logarithmic,8,minimal,matrix,a3b2fe6a4401,False,68.3567,68.2,69.0,88.6495,88.5,181,114,6,-1.7433,-2.9784,-0.5383,-1.3633,-2.4817,-0.2817,-0.8505,-1.7555,0.0567,-1.9,-3.5,-0.3,0.0248,-1.2,-2.7,0.3,32.0322,31.4727,4.8969,0.3945,0.0,0.0,0.2289,
resnet18,mxfp4_e2m1,mx_float,4,cum1_fused,intrinsic,2ff3c9aaf90e,False,41.6144,41.2,41.8,70.1877,69.4,603,408,23,-28.4856,-31.2503,-25.7772,-28.1056,-30.8591,-25.38,-19.3123,-21.5587,-17.1192,-28.9,-32.1,-25.7,1.2e-61,-28.2,-31.4,-25.0,18.6522,17.7901,2.6712,0.5333,0.0113,0.1036,0.2926,0.0
resnet18,mxfp4_e2m1,mx_float,4,cum5_act_maxabs,intrinsic,ec88963017cf,False,0.1833,0.1,0.2,0.7027,0.7,180,2,8,-69.9167,-72.7504,-67.0,-69.0333,-71.8667,-66.1496,-88.7973,-90.6812,-86.7909,-70.0,-72.8,-67.2,6.68e-209,-68.5,-71.3,-65.6,18.9154,17.7899,2.6376,0.5333,0.0112,0.1036,0.2593,0.0
resnet18,mxfp4_e2m1,mx_float,4,default,matrix,7c7a5428bb3f,False,0.15,0.1,0.2,0.6479,0.6,133,1,6,-69.95,-72.8,-67.0,-69.0667,-71.9,-66.1833,-88.8521,-90.7418,-86.8645,-70.0,-72.8,-67.2,6.68e-209,-68.5,-71.3,-65.6,19.1628,18.3976,2.598,0.5333,0.0284,0.1171,0.2551,0.2045
resnet18,mxfp4_e2m1,mx_float,4,minimal,matrix,5eb284c63eaf,False,40.0126,40.2,39.0,67.7984,66.8,622,411,25,-30.0874,-32.7652,-27.3402,-29.7074,-32.3822,-27.0188,-21.7016,-24.0654,-19.3911,-29.9,-33.1,-26.7,5e-68,-29.2,-32.3,-26.1,18.9595,18.4222,2.7585,0.5333,0.0293,0.1171,0.2802,0.2297
resnet18,mxfp6_e3m2,mx_float,6,cum1_fused,intrinsic,e66e464ba2c0,False,64.4641,64.2,65.3,86.2504,86.1,308,217,17,-5.6359,-7.4529,-3.835,-5.2559,-6.9606,-3.5379,-3.2496,-4.5589,-1.9923,-5.9,-8.2,-3.6,8.74e-07,-5.2,-7.4,-3.0,25.5567,24.9202,3.9503,0.5079,0.0038,0.0406,0.2364,0.0
resnet18,mxfp6_e3m2,mx_float,6,cum5_act_maxabs,intrinsic,3c0c416b9537,False,50.744,50.9,49.1,76.3777,76.0,380,219,13,-19.356,-21.8927,-16.9082,-18.4726,-20.9001,-16.0677,-13.1223,-15.2142,-11.1457,-19.2,-22.0,-16.4,5.9e-39,-17.7,-20.4,-14.9,25.5558,24.918,3.9994,0.5079,0.0039,0.0406,0.2392,0.0
resnet18,mxfp6_e3m2,mx_float,6,default,matrix,073adb1b3e2a,False,51.6136,52.1,50.4,76.2249,76.3,374,213,19,-18.4864,-21.0307,-16.0169,-17.603,-20.0304,-15.2167,-13.2751,-15.3375,-11.3117,-18.0,-20.8,-15.2,8.35e-35,-16.5,-19.3,-13.7,25.5566,24.9223,3.9999,0.5079,0.005,0.0411,0.2391,0.0155
resnet18,mxfp6_e3m2,mx_float,6,minimal,matrix,04c86821e80c,False,64.3779,63.9,65.5,86.6619,86.8,311,219,19,-5.7221,-7.473,-4.0052,-5.3421,-7.0063,-3.7064,-2.8381,-4.0818,-1.6475,-6.2,-8.4,-4.0,4.94e-08,-5.5,-7.5025,-3.4,25.559,24.9197,3.9504,0.5079,0.0054,0.0411,0.2364,0.0163
resnet18,mxfp8_e4m3,mx_float,8,cum1_fused,intrinsic,e980b215c46a,False,68.7117,68.6,69.2,88.3695,88.4,161,109,7,-1.3883,-2.625,-0.1766,-1.0083,-2.1784,0.1417,-1.1305,-2.0405,-0.2326,-1.5,-3.0,0.0,0.0769,-0.8,-2.3,0.6,31.5362,30.8925,4.7205,0.502,0.0018,0.0206,0.2335,0.0
resnet18,mxfp8_e4m3,mx_float,8,cum5_act_maxabs,intrinsic,25732f7125b6,False,67.7302,67.3,69.0,88.1889,88.3,166,116,7,-2.3698,-3.7305,-1.0382,-1.4864,-2.7531,-0.2331,-1.3111,-2.2687,-0.3847,-2.8,-4.4,-1.2,0.00109,-1.3,-2.8,0.2,31.5367,30.8961,4.7169,0.502,0.0018,0.0206,0.2345,0.0
resnet18,mxfp8_e4m3,mx_float,8,default,matrix,95cc34a8d4d6,False,67.7086,67.1,69.1,88.2256,88.4,166,115,7,-2.3914,-3.7517,-1.029,-1.5081,-2.7964,-0.2366,-1.2744,-2.2225,-0.3697,-3.0,-4.7,-1.4,0.000535,-1.5,-3.0,0.0,31.5374,30.8961,4.7169,0.502,0.0018,0.0206,0.2345,0.0
resnet18,mxfp8_e4m3,mx_float,8,minimal,matrix,db97c3a793ab,False,68.7117,68.6,69.2,88.3695,88.4,161,109,7,-1.3883,-2.625,-0.1766,-1.0083,-2.1784,0.1417,-1.1305,-2.0405,-0.2326,-1.5,-3.0,0.0,0.0769,-0.8,-2.3,0.6,31.5362,30.8925,4.7205,0.502,0.0018,0.0206,0.2335,0.0
resnet18,nf4,codebook,4,default,matrix,4a202691ea0e,True,0.2522,0.1,0.4,0.9758,1.6,606,14,68,-69.8478,-72.6823,-66.9107,-68.9645,-71.7615,-66.0784,-88.5242,-90.4282,-86.5199,-70.0,-72.8,-67.2,6.68e-209,-68.5,-71.3,-65.6,17.3994,3.3349,1.9737,0.5625,0.0005,0.0053,0.4731,
resnet18,nf4,codebook,4,minimal,matrix,86280b8c510c,False,34.42,33.8,34.1,69.6182,69.8,669,476,21,-35.68,-38.37,-32.9495,-35.3,-37.9112,-32.6546,-19.8818,-22.1834,-17.6541,-36.3,-39.5,-33.1,1.69e-87,-35.6,-38.7,-32.4,18.5382,16.2226,2.6441,0.5625,0.0025,0.0072,0.2868,
resnet18,posit4_es0,posit,4,default,matrix,a8e11386cce6,False,0.0537,0.2,0.0,0.4484,0.7,633,7,62,-70.0463,-72.8604,-67.1557,-69.1629,-71.9536,-66.2861,-89.0516,-90.9107,-87.0917,-69.9,-72.7,-67.0,1.18e-206,-68.4,-71.3,-65.5,16.7521,3.2036,2.025,0.5333,0.0002,0.0037,0.4931,
resnet18,posit4_es0,posit,4,minimal,matrix,14d9d830cb29,False,24.0178,24.4,24.3,54.1403,53.2,738,447,23,-46.0822,-48.8905,-43.1995,-45.7022,-48.4954,-42.853,-35.3597,-37.9826,-32.7413,-45.7,-49.0,-42.4,2.55e-112,-45.0,-48.3,-41.7,16.8811,15.3656,2.4881,0.5333,0.0004,0.0033,0.3115,
resnet18,posit6_es1,posit,6,default,matrix,332a0a188433,False,59.595,59.7,58.1,81.4042,81.9,340,210,15,-10.505,-12.7102,-8.2948,-9.6216,-11.7701,-7.5121,-8.0958,-9.8236,-6.4609,-10.4,-13.0,-7.8,8.04e-15,-8.9,-11.4,-6.4,25.2329,23.8116,3.7052,0.4444,0.0,0.0,0.2344,
resnet18,posit6_es1,posit,6,minimal,matrix,fe4e4ea9a84d,False,3.75,3.4,3.9,10.5965,10.4,463,35,9,-66.35,-69.2418,-63.3716,-65.97,-68.8301,-63.0416,-78.9035,-81.3657,-76.4311,-66.7,-69.7,-63.7,3.75e-192,-66.0,-69.0,-63.0,25.2659,24.3538,3.9661,0.4286,0.0,0.0,0.2288,
resnet18,posit8_es1,posit,8,default,matrix,b7c945daf929,True,69.6333,69.1,69.8,89.0283,89.2,102,67,6,-0.4667,-1.45,0.5167,0.4167,-0.4333,1.2337,-0.4717,-1.1483,0.195,-1.0,-2.1,0.1,0.0987,0.5,-0.3,1.4,37.1594,36.7701,5.407,0.4157,0.0,0.0,0.2315,
resnet18,posit8_es1,posit,8,minimal,matrix,11607e5c7683,True,4.3667,4.4,4.2,11.9417,11.7,154,8,4,-65.7333,-68.6838,-62.7,-65.3533,-68.2867,-62.3998,-77.5583,-80.1502,-74.9417,-65.7,-68.7,-62.7,3.57e-189,-65.0,-68.0,-62.0,37.1918,35.8925,5.4482,0.4118,0.0,0.0,0.2289,
resnet18,q1_6,fixed_point,8,default,matrix,f49dedfe849a,False,69.1667,68.6,68.7,89.1833,89.3,42,28,3,-0.9333,-1.7833,-0.1333,-0.05,-0.6833,0.55,-0.3167,-0.95,0.3,-1.5,-2.5,-0.6,0.00408,0.0,-0.8,0.8,33.5941,31.2703,4.7355,0.5,0.0,0.0019,0.2408,
resnet18,q1_6,fixed_point,8,minimal,matrix,909e9f6acc62,False,69.72,69.4,69.4,89.15,89.2,47,34,5,-0.38,-1.3133,0.5533,0.0,0.0,0.0,-0.35,-0.8333,0.1,-0.7,-1.7,0.3,0.248,0.0,0.0,0.0,33.8875,31.3698,4.8345,0.5,0.0,0.0019,0.241,
resnet18,ternary,ternary,2,default,matrix,31ac81b46822,False,0.1,0.1,0.1,0.5,0.5,1000,20,20,-70.0,-72.81,-67.1049,-69.1167,-71.9084,-66.2381,-89.0,-90.85,-87.025,-70.0,-72.8,-67.2,6.68e-209,-68.5,-71.3,-65.6,3.4209,0.0,0.599,0.6667,0.122,0.6272,0.878,
resnet18,ternary,ternary,2,minimal,matrix,e0056ece3e60,False,0.1,0.1,0.1,0.4999,0.5,1000,990,991,-70.0,-72.8,-67.1002,-69.62,-72.4033,-66.803,-89.0001,-90.8011,-87.0986,-70.0,-72.8,-67.2,3.8e-211,-69.3,-72.1,-66.5,6.0296,2.1796,0.9984,0.6667,0.4899,0.99,0.5101,
