model,from,to,formats_in_common,spearman,separated_pairs_reversed,of_which_both_below_1_percent_in_one_ordering,pairs_first_above_second_in_from,missing_in_from
resnet18,v1_maxabs,default,20,0.7308,24,0,fp7_e3m3>posit8_es1 mxfp8_e4m3>posit8_es1 fp8_e4m3fn>posit8_es1 bfp6>log8 bfp6>posit8_es1 log8>posit8_es1 fp6_e2m3>posit8_es1 mxfp6_e3m2>fp8_e5m2 mxfp6_e3m2>log6 mxfp6_e3m2>int6 mxfp6_e3m2>posit8_es1 mxfp6_e3m2>posit6_es1 fp6_e3m2>fp8_e5m2 fp6_e3m2>int6 fp6_e3m2>posit8_es1 fp6_e3m2>posit6_es1 fp8_e5m2>int6 fp8_e5m2>posit8_es1 log6>int6 log6>posit8_es1 log6>posit6_es1 int6>posit8_es1 mxfp4_e2m1>posit8_es1 mxfp4_e2m1>posit6_es1,int5 fp5_e2m2 fp4_e2m1 posit4_es0 log4
resnet18,v1_maxabs,minimal,20,0.9579,3,0,fp6_e3m2>int6 fp8_e5m2>int6 log6>int6,int5 fp5_e2m2 fp4_e2m1 posit4_es0 log4
resnet18,v1_percentile_99_9,default,21,0.6013,34,1,bfp6>int8 bfp6>q1_6 bfp6>posit8_es1 mxfp6_e3m2>int6 mxfp6_e3m2>fp6_e2m3 mxfp6_e3m2>log6 mxfp6_e3m2>fp8_e5m2 mxfp6_e3m2>fp6_e3m2 mxfp6_e3m2>posit8_es1 mxfp6_e3m2>posit6_es1 int6>posit8_es1 fp6_e2m3>posit8_es1 log6>posit8_es1 log6>posit6_es1 fp8_e5m2>posit8_es1 fp6_e3m2>posit8_es1 fp6_e3m2>posit6_es1 fp5_e2m2>posit8_es1 fp5_e2m2>posit6_es1 int5>posit8_es1 int5>posit6_es1 mxfp4_e2m1>posit8_es1 mxfp4_e2m1>posit6_es1 nf4>posit8_es1 nf4>posit6_es1 posit4_es0>int4 posit4_es0>posit8_es1 posit4_es0>posit6_es1 int4>posit8_es1 int4>posit6_es1 fp4_e2m1>posit8_es1 fp4_e2m1>posit6_es1 log4>posit8_es1 log4>posit6_es1,fp8_e4m3fn fp7_e3m3 mxfp8_e4m3 log8
resnet18,v1_percentile_99_9,minimal,21,0.9727,3,0,mxfp6_e3m2>fp6_e2m3 int6>fp6_e2m3 int4>fp4_e2m1,fp8_e4m3fn fp7_e3m3 mxfp8_e4m3 log8
resnet18,minimal,default,25,0.7138,32,1,bfp6>posit8_es1 mxfp8_e4m3>posit8_es1 fp8_e4m3fn>posit8_es1 fp7_e3m3>posit8_es1 log8>posit8_es1 fp6_e2m3>posit8_es1 int6>posit8_es1 mxfp6_e3m2>log6 mxfp6_e3m2>posit8_es1 mxfp6_e3m2>posit6_es1 fp8_e5m2>posit8_es1 fp6_e3m2>posit8_es1 fp6_e3m2>posit6_es1 log6>posit8_es1 log6>posit6_es1 fp5_e2m2>posit8_es1 fp5_e2m2>posit6_es1 int5>posit8_es1 int5>posit6_es1 mxfp4_e2m1>posit8_es1 mxfp4_e2m1>posit6_es1 nf4>posit8_es1 nf4>posit6_es1 posit4_es0>int4 posit4_es0>posit8_es1 posit4_es0>posit6_es1 fp4_e2m1>posit8_es1 fp4_e2m1>posit6_es1 int4>posit8_es1 int4>posit6_es1 log4>posit8_es1 log4>posit6_es1,
mobilenet_v2,v1_maxabs,default,23,0.6126,29,0,mxfp8_e4m3>int6 mxfp8_e4m3>posit8_es1 fp8_e4m3fn>int6 fp8_e4m3fn>posit8_es1 fp7_e3m3>int6 fp7_e3m3>posit8_es1 log8>int6 log8>posit8_es1 bfp6>fp6_e2m3 bfp6>int6 bfp6>posit8_es1 mxfp6_e3m2>fp6_e3m2 mxfp6_e3m2>fp8_e5m2 mxfp6_e3m2>fp6_e2m3 mxfp6_e3m2>int6 mxfp6_e3m2>posit6_es1 mxfp6_e3m2>int5 mxfp6_e3m2>posit8_es1 fp6_e3m2>fp8_e5m2 fp6_e3m2>fp6_e2m3 fp6_e3m2>int6 fp6_e3m2>int5 fp6_e3m2>posit8_es1 fp8_e5m2>fp6_e2m3 fp8_e5m2>int6 fp8_e5m2>int5 fp8_e5m2>posit8_es1 fp6_e2m3>int6 fp6_e2m3>posit8_es1,fp5_e2m2 log6
mobilenet_v2,v1_maxabs,minimal,23,0.8478,9,0,mxfp8_e4m3>log8 bfp6>fp6_e2m3 bfp6>int6 mxfp6_e3m2>fp6_e2m3 mxfp6_e3m2>int6 fp6_e3m2>fp6_e2m3 fp6_e3m2>int6 fp8_e5m2>fp6_e2m3 fp8_e5m2>int6,fp5_e2m2 log6
mobilenet_v2,v1_percentile_99_9,default,23,0.6383,28,1,bfp6>log8 bfp6>fp7_e3m3 bfp6>fp8_e4m3fn bfp6>fp6_e2m3 bfp6>int6 bfp6>posit8_es1 log8>int6 log8>posit8_es1 fp7_e3m3>int6 fp7_e3m3>posit8_es1 fp8_e4m3fn>int6 fp8_e4m3fn>posit8_es1 fp6_e2m3>posit8_es1 int6>posit8_es1 mxfp6_e3m2>log6 mxfp6_e3m2>fp6_e3m2 mxfp6_e3m2>int5 mxfp6_e3m2>posit6_es1 mxfp6_e3m2>posit8_es1 log6>int5 log6>posit8_es1 fp6_e3m2>int5 fp6_e3m2>posit8_es1 fp5_e2m2>int5 fp5_e2m2>posit6_es1 fp5_e2m2>posit8_es1 int5>posit8_es1 posit4_es0>posit8_es1,fp8_e5m2 mxfp8_e4m3
mobilenet_v2,v1_percentile_99_9,minimal,23,0.9298,6,0,bfp6>log8 bfp6>fp7_e3m3 bfp6>fp8_e4m3fn bfp6>fp6_e2m3 bfp6>int6 mxfp6_e3m2>log6,fp8_e5m2 mxfp8_e4m3
mobilenet_v2,minimal,default,25,0.6677,23,0,log8>posit8_es1 fp8_e4m3fn>posit8_es1 fp6_e2m3>posit8_es1 fp7_e3m3>posit8_es1 int6>posit8_es1 mxfp8_e4m3>posit8_es1 bfp6>posit8_es1 log6>fp8_e5m2 log6>int5 log6>posit8_es1 fp6_e3m2>int5 fp6_e3m2>posit8_es1 fp8_e5m2>int5 fp8_e5m2>posit8_es1 mxfp6_e3m2>int5 mxfp6_e3m2>posit6_es1 mxfp6_e3m2>posit8_es1 fp5_e2m2>int5 fp5_e2m2>posit6_es1 fp5_e2m2>posit8_es1 int5>posit8_es1 nf4>posit6_es1 nf4>posit8_es1,
mobilenet_v3_large,v1_maxabs,default,24,0.4904,19,0,fp8_e4m3fn>posit8_es1 log8>posit8_es1 fp7_e3m3>posit8_es1 mxfp8_e4m3>posit8_es1 bfp6>int8 bfp6>posit8_es1 fp6_e3m2>log6 fp6_e3m2>int8 fp6_e3m2>fp6_e2m3 fp6_e3m2>posit8_es1 mxfp6_e3m2>int8 mxfp6_e3m2>fp6_e2m3 mxfp6_e3m2>posit8_es1 fp8_e5m2>int8 fp8_e5m2>fp6_e2m3 fp8_e5m2>posit8_es1 log6>int8 log6>fp6_e2m3 log6>posit8_es1,q1_6
mobilenet_v3_large,v1_maxabs,minimal,24,0.733,9,0,mxfp8_e4m3>int8 bfp6>int8 fp6_e3m2>fp8_e5m2 fp6_e3m2>int8 mxfp6_e3m2>int8 mxfp6_e3m2>fp6_e2m3 fp8_e5m2>int8 log6>int8 log6>fp6_e2m3,q1_6
mobilenet_v3_large,v1_percentile_99_9,default,22,0.6612,15,0,mxfp8_e4m3>posit8_es1 fp7_e3m3>posit8_es1 bfp6>posit8_es1 fp6_e2m3>posit8_es1 fp6_e3m2>log6 fp6_e3m2>posit8_es1 fp8_e5m2>log6 fp8_e5m2>posit8_es1 mxfp6_e3m2>log6 mxfp6_e3m2>posit8_es1 log6>posit8_es1 int6>posit6_es1 int6>posit8_es1 fp5_e2m2>posit6_es1 fp5_e2m2>posit8_es1,fp8_e4m3fn log8 ternary
mobilenet_v3_large,v1_percentile_99_9,minimal,22,0.9424,3,0,mxfp8_e4m3>fp7_e3m3 fp6_e2m3>fp6_e3m2 fp6_e2m3>fp8_e5m2,fp8_e4m3fn log8 ternary
mobilenet_v3_large,minimal,default,25,0.7162,27,10,log8>posit8_es1 fp7_e3m3>posit8_es1 fp8_e4m3fn>posit8_es1 mxfp8_e4m3>posit8_es1 bfp6>posit8_es1 fp8_e5m2>fp6_e2m3 fp8_e5m2>log6 fp8_e5m2>posit8_es1 fp6_e3m2>fp6_e2m3 fp6_e3m2>log6 fp6_e3m2>posit8_es1 fp6_e2m3>posit8_es1 mxfp6_e3m2>log6 mxfp6_e3m2>posit8_es1 log6>posit8_es1 int6>posit6_es1 int6>posit8_es1 fp5_e2m2>posit6_es1 fp5_e2m2>posit8_es1 int5>posit6_es1 int5>posit8_es1 posit4_es0>posit8_es1 nf4>posit8_es1 mxfp4_e2m1>posit8_es1 fp4_e2m1>posit8_es1 binary_pm1>posit8_es1 ternary>posit8_es1,
