model,recipe,rank,format,bits,top1,readout,minus_next,minus_next_low,minus_next_high,separated_from_next,not_separated_from_rank
resnet18,default,1,posit8_es1,8,69.63,expected_credit,0.42,-0.43,1.23,False,1
resnet18,default,2,int8,8,69.22,expected_credit,0.05,-0.55,0.68,False,1
resnet18,default,3,q1_6,8,69.17,expected_credit,1.08,-0.1,2.28,False,1
resnet18,default,4,log8,8,68.09,expected_credit,0.38,-0.71,1.44,False,2
resnet18,default,5,mxfp8_e4m3,8,67.71,expected_credit,0.04,-1.12,1.17,False,4
resnet18,default,6,fp8_e4m3fn,8,67.67,expected_credit,0.18,-0.69,1.04,False,4
resnet18,default,7,fp7_e3m3,7,67.48,expected_credit,0.68,-0.37,1.76,False,4
resnet18,default,8,bfp6,6,66.8,expected_credit,0.15,-1.04,1.39,False,5
resnet18,default,9,fp6_e2m3,6,66.66,expected_credit,0.77,-0.42,1.92,False,5
resnet18,default,10,int6,6,65.89,expected_credit,4.71,3.18,6.3,True,8
resnet18,default,11,fp8_e5m2,8,61.18,expected_credit,1.58,0.25,2.91,True,11
resnet18,default,12,posit6_es1,6,59.6,expected_credit,5.05,3.34,6.73,True,12
resnet18,default,13,log6,6,54.54,expected_credit,0.92,-0.58,2.42,False,13
resnet18,default,14,fp6_e3m2,6,53.62,expected_credit,2.01,0.4,3.63,True,13
resnet18,default,15,mxfp6_e3m2,6,51.61,expected_credit,12.52,10.58,14.48,True,15
resnet18,default,16,fp5_e2m2,5,39.09,expected_credit,25.4,23.11,27.74,True,16
resnet18,default,17,int5,5,13.69,expected_credit,13.44,11.69,15.29,True,17
resnet18,default,18,nf4,4,0.25,expected_credit,0.1,-0.03,0.23,False,18
resnet18,default,19,mxfp4_e2m1,4,0.15,expected_credit,0.02,-0.11,0.2,False,18
resnet18,default,20,int4,4,0.13,expected_credit,0.03,-0.05,0.13,False,18
resnet18,default,21,binary_pm1,1,0.1,expected_credit,0.0,-0.04,0.04,False,18
resnet18,default,22,ternary,2,0.1,expected_credit,0.01,-0.03,0.06,False,18
resnet18,default,23,fp4_e2m1,4,0.09,expected_credit,0.01,-0.08,0.09,False,18
resnet18,default,24,log4,4,0.07,expected_credit,0.02,-0.05,0.09,False,19
resnet18,default,25,posit4_es0,4,0.05,expected_credit,,,,,19
resnet18,minimal,1,int8,8,69.72,expected_credit,0.0,0.0,0.0,False,1
resnet18,minimal,2,q1_6,8,69.72,expected_credit,0.68,-0.59,1.91,False,1
resnet18,minimal,3,bfp6,6,69.04,expected_credit,0.33,-0.81,1.51,False,1
resnet18,minimal,4,mxfp8_e4m3,8,68.71,expected_credit,0.09,-1.1,1.26,False,1
resnet18,minimal,5,fp8_e4m3fn,8,68.62,expected_credit,0.21,-0.54,0.97,False,1
resnet18,minimal,6,fp7_e3m3,7,68.41,expected_credit,0.06,-0.97,1.12,False,3
resnet18,minimal,7,log8,8,68.36,expected_credit,0.36,-0.95,1.65,False,3
resnet18,minimal,8,fp6_e2m3,6,68.0,expected_credit,2.17,0.66,3.77,True,3
resnet18,minimal,9,int6,6,65.83,expected_credit,1.45,-0.29,3.2,False,9
resnet18,minimal,10,mxfp6_e3m2,6,64.38,expected_credit,1.41,-0.15,2.98,False,9
resnet18,minimal,11,fp8_e5m2,8,62.97,expected_credit,0.06,-1.44,1.55,False,10
resnet18,minimal,12,fp6_e3m2,6,62.91,expected_credit,1.41,-0.26,3.05,False,10
resnet18,minimal,13,log6,6,61.5,expected_credit,4.62,2.73,6.54,True,11
resnet18,minimal,14,fp5_e2m2,5,56.88,expected_credit,4.7,2.62,6.76,True,14
resnet18,minimal,15,int5,5,52.18,expected_credit,12.17,9.75,14.63,True,15
resnet18,minimal,16,mxfp4_e2m1,4,40.01,expected_credit,5.59,3.21,8.01,True,16
resnet18,minimal,17,nf4,4,34.42,expected_credit,10.4,8.0,12.79,True,17
resnet18,minimal,18,posit4_es0,4,24.02,expected_credit,4.79,2.65,6.96,True,18
resnet18,minimal,19,fp4_e2m1,4,19.23,expected_credit,2.09,0.13,4.06,True,19
resnet18,minimal,20,int4,4,17.14,expected_credit,2.05,-0.02,4.09,False,20
resnet18,minimal,21,log4,4,15.09,expected_credit,10.72,8.76,12.72,True,20
resnet18,minimal,22,posit8_es1,8,4.37,expected_credit,0.62,0.03,1.26,True,22
resnet18,minimal,23,posit6_es1,6,3.75,expected_credit,3.65,2.66,4.73,True,23
resnet18,minimal,24,ternary,2,0.1,expected_credit,0.0,0.0,0.0,True,24
resnet18,minimal,25,binary_pm1,1,0.1,expected_credit,,,,,25
resnet18,v1_maxabs,1,int8,8,69.8,sealed_topk,0.0,0.0,0.0,False,1
resnet18,v1_maxabs,2,q1_6,8,69.8,sealed_topk,0.1,-1.7,1.9,False,1
resnet18,v1_maxabs,3,fp7_e3m3,7,69.7,sealed_topk,0.6,-1.0,2.3,False,1
resnet18,v1_maxabs,4,mxfp8_e4m3,8,69.1,sealed_topk,0.1,-1.6,1.7,False,1
resnet18,v1_maxabs,5,fp8_e4m3fn,8,69.0,sealed_topk,0.4,-1.4,2.2,False,1
resnet18,v1_maxabs,6,bfp6,6,68.6,sealed_topk,2.2,0.6,3.9,True,1
resnet18,v1_maxabs,7,log8,8,66.4,sealed_topk,0.2,-2.0,2.4,False,7
resnet18,v1_maxabs,8,fp6_e2m3,6,66.2,sealed_topk,0.4,-2.1,2.8,False,7
resnet18,v1_maxabs,9,mxfp6_e3m2,6,65.8,sealed_topk,0.5,-1.8,2.8,False,7
resnet18,v1_maxabs,10,fp6_e3m2,6,65.3,sealed_topk,2.8,0.5,5.1,True,7
resnet18,v1_maxabs,11,fp8_e5m2,8,62.5,sealed_topk,1.0,-1.5,3.4,False,11
resnet18,v1_maxabs,12,log6,6,61.5,sealed_topk,10.0,7.1,12.9,True,11
resnet18,v1_maxabs,13,int6,6,51.5,sealed_topk,11.7,8.4,14.9,True,13
resnet18,v1_maxabs,14,mxfp4_e2m1,4,39.8,sealed_topk,38.7,35.6,41.7,True,14
resnet18,v1_maxabs,15,nf4,4,1.1,sealed_topk,0.5,-0.3,1.3,False,15
resnet18,v1_maxabs,16,posit8_es1,8,0.6,sealed_topk,0.1,-0.2,0.4,False,15
resnet18,v1_maxabs,17,posit6_es1,6,0.5,sealed_topk,0.3,-0.2,0.8,False,15
resnet18,v1_maxabs,18,binary_pm1,1,0.2,sealed_topk,0.0,-0.4,0.4,False,16
resnet18,v1_maxabs,19,int4,4,0.2,sealed_topk,0.1,-0.2,0.5,False,16
resnet18,v1_maxabs,20,ternary,2,0.1,sealed_topk,,,,,16
resnet18,v1_percentile_99_9,1,bfp6,6,68.8,sealed_topk,5.0,2.8,7.2,True,1
resnet18,v1_percentile_99_9,2,mxfp6_e3m2,6,63.8,sealed_topk,1.4,-1.2,4.1,False,2
resnet18,v1_percentile_99_9,3,int8,8,62.4,sealed_topk,0.0,0.0,0.0,False,2
resnet18,v1_percentile_99_9,4,q1_6,8,62.4,sealed_topk,1.8,-0.6,4.2,False,2
resnet18,v1_percentile_99_9,5,int6,6,60.6,sealed_topk,3.3,0.9,5.7,True,3
resnet18,v1_percentile_99_9,6,fp6_e2m3,6,57.3,sealed_topk,0.3,-2.4,3.0,False,6
resnet18,v1_percentile_99_9,7,log6,6,57.0,sealed_topk,2.0,-0.6,4.7,False,6
resnet18,v1_percentile_99_9,8,fp8_e5m2,8,55.0,sealed_topk,1.2,-1.4,3.8,False,6
resnet18,v1_percentile_99_9,9,fp6_e3m2,6,53.8,sealed_topk,1.3,-1.4,4.0,False,8
resnet18,v1_percentile_99_9,10,fp5_e2m2,5,52.5,sealed_topk,0.0,-2.8,2.9,False,8
resnet18,v1_percentile_99_9,11,int5,5,52.5,sealed_topk,11.0,7.8,14.3,True,8
resnet18,v1_percentile_99_9,12,mxfp4_e2m1,4,41.5,sealed_topk,6.5,3.3,9.8,True,12
resnet18,v1_percentile_99_9,13,nf4,4,35.0,sealed_topk,22.4,19.2,25.6,True,13
resnet18,v1_percentile_99_9,14,posit4_es0,4,12.6,sealed_topk,4.1,1.7,6.5,True,14
resnet18,v1_percentile_99_9,15,int4,4,8.5,sealed_topk,3.5,1.6,5.5,True,15
resnet18,v1_percentile_99_9,16,fp4_e2m1,4,5.0,sealed_topk,1.0,-0.7,2.7,False,16
resnet18,v1_percentile_99_9,17,log4,4,4.0,sealed_topk,3.7,2.6,4.9,True,16
resnet18,v1_percentile_99_9,18,posit8_es1,8,0.3,sealed_topk,0.1,-0.3,0.6,False,18
resnet18,v1_percentile_99_9,19,posit6_es1,6,0.2,sealed_topk,0.1,-0.2,0.4,False,18
resnet18,v1_percentile_99_9,20,binary_pm1,1,0.1,sealed_topk,0.0,0.0,0.0,False,18
resnet18,v1_percentile_99_9,21,ternary,2,0.1,sealed_topk,,,,,18
mobilenet_v2,default,1,posit8_es1,8,72.39,expected_credit,0.09,-0.84,1.04,False,1
mobilenet_v2,default,2,int8,8,72.3,expected_credit,0.1,-0.6,0.85,False,1
mobilenet_v2,default,3,q1_6,8,72.2,expected_credit,2.1,0.51,3.69,True,1
mobilenet_v2,default,4,int6,6,70.1,expected_credit,1.93,0.55,3.34,True,4
mobilenet_v2,default,5,log8,8,68.17,expected_credit,0.47,-0.89,1.85,False,5
mobilenet_v2,default,6,fp8_e4m3fn,8,67.71,expected_credit,0.08,-0.84,1.01,False,5
mobilenet_v2,default,7,fp7_e3m3,7,67.62,expected_credit,0.88,-0.61,2.36,False,5
mobilenet_v2,default,8,mxfp8_e4m3,8,66.75,expected_credit,0.52,-0.96,2.01,False,5
mobilenet_v2,default,9,fp6_e2m3,6,66.23,expected_credit,4.72,2.98,6.51,True,8
mobilenet_v2,default,10,bfp6,6,61.52,expected_credit,28.97,26.28,31.76,True,10
mobilenet_v2,default,11,int5,5,32.55,expected_credit,9.31,7.39,11.27,True,11
mobilenet_v2,default,12,fp8_e5m2,8,23.24,expected_credit,2.37,0.77,3.99,True,12
mobilenet_v2,default,13,fp6_e3m2,6,20.86,expected_credit,0.53,-0.95,2.04,False,13
mobilenet_v2,default,14,log6,6,20.34,expected_credit,1.55,-0.07,3.18,False,13
mobilenet_v2,default,15,posit6_es1,6,18.79,expected_credit,10.48,8.82,12.27,True,14
mobilenet_v2,default,16,fp5_e2m2,5,8.31,expected_credit,1.08,-0.17,2.31,False,16
mobilenet_v2,default,17,mxfp6_e3m2,6,7.23,expected_credit,7.13,5.66,8.7,True,16
mobilenet_v2,default,18,nf4,4,0.1,expected_credit,0.0,-0.02,0.03,False,18
mobilenet_v2,default,19,ternary,2,0.1,expected_credit,0.0,-0.01,0.01,False,18
mobilenet_v2,default,20,binary_pm1,1,0.1,expected_credit,-0.0,-0.04,0.04,False,18
mobilenet_v2,default,21,fp4_e2m1,4,0.1,expected_credit,-0.0,-0.01,0.01,False,18
mobilenet_v2,default,22,int4,4,0.1,expected_credit,0.0,-0.02,0.02,False,18
mobilenet_v2,default,23,log4,4,0.1,expected_credit,0.0,-0.03,0.03,False,18
mobilenet_v2,default,24,posit4_es0,4,0.1,expected_credit,0.0,-0.07,0.07,False,18
mobilenet_v2,default,25,mxfp4_e2m1,4,0.1,expected_credit,,,,,18
mobilenet_v2,minimal,1,int8,8,72.28,expected_credit,0.0,0.0,0.0,False,1
mobilenet_v2,minimal,2,q1_6,8,72.28,expected_credit,4.88,3.07,6.74,True,1
mobilenet_v2,minimal,3,log8,8,67.41,expected_credit,0.73,-0.76,2.22,False,3
mobilenet_v2,minimal,4,fp8_e4m3fn,8,66.68,expected_credit,0.05,-1.2,1.29,False,3
mobilenet_v2,minimal,5,fp6_e2m3,6,66.63,expected_credit,0.05,-1.2,1.32,False,3
mobilenet_v2,minimal,6,fp7_e3m3,7,66.58,expected_credit,0.27,-1.54,2.09,False,3
mobilenet_v2,minimal,7,int6,6,66.31,expected_credit,1.08,-0.88,3.04,False,3
mobilenet_v2,minimal,8,mxfp8_e4m3,8,65.22,expected_credit,2.24,0.17,4.3,True,4
mobilenet_v2,minimal,9,bfp6,6,62.98,expected_credit,15.49,12.97,18.11,True,9
mobilenet_v2,minimal,10,log6,6,47.49,expected_credit,4.88,2.54,7.25,True,10
mobilenet_v2,minimal,11,fp6_e3m2,6,42.61,expected_credit,0.67,-1.86,3.11,False,11
mobilenet_v2,minimal,12,fp8_e5m2,8,41.94,expected_credit,0.02,-2.56,2.55,False,11
mobilenet_v2,minimal,13,mxfp6_e3m2,6,41.93,expected_credit,0.88,-1.63,3.45,False,11
mobilenet_v2,minimal,14,fp5_e2m2,5,41.05,expected_credit,9.58,6.82,12.42,True,11
mobilenet_v2,minimal,15,int5,5,31.47,expected_credit,29.97,27.3,32.66,True,15
mobilenet_v2,minimal,16,nf4,4,1.5,expected_credit,1.03,0.34,1.74,True,16
mobilenet_v2,minimal,17,int4,4,0.47,expected_credit,0.22,-0.22,0.72,False,17
mobilenet_v2,minimal,18,fp4_e2m1,4,0.25,expected_credit,0.01,-0.32,0.33,False,17
mobilenet_v2,minimal,19,mxfp4_e2m1,4,0.24,expected_credit,0.11,-0.1,0.38,False,17
mobilenet_v2,minimal,20,posit4_es0,4,0.13,expected_credit,0.02,-0.14,0.16,False,17
mobilenet_v2,minimal,21,log4,4,0.11,expected_credit,0.01,-0.08,0.15,False,17
mobilenet_v2,minimal,22,binary_pm1,1,0.1,expected_credit,0.0,-0.0,0.0,False,18
mobilenet_v2,minimal,23,ternary,2,0.1,expected_credit,0.0,-0.15,0.1,False,18
mobilenet_v2,minimal,24,posit6_es1,6,0.1,expected_credit,0.0,-0.15,0.15,False,17
mobilenet_v2,minimal,25,posit8_es1,8,0.1,expected_credit,,,,,17
mobilenet_v2,v1_maxabs,1,int8,8,66.5,sealed_topk,0.0,0.0,0.0,False,1
mobilenet_v2,v1_maxabs,2,q1_6,8,66.5,sealed_topk,0.7,-1.7,3.0,False,1
mobilenet_v2,v1_maxabs,3,mxfp8_e4m3,8,65.8,sealed_topk,0.1,-2.1,2.3,False,1
mobilenet_v2,v1_maxabs,4,fp8_e4m3fn,8,65.7,sealed_topk,0.7,-0.6,2.0,False,1
mobilenet_v2,v1_maxabs,5,fp7_e3m3,7,65.0,sealed_topk,4.1,1.8,6.4,True,1
mobilenet_v2,v1_maxabs,6,log8,8,60.9,sealed_topk,0.6,-2.0,3.1,False,6
mobilenet_v2,v1_maxabs,7,bfp6,6,60.3,sealed_topk,18.9,15.9,22.0,True,6
mobilenet_v2,v1_maxabs,8,mxfp6_e3m2,6,41.4,sealed_topk,5.8,2.7,8.8,True,8
mobilenet_v2,v1_maxabs,9,fp6_e3m2,6,35.6,sealed_topk,5.9,2.9,9.0,True,9
mobilenet_v2,v1_maxabs,10,fp8_e5m2,8,29.7,sealed_topk,19.5,16.5,22.4,True,10
mobilenet_v2,v1_maxabs,11,fp6_e2m3,6,10.2,sealed_topk,9.9,8.0,11.8,True,11
mobilenet_v2,v1_maxabs,12,int6,6,0.3,sealed_topk,0.1,-0.3,0.5,False,12
mobilenet_v2,v1_maxabs,13,posit6_es1,6,0.2,sealed_topk,0.1,-0.2,0.5,False,12
mobilenet_v2,v1_maxabs,14,binary_pm1,1,0.1,sealed_topk,0.0,-0.3,0.3,False,12
mobilenet_v2,v1_maxabs,15,fp4_e2m1,4,0.1,sealed_topk,0.0,-0.3,0.3,False,12
mobilenet_v2,v1_maxabs,16,int5,5,0.1,sealed_topk,0.0,-0.3,0.3,False,12
mobilenet_v2,v1_maxabs,17,mxfp4_e2m1,4,0.1,sealed_topk,0.0,-0.3,0.3,False,12
mobilenet_v2,v1_maxabs,18,nf4,4,0.1,sealed_topk,0.0,-0.3,0.3,False,12
mobilenet_v2,v1_maxabs,19,posit4_es0,4,0.1,sealed_topk,0.0,-0.3,0.3,False,12
mobilenet_v2,v1_maxabs,20,ternary,2,0.1,sealed_topk,0.1,0.0,0.3,False,12
mobilenet_v2,v1_maxabs,21,int4,4,0.0,sealed_topk,0.0,0.0,0.0,False,12
mobilenet_v2,v1_maxabs,22,log4,4,0.0,sealed_topk,0.0,0.0,0.0,False,12
mobilenet_v2,v1_maxabs,23,posit8_es1,8,0.0,sealed_topk,,,,,12
mobilenet_v2,v1_percentile_99_9,1,int8,8,66.4,sealed_topk,0.0,0.0,0.0,False,1
mobilenet_v2,v1_percentile_99_9,2,q1_6,8,66.4,sealed_topk,4.7,2.0,7.4,True,1
mobilenet_v2,v1_percentile_99_9,3,bfp6,6,61.7,sealed_topk,2.8,0.1,5.6,True,3
mobilenet_v2,v1_percentile_99_9,4,log8,8,58.9,sealed_topk,2.2,-0.2,4.7,False,4
mobilenet_v2,v1_percentile_99_9,5,fp7_e3m3,7,56.7,sealed_topk,0.2,-1.5,1.9,False,4
mobilenet_v2,v1_percentile_99_9,6,fp8_e4m3fn,8,56.5,sealed_topk,1.9,-0.6,4.3,False,4
mobilenet_v2,v1_percentile_99_9,7,fp6_e2m3,6,54.6,sealed_topk,2.7,-0.3,5.7,False,5
mobilenet_v2,v1_percentile_99_9,8,int6,6,51.9,sealed_topk,10.2,7.1,13.3,True,7
mobilenet_v2,v1_percentile_99_9,9,mxfp6_e3m2,6,41.7,sealed_topk,8.0,4.9,11.2,True,9
mobilenet_v2,v1_percentile_99_9,10,log6,6,33.7,sealed_topk,8.6,5.5,11.7,True,10
mobilenet_v2,v1_percentile_99_9,11,fp6_e3m2,6,25.1,sealed_topk,16.4,13.8,19.0,True,11
mobilenet_v2,v1_percentile_99_9,12,fp5_e2m2,5,8.7,sealed_topk,6.5,4.7,8.4,True,12
mobilenet_v2,v1_percentile_99_9,13,int5,5,2.2,sealed_topk,1.8,0.8,2.8,True,13
mobilenet_v2,v1_percentile_99_9,14,posit4_es0,4,0.4,sealed_topk,0.2,-0.3,0.7,False,14
mobilenet_v2,v1_percentile_99_9,15,nf4,4,0.2,sealed_topk,0.0,-0.4,0.4,False,14
mobilenet_v2,v1_percentile_99_9,16,posit6_es1,6,0.2,sealed_topk,0.1,-0.2,0.4,False,14
mobilenet_v2,v1_percentile_99_9,17,int4,4,0.1,sealed_topk,0.0,-0.3,0.3,False,14
mobilenet_v2,v1_percentile_99_9,18,log4,4,0.1,sealed_topk,0.0,-0.3,0.3,False,14
mobilenet_v2,v1_percentile_99_9,19,mxfp4_e2m1,4,0.1,sealed_topk,0.0,-0.3,0.3,False,14
mobilenet_v2,v1_percentile_99_9,20,ternary,2,0.1,sealed_topk,0.1,0.0,0.3,False,14
mobilenet_v2,v1_percentile_99_9,21,binary_pm1,1,0.0,sealed_topk,0.0,0.0,0.0,False,15
mobilenet_v2,v1_percentile_99_9,22,fp4_e2m1,4,0.0,sealed_topk,0.0,0.0,0.0,False,15
mobilenet_v2,v1_percentile_99_9,23,posit8_es1,8,0.0,sealed_topk,,,,,15
mobilenet_v3_large,default,1,posit8_es1,8,73.36,expected_credit,1.39,-0.34,3.13,False,1
mobilenet_v3_large,default,2,q1_6,8,71.97,expected_credit,0.31,-1.55,2.11,False,1
mobilenet_v3_large,default,3,fp8_e4m3fn,8,71.66,expected_credit,0.06,-1.83,1.98,False,2
mobilenet_v3_large,default,4,int8,8,71.6,expected_credit,0.48,-1.39,2.27,False,1
mobilenet_v3_large,default,5,fp7_e3m3,7,71.12,expected_credit,0.21,-1.24,1.67,False,2
mobilenet_v3_large,default,6,mxfp8_e4m3,8,70.92,expected_credit,1.08,-0.48,2.71,False,2
mobilenet_v3_large,default,7,log8,8,69.83,expected_credit,11.41,9.01,13.83,True,4
mobilenet_v3_large,default,8,fp6_e2m3,6,58.43,expected_credit,1.3,-1.16,3.83,False,8
mobilenet_v3_large,default,9,bfp6,6,57.12,expected_credit,3.97,1.42,6.51,True,8
mobilenet_v3_large,default,10,log6,6,53.16,expected_credit,6.58,3.98,9.19,True,10
mobilenet_v3_large,default,11,fp8_e5m2,8,46.57,expected_credit,2.0,-0.2,4.21,False,11
mobilenet_v3_large,default,12,fp6_e3m2,6,44.57,expected_credit,1.54,-0.7,3.83,False,11
mobilenet_v3_large,default,13,mxfp6_e3m2,6,43.04,expected_credit,0.13,-2.26,2.53,False,12
mobilenet_v3_large,default,14,posit6_es1,6,42.91,expected_credit,21.91,19.25,24.54,True,12
mobilenet_v3_large,default,15,int6,6,21.0,expected_credit,10.37,7.94,12.87,True,15
mobilenet_v3_large,default,16,fp5_e2m2,5,10.63,expected_credit,2.57,0.69,4.47,True,16
mobilenet_v3_large,default,17,int5,5,8.06,expected_credit,5.89,4.44,7.4,True,17
mobilenet_v3_large,default,18,nf4,4,2.17,expected_credit,1.76,0.99,2.58,True,18
mobilenet_v3_large,default,19,mxfp4_e2m1,4,0.41,expected_credit,0.29,0.03,0.6,True,19
mobilenet_v3_large,default,20,fp4_e2m1,4,0.12,expected_credit,0.01,-0.06,0.09,False,20
mobilenet_v3_large,default,21,posit4_es0,4,0.11,expected_credit,0.01,-0.08,0.09,False,20
mobilenet_v3_large,default,22,int4,4,0.1,expected_credit,0.0,-0.07,0.1,False,20
mobilenet_v3_large,default,23,ternary,2,0.1,expected_credit,0.0,-0.01,0.01,False,20
mobilenet_v3_large,default,24,binary_pm1,1,0.1,expected_credit,0.02,0.0,0.04,True,20
mobilenet_v3_large,default,25,log4,4,0.08,expected_credit,,,,,20
mobilenet_v3_large,minimal,1,int8,8,70.15,expected_credit,0.0,0.0,0.0,False,1
mobilenet_v3_large,minimal,2,q1_6,8,70.15,expected_credit,0.79,-1.13,2.76,False,1
mobilenet_v3_large,minimal,3,log8,8,69.36,expected_credit,0.31,-1.36,1.97,False,1
mobilenet_v3_large,minimal,4,fp7_e3m3,7,69.05,expected_credit,0.59,-0.63,1.82,False,1
mobilenet_v3_large,minimal,5,fp8_e4m3fn,8,68.46,expected_credit,2.44,0.27,4.62,True,1
mobilenet_v3_large,minimal,6,mxfp8_e4m3,8,66.02,expected_credit,18.52,15.82,21.28,True,6
mobilenet_v3_large,minimal,7,bfp6,6,47.49,expected_credit,2.34,-0.58,5.2,False,7
mobilenet_v3_large,minimal,8,fp8_e5m2,8,45.15,expected_credit,2.87,0.36,5.4,True,7
mobilenet_v3_large,minimal,9,fp6_e3m2,6,42.28,expected_credit,5.52,2.69,8.37,True,9
mobilenet_v3_large,minimal,10,fp6_e2m3,6,36.77,expected_credit,8.62,5.71,11.51,True,10
mobilenet_v3_large,minimal,11,mxfp6_e3m2,6,28.15,expected_credit,12.24,9.68,14.83,True,11
mobilenet_v3_large,minimal,12,log6,6,15.9,expected_credit,13.35,11.26,15.5,True,12
mobilenet_v3_large,minimal,13,int6,6,2.55,expected_credit,1.6,0.6,2.64,True,13
mobilenet_v3_large,minimal,14,fp5_e2m2,5,0.95,expected_credit,0.19,-0.5,0.91,False,14
mobilenet_v3_large,minimal,15,int5,5,0.76,expected_credit,0.55,0.0,1.13,False,14
mobilenet_v3_large,minimal,16,posit4_es0,4,0.21,expected_credit,0.0,-0.33,0.34,False,15
mobilenet_v3_large,minimal,17,nf4,4,0.2,expected_credit,0.05,-0.25,0.36,False,16
mobilenet_v3_large,minimal,18,mxfp4_e2m1,4,0.15,expected_credit,0.01,-0.15,0.24,False,16
mobilenet_v3_large,minimal,19,fp4_e2m1,4,0.14,expected_credit,0.04,-0.2,0.2,False,16
mobilenet_v3_large,minimal,20,int4,4,0.1,expected_credit,0.0,-0.3,0.3,False,16
mobilenet_v3_large,minimal,21,posit6_es1,6,0.1,expected_credit,0.01,-0.18,0.28,False,16
mobilenet_v3_large,minimal,22,binary_pm1,1,0.09,expected_credit,0.03,-0.06,0.16,False,16
mobilenet_v3_large,minimal,23,ternary,2,0.06,expected_credit,0.0,-0.08,0.06,False,16
mobilenet_v3_large,minimal,24,log4,4,0.05,expected_credit,0.05,0.0,0.14,False,16
mobilenet_v3_large,minimal,25,posit8_es1,8,0.0,expected_credit,,,,,20
mobilenet_v3_large,v1_maxabs,1,fp8_e4m3fn,8,68.6,sealed_topk,0.0,-2.1,2.2,False,1
mobilenet_v3_large,v1_maxabs,2,log8,8,68.6,sealed_topk,0.2,-2.0,2.3,False,1
mobilenet_v3_large,v1_maxabs,3,fp7_e3m3,7,68.4,sealed_topk,2.8,0.4,5.2,True,1
mobilenet_v3_large,v1_maxabs,4,mxfp8_e4m3,8,65.6,sealed_topk,23.7,20.6,26.8,True,4
mobilenet_v3_large,v1_maxabs,5,bfp6,6,41.9,sealed_topk,6.6,3.3,9.8,True,5
mobilenet_v3_large,v1_maxabs,6,fp6_e3m2,6,35.3,sealed_topk,5.7,2.6,8.8,True,6
mobilenet_v3_large,v1_maxabs,7,mxfp6_e3m2,6,29.6,sealed_topk,2.3,-0.6,5.3,False,7
mobilenet_v3_large,v1_maxabs,8,fp8_e5m2,8,27.3,sealed_topk,0.2,-2.8,3.1,False,7
mobilenet_v3_large,v1_maxabs,9,log6,6,27.1,sealed_topk,23.0,20.2,25.9,True,7
mobilenet_v3_large,v1_maxabs,10,int8,8,4.1,sealed_topk,3.9,2.7,5.2,True,10
mobilenet_v3_large,v1_maxabs,11,binary_pm1,1,0.2,sealed_topk,0.0,-0.4,0.4,False,11
mobilenet_v3_large,v1_maxabs,12,fp4_e2m1,4,0.2,sealed_topk,0.0,-0.4,0.4,False,11
mobilenet_v3_large,v1_maxabs,13,fp5_e2m2,5,0.2,sealed_topk,0.0,-0.4,0.4,False,11
mobilenet_v3_large,v1_maxabs,14,log4,4,0.2,sealed_topk,0.0,-0.4,0.4,False,11
mobilenet_v3_large,v1_maxabs,15,mxfp4_e2m1,4,0.2,sealed_topk,0.0,-0.4,0.4,False,11
mobilenet_v3_large,v1_maxabs,16,posit6_es1,6,0.2,sealed_topk,0.1,-0.2,0.5,False,11
mobilenet_v3_large,v1_maxabs,17,fp6_e2m3,6,0.1,sealed_topk,0.0,-0.3,0.3,False,11
mobilenet_v3_large,v1_maxabs,18,int4,4,0.1,sealed_topk,0.0,-0.3,0.3,False,11
mobilenet_v3_large,v1_maxabs,19,int6,6,0.1,sealed_topk,0.0,-0.3,0.3,False,11
mobilenet_v3_large,v1_maxabs,20,ternary,2,0.1,sealed_topk,0.1,0.0,0.3,False,11
mobilenet_v3_large,v1_maxabs,21,int5,5,0.0,sealed_topk,0.0,0.0,0.0,False,11
mobilenet_v3_large,v1_maxabs,22,nf4,4,0.0,sealed_topk,0.0,0.0,0.0,False,11
mobilenet_v3_large,v1_maxabs,23,posit4_es0,4,0.0,sealed_topk,0.0,0.0,0.0,False,11
mobilenet_v3_large,v1_maxabs,24,posit8_es1,8,0.0,sealed_topk,,,,,11
mobilenet_v3_large,v1_percentile_99_9,1,int8,8,68.9,sealed_topk,0.0,0.0,0.0,False,1
mobilenet_v3_large,v1_percentile_99_9,2,q1_6,8,68.9,sealed_topk,3.3,0.8,5.9,True,1
mobilenet_v3_large,v1_percentile_99_9,3,mxfp8_e4m3,8,65.6,sealed_topk,3.9,1.2,6.6,True,3
mobilenet_v3_large,v1_percentile_99_9,4,fp7_e3m3,7,61.7,sealed_topk,17.2,14.0,20.4,True,4
mobilenet_v3_large,v1_percentile_99_9,5,bfp6,6,44.5,sealed_topk,0.2,-3.0,3.3,False,5
mobilenet_v3_large,v1_percentile_99_9,6,fp6_e2m3,6,44.3,sealed_topk,14.1,10.9,17.3,True,5
mobilenet_v3_large,v1_percentile_99_9,7,fp6_e3m2,6,30.2,sealed_topk,0.7,-2.3,3.7,False,7
mobilenet_v3_large,v1_percentile_99_9,8,fp8_e5m2,8,29.5,sealed_topk,2.1,-0.9,5.2,False,7
mobilenet_v3_large,v1_percentile_99_9,9,mxfp6_e3m2,6,27.4,sealed_topk,3.3,0.4,6.2,True,7
mobilenet_v3_large,v1_percentile_99_9,10,log6,6,24.1,sealed_topk,9.7,7.0,12.5,True,10
mobilenet_v3_large,v1_percentile_99_9,11,int6,6,14.4,sealed_topk,12.8,10.6,15.0,True,11
mobilenet_v3_large,v1_percentile_99_9,12,fp5_e2m2,5,1.6,sealed_topk,1.4,0.7,2.2,True,12
mobilenet_v3_large,v1_percentile_99_9,13,fp4_e2m1,4,0.2,sealed_topk,0.0,-0.4,0.4,False,13
mobilenet_v3_large,v1_percentile_99_9,14,int5,5,0.2,sealed_topk,0.0,-0.4,0.4,False,13
mobilenet_v3_large,v1_percentile_99_9,15,posit4_es0,4,0.2,sealed_topk,0.0,-0.4,0.4,False,13
mobilenet_v3_large,v1_percentile_99_9,16,posit6_es1,6,0.2,sealed_topk,0.1,-0.2,0.5,False,13
mobilenet_v3_large,v1_percentile_99_9,17,binary_pm1,1,0.1,sealed_topk,0.0,-0.3,0.3,False,13
mobilenet_v3_large,v1_percentile_99_9,18,int4,4,0.1,sealed_topk,0.0,-0.3,0.3,False,13
mobilenet_v3_large,v1_percentile_99_9,19,log4,4,0.1,sealed_topk,0.1,0.0,0.3,False,13
mobilenet_v3_large,v1_percentile_99_9,20,mxfp4_e2m1,4,0.0,sealed_topk,0.0,0.0,0.0,False,13
mobilenet_v3_large,v1_percentile_99_9,21,nf4,4,0.0,sealed_topk,0.0,0.0,0.0,False,13
mobilenet_v3_large,v1_percentile_99_9,22,posit8_es1,8,0.0,sealed_topk,,,,,13
