model,format,family,bits,default,minimal,default_minus_minimal,low,high,better,eligible
resnet18,int8,integer,8,69.22,69.72,-0.5,-1.3,0.29,not_separated,True
resnet18,int6,integer,6,65.89,65.83,0.06,-1.59,1.75,not_separated,True
resnet18,int5,integer,5,13.69,52.18,-38.49,-41.44,-35.58,minimal,True
resnet18,int4,integer,4,0.13,17.14,-17.01,-18.8,-15.26,minimal,True
resnet18,q1_6,fixed_point,8,69.17,69.72,-0.55,-1.43,0.27,not_separated,True
resnet18,fp8_e4m3fn,float,8,67.67,68.62,-0.95,-2.2,0.28,not_separated,True
resnet18,fp8_e5m2,float,8,61.18,62.97,-1.79,-3.43,-0.21,minimal,True
resnet18,fp7_e3m3,float,7,67.48,68.41,-0.93,-2.06,0.17,not_separated,True
resnet18,fp6_e3m2,float,6,53.62,62.91,-9.29,-11.39,-7.2,minimal,True
resnet18,fp6_e2m3,float,6,66.66,68.0,-1.34,-2.95,0.23,not_separated,True
resnet18,fp5_e2m2,float,5,39.09,56.88,-17.79,-20.57,-14.99,minimal,True
resnet18,fp4_e2m1,float,4,0.09,19.23,-19.14,-20.98,-17.32,minimal,True
resnet18,bfp6,shared_exponent,6,66.8,69.04,-2.24,-3.69,-0.88,minimal,True
resnet18,mxfp8_e4m3,shared_exponent,8,67.71,68.71,-1.0,-2.1,0.08,not_separated,True
resnet18,mxfp6_e3m2,shared_exponent,6,51.61,64.38,-12.76,-14.96,-10.59,minimal,True
resnet18,mxfp4_e2m1,shared_exponent,4,0.15,40.01,-39.86,-42.36,-37.33,minimal,True
resnet18,posit8_es1,posit,8,69.63,4.37,65.27,62.4,68.1,default,True
resnet18,posit6_es1,posit,6,59.6,3.75,55.85,52.98,58.62,default,True
resnet18,posit4_es0,posit,4,0.05,24.02,-23.96,-26.03,-21.97,minimal,True
resnet18,log8,logarithmic,8,68.09,68.36,-0.27,-1.39,0.82,not_separated,True
resnet18,log6,logarithmic,6,54.54,61.5,-6.96,-9.15,-4.77,minimal,True
resnet18,log4,logarithmic,4,0.07,15.09,-15.01,-16.81,-13.33,minimal,True
resnet18,nf4,codebook,4,0.25,34.42,-34.17,-36.47,-31.9,minimal,True
resnet18,binary_pm1,binary_ternary,1,0.1,0.1,0.0,-0.0,0.01,not_separated,False
resnet18,ternary,binary_ternary,2,0.1,0.1,0.0,-0.04,0.05,not_separated,False
mobilenet_v2,int8,integer,8,72.3,72.28,0.02,-0.85,0.87,not_separated,True
mobilenet_v2,int6,integer,6,70.1,66.31,3.79,1.93,5.7,default,True
mobilenet_v2,int5,integer,5,32.55,31.47,1.08,-1.78,4.04,not_separated,True
mobilenet_v2,int4,integer,4,0.1,0.47,-0.37,-0.82,-0.01,minimal,False
mobilenet_v2,q1_6,fixed_point,8,72.2,72.28,-0.08,-0.93,0.75,not_separated,True
mobilenet_v2,fp8_e4m3fn,float,8,67.71,66.68,1.03,-0.83,2.93,not_separated,True
mobilenet_v2,fp8_e5m2,float,8,23.24,41.94,-18.71,-21.64,-15.7,minimal,True
mobilenet_v2,fp7_e3m3,float,7,67.62,66.58,1.04,-0.83,2.97,not_separated,True
mobilenet_v2,fp6_e3m2,float,6,20.86,42.61,-21.75,-24.66,-18.77,minimal,True
mobilenet_v2,fp6_e2m3,float,6,66.23,66.63,-0.4,-2.34,1.54,not_separated,True
mobilenet_v2,fp5_e2m2,float,5,8.31,41.05,-32.74,-35.44,-29.91,minimal,True
mobilenet_v2,fp4_e2m1,float,4,0.1,0.25,-0.15,-0.42,0.05,not_separated,False
mobilenet_v2,bfp6,shared_exponent,6,61.52,62.98,-1.47,-3.92,0.97,not_separated,True
mobilenet_v2,mxfp8_e4m3,shared_exponent,8,66.75,65.22,1.52,-0.47,3.52,not_separated,True
mobilenet_v2,mxfp6_e3m2,shared_exponent,6,7.23,41.93,-34.69,-37.6,-31.73,minimal,True
mobilenet_v2,mxfp4_e2m1,shared_exponent,4,0.1,0.24,-0.14,-0.41,0.05,not_separated,False
mobilenet_v2,posit8_es1,posit,8,72.39,0.1,72.29,69.5,75.0,default,True
mobilenet_v2,posit6_es1,posit,6,18.79,0.1,18.69,16.49,21.0,default,True
mobilenet_v2,posit4_es0,posit,4,0.1,0.13,-0.03,-0.14,0.06,not_separated,False
mobilenet_v2,log8,logarithmic,8,68.17,67.41,0.76,-1.13,2.66,not_separated,True
mobilenet_v2,log6,logarithmic,6,20.34,47.49,-27.15,-30.1,-24.2,minimal,True
mobilenet_v2,log4,logarithmic,4,0.1,0.11,-0.01,-0.15,0.09,not_separated,False
mobilenet_v2,nf4,codebook,4,0.1,1.5,-1.4,-2.07,-0.81,minimal,False
mobilenet_v2,binary_pm1,binary_ternary,1,0.1,0.1,-0.0,-0.01,0.01,not_separated,False
mobilenet_v2,ternary,binary_ternary,2,0.1,0.1,-0.0,-0.0,0.0,not_separated,False
mobilenet_v3_large,int8,integer,8,71.6,70.15,1.45,-0.4,3.35,not_separated,True
mobilenet_v3_large,int6,integer,6,21.0,2.55,18.45,16.01,20.88,default,True
mobilenet_v3_large,int5,integer,5,8.06,0.76,7.3,5.83,8.83,default,False
mobilenet_v3_large,int4,integer,4,0.1,0.1,0.0,-0.24,0.17,not_separated,False
mobilenet_v3_large,q1_6,fixed_point,8,71.97,70.15,1.82,-0.1,3.68,not_separated,True
mobilenet_v3_large,fp8_e4m3fn,float,8,71.66,68.46,3.2,1.47,5.01,default,True
mobilenet_v3_large,fp8_e5m2,float,8,46.57,45.15,1.42,-1.25,4.13,not_separated,True
mobilenet_v3_large,fp7_e3m3,float,7,71.12,69.05,2.07,0.34,3.83,default,True
mobilenet_v3_large,fp6_e3m2,float,6,44.57,42.28,2.29,-0.39,4.99,not_separated,True
mobilenet_v3_large,fp6_e2m3,float,6,58.43,36.77,21.66,18.72,24.66,default,True
mobilenet_v3_large,fp5_e2m2,float,5,10.63,0.95,9.68,7.97,11.43,default,True
mobilenet_v3_large,fp4_e2m1,float,4,0.12,0.14,-0.02,-0.12,0.08,not_separated,False
mobilenet_v3_large,bfp6,shared_exponent,6,57.12,47.49,9.63,6.88,12.47,default,True
mobilenet_v3_large,mxfp8_e4m3,shared_exponent,8,70.92,66.02,4.9,2.8,7.01,default,True
mobilenet_v3_large,mxfp6_e3m2,shared_exponent,6,43.04,28.15,14.89,12.07,17.75,default,True
mobilenet_v3_large,mxfp4_e2m1,shared_exponent,4,0.41,0.15,0.26,-0.08,0.62,not_separated,False
mobilenet_v3_large,posit8_es1,posit,8,73.36,0.0,73.36,70.57,76.09,default,True
mobilenet_v3_large,posit6_es1,posit,6,42.91,0.1,42.81,39.93,45.6,default,True
mobilenet_v3_large,posit4_es0,posit,4,0.11,0.21,-0.09,-0.37,0.1,not_separated,False
mobilenet_v3_large,log8,logarithmic,8,69.83,69.36,0.47,-1.38,2.36,not_separated,True
mobilenet_v3_large,log6,logarithmic,6,53.16,15.9,37.25,34.32,40.16,default,True
mobilenet_v3_large,log4,logarithmic,4,0.08,0.05,0.02,-0.07,0.09,not_separated,False
mobilenet_v3_large,nf4,codebook,4,2.17,0.2,1.97,1.21,2.76,default,False
mobilenet_v3_large,binary_pm1,binary_ternary,1,0.1,0.09,0.01,-0.12,0.1,not_separated,False
mobilenet_v3_large,ternary,binary_ternary,2,0.1,0.06,0.04,0.04,0.05,default,False
