model,format,recipe,sealed_topk_top1,expected_top1,lowest_index_top1,tied_top1_images,sealed_top5_lists_reproduced,agrees_with_r3c_tie_record
mobilenet_v2,fp6_e2m3,default,66.9,66.235,65.4,152,1000,True
mobilenet_v2,fp6_e2m3,minimal,66.6,66.631,66.5,129,1000,
mobilenet_v2,fp7_e3m3,default,67.9,67.625,67.3,115,1000,True
mobilenet_v2,fp8_e4m3fn,default,68.1,67.7083,67.9,135,1000,True
mobilenet_v2,int4,default,0.1,0.1,0.1,1000,1000,True
mobilenet_v2,int4,minimal,0.5,0.4681,0.4,562,1000,
mobilenet_v2,int6,default,70.5,70.0983,70.3,104,1000,True
mobilenet_v2,int6,minimal,66.4,66.3083,66.2,74,1000,
mobilenet_v2,int8,default,72.0,72.3,72.0,14,1000,True
mobilenet_v2,int8,minimal,72.2,72.2833,72.1,21,1000,
mobilenet_v2,log8,default,67.8,68.1733,67.9,111,1000,True
mobilenet_v2,nf4,default,0.1,0.1014,0.2,1000,1000,True
mobilenet_v2,posit8_es1,default,72.1,72.3917,71.9,56,1000,True
mobilenet_v2,posit8_es1,minimal,0.1,0.1,0.1,123,1000,
mobilenet_v3_large,fp6_e2m3,default,57.9,58.425,58.5,150,1000,True
mobilenet_v3_large,fp6_e2m3,minimal,35.9,36.7667,37.9,220,1000,
mobilenet_v3_large,fp7_e3m3,default,71.0,71.125,71.3,104,1000,True
mobilenet_v3_large,fp8_e4m3fn,default,71.6,71.6583,71.5,111,1000,True
mobilenet_v3_large,int4,default,0.1,0.1032,0.1,1000,1000,True
mobilenet_v3_large,int4,minimal,0.1,0.1,0.1,381,1000,
mobilenet_v3_large,int6,default,21.1,20.9952,20.9,466,1000,True
mobilenet_v3_large,int6,minimal,2.5,2.55,2.5,162,1000,
mobilenet_v3_large,int8,default,71.5,71.6,71.5,13,1000,True
mobilenet_v3_large,int8,minimal,69.9,70.15,69.9,23,1000,
mobilenet_v3_large,log8,default,70.0,69.8333,69.5,114,1000,True
mobilenet_v3_large,nf4,default,2.2,2.1693,2.0,616,1000,True
mobilenet_v3_large,posit8_es1,default,73.4,73.3583,72.8,47,1000,True
mobilenet_v3_large,posit8_es1,minimal,0.0,0.0,0.0,90,1000,
resnet18,fp6_e2m3,default,67.3,66.6567,66.8,183,1000,True
resnet18,fp6_e2m3,minimal,68.5,68.001,67.0,193,1000,
resnet18,fp7_e3m3,default,68.0,67.4825,67.3,174,1000,True
resnet18,fp8_e4m3fn,default,68.5,67.6658,67.9,186,1000,True
resnet18,int4,default,0.1,0.1287,0.2,980,1000,True
resnet18,int4,minimal,15.4,17.1396,18.0,650,1000,
resnet18,int6,default,66.9,65.8917,65.2,168,1000,True
resnet18,int6,minimal,66.1,65.8317,65.6,177,1000,
resnet18,int8,default,69.0,69.2167,68.6,42,1000,True
resnet18,int8,minimal,69.4,69.72,69.4,47,1000,
resnet18,log8,default,68.0,68.085,67.9,181,1000,True
resnet18,nf4,default,0.4,0.2522,0.1,606,1000,True
resnet18,posit8_es1,default,69.8,69.6333,69.1,102,1000,True
resnet18,posit8_es1,minimal,4.2,4.3667,4.4,154,1000,
