model,format,family,bits,comparison,unsigned,signed,d,low,high,unsigned_source,signed_source
resnet18,int8,integer,8,unsigned_minus_signed_under_default,69.2167,69.1667,0.05,-0.55,0.6833,l1:default,q2:factorial:default_signed
resnet18,int6,integer,6,unsigned_minus_signed_under_default,65.8917,61.8061,4.0855,2.8412,5.3671,l1:default,q2:factorial:default_signed
resnet18,int5,integer,5,unsigned_minus_signed_under_default,13.6912,7.7179,5.9733,4.6623,7.3222,l1:default,q2:factorial:default_signed
resnet18,int4,integer,4,unsigned_minus_signed_under_default,0.1287,0.1287,-0.0,-0.1197,0.1109,l1:default,q2:factorial:default_signed
resnet18,fp8_e4m3fn,float,8,unsigned_minus_signed_under_default,68.4053,67.6658,0.7394,-0.212,1.7025,q2:unsigned:default:unsigned,l1:default
resnet18,fp8_e5m2,float,8,unsigned_minus_signed_under_default,63.7992,61.178,2.6213,1.2513,4.0044,q2:unsigned:default:unsigned,l1:default
resnet18,fp7_e3m3,float,7,unsigned_minus_signed_under_default,68.0719,67.4825,0.5894,-0.2767,1.4528,q2:unsigned:default:unsigned,l1:default
resnet18,fp6_e3m2,float,6,unsigned_minus_signed_under_default,63.2433,53.6235,9.6198,7.7561,11.4799,q2:unsigned:default:unsigned,l1:default
resnet18,fp6_e2m3,float,6,unsigned_minus_signed_under_default,68.1367,66.6567,1.48,0.3649,2.6617,q2:unsigned:default:unsigned,l1:default
resnet18,fp5_e2m2,float,5,unsigned_minus_signed_under_default,58.3138,39.094,19.2198,16.9398,21.4728,q2:unsigned:default:unsigned,l1:default
resnet18,fp4_e2m1,float,4,unsigned_minus_signed_under_default,0.0767,0.0856,-0.009,-0.0693,0.0572,q2:unsigned:default:unsigned,l1:default
resnet18,bfp6,bfp,6,unsigned_minus_signed_under_default,69.1976,68.2,0.9976,0.2476,1.8119,q2:unsigned:cum5_act_maxabs:unsigned,l1:cum5_act_maxabs
resnet18,mxfp8_e4m3,mx_float,8,unsigned_minus_signed_under_default,69.04,67.7302,1.3098,0.4431,2.2055,q2:unsigned:cum5_act_maxabs:unsigned,l1:cum5_act_maxabs
resnet18,mxfp6_e3m2,mx_float,6,unsigned_minus_signed_under_default,62.2515,50.744,11.5075,9.7494,13.3287,q2:unsigned:cum5_act_maxabs:unsigned,l1:cum5_act_maxabs
resnet18,mxfp4_e2m1,mx_float,4,unsigned_minus_signed_under_default,0.5847,0.1833,0.4014,0.1323,0.7395,q2:unsigned:cum5_act_maxabs:unsigned,l1:cum5_act_maxabs
resnet18,posit8_es1,posit,8,unsigned_minus_signed_under_default,69.4583,69.6333,-0.175,-0.8833,0.5333,q2:unsigned:default:unsigned,l1:default
resnet18,posit6_es1,posit,6,unsigned_minus_signed_under_default,64.9125,59.595,5.3175,3.7343,6.8651,q2:unsigned:default:unsigned,l1:default
resnet18,posit4_es0,posit,4,unsigned_minus_signed_under_default,0.1571,0.0537,0.1034,-0.0139,0.2556,q2:unsigned:default:unsigned,l1:default
resnet18,log8,logarithmic,8,unsigned_minus_signed_under_default,68.82,68.085,0.735,-0.215,1.6684,q2:unsigned:default:unsigned,l1:default
resnet18,log6,logarithmic,6,unsigned_minus_signed_under_default,62.5119,54.5428,7.9692,6.1326,9.8333,q2:unsigned:default:unsigned,l1:default
resnet18,log4,logarithmic,4,unsigned_minus_signed_under_default,0.0517,0.0725,-0.0208,-0.0975,0.0583,q2:unsigned:default:unsigned,l1:default
mobilenet_v2,int8,integer,8,unsigned_minus_signed_under_default,72.3,72.2,0.1,-0.6,0.85,l1:default,q2:factorial:default_signed
mobilenet_v2,int6,integer,6,unsigned_minus_signed_under_default,70.0983,66.9668,3.1316,1.8167,4.4684,l1:default,q2:factorial:default_signed
mobilenet_v2,int5,integer,5,unsigned_minus_signed_under_default,32.55,13.1933,19.3567,17.2342,21.538,l1:default,q2:factorial:default_signed
mobilenet_v2,int4,integer,4,unsigned_minus_signed_under_default,0.1,0.1,0.0,0.0,0.0,l1:default,q2:factorial:default_signed
mobilenet_v2,fp8_e4m3fn,float,8,unsigned_minus_signed_under_default,70.1783,67.7083,2.47,1.1867,3.7867,q2:unsigned:default:unsigned,l1:default
mobilenet_v2,fp8_e5m2,float,8,unsigned_minus_signed_under_default,48.795,23.2351,25.5598,23.0683,28.0748,q2:unsigned:default:unsigned,l1:default
mobilenet_v2,fp7_e3m3,float,7,unsigned_minus_signed_under_default,69.7833,67.625,2.1583,0.9083,3.4583,q2:unsigned:default:unsigned,l1:default
mobilenet_v2,fp6_e3m2,float,6,unsigned_minus_signed_under_default,55.7986,20.8625,34.9361,32.1661,37.6887,q2:unsigned:default:unsigned,l1:default
mobilenet_v2,fp6_e2m3,float,6,unsigned_minus_signed_under_default,70.425,66.235,4.19,2.7766,5.6067,q2:unsigned:default:unsigned,l1:default
mobilenet_v2,fp5_e2m2,float,5,unsigned_minus_signed_under_default,33.2344,8.3108,24.9236,22.5976,27.2302,q2:unsigned:default:unsigned,l1:default
mobilenet_v2,fp4_e2m1,float,4,unsigned_minus_signed_under_default,0.1042,0.1,0.0042,0.0,0.0125,q2:unsigned:default:unsigned,l1:default
mobilenet_v2,bfp6,bfp,6,unsigned_minus_signed_under_default,69.525,65.6,3.925,2.475,5.4333,q2:unsigned:cum5_act_maxabs:unsigned,l1:cum5_act_maxabs
mobilenet_v2,mxfp8_e4m3,mx_float,8,unsigned_minus_signed_under_default,68.7,66.5583,2.1417,0.8165,3.4833,q2:unsigned:cum5_act_maxabs:unsigned,l1:cum5_act_maxabs
mobilenet_v2,mxfp6_e3m2,mx_float,6,unsigned_minus_signed_under_default,30.4333,8.4292,22.0042,19.5891,24.4109,q2:unsigned:cum5_act_maxabs:unsigned,l1:cum5_act_maxabs
mobilenet_v2,mxfp4_e2m1,mx_float,4,unsigned_minus_signed_under_default,0.0875,0.0964,-0.0089,-0.0179,-0.0018,q2:unsigned:cum5_act_maxabs:unsigned,l1:cum5_act_maxabs
mobilenet_v2,posit8_es1,posit,8,unsigned_minus_signed_under_default,72.6833,72.3917,0.2917,-0.6083,1.2083,q2:unsigned:default:unsigned,l1:default
mobilenet_v2,posit6_es1,posit,6,unsigned_minus_signed_under_default,42.745,18.789,23.956,21.5372,26.3462,q2:unsigned:default:unsigned,l1:default
mobilenet_v2,posit4_es0,posit,4,unsigned_minus_signed_under_default,0.1013,0.1,0.0013,-0.0003,0.0045,q2:unsigned:default:unsigned,l1:default
mobilenet_v2,log8,logarithmic,8,unsigned_minus_signed_under_default,70.8867,68.1733,2.7133,1.5833,3.88,q2:unsigned:default:unsigned,l1:default
mobilenet_v2,log6,logarithmic,6,unsigned_minus_signed_under_default,54.4542,20.3369,34.1173,31.2273,36.8705,q2:unsigned:default:unsigned,l1:default
mobilenet_v2,log4,logarithmic,4,unsigned_minus_signed_under_default,0.1,0.1,0.0,0.0,0.0,q2:unsigned:default:unsigned,l1:default
mobilenet_v3_large,int8,integer,8,unsigned_minus_signed_under_default,71.6,71.9667,-0.3667,-1.6667,0.9337,l1:default,q2:factorial:default_signed
mobilenet_v3_large,int6,integer,6,unsigned_minus_signed_under_default,20.9952,14.7668,6.2284,4.2136,8.2052,l1:default,q2:factorial:default_signed
mobilenet_v3_large,int5,integer,5,unsigned_minus_signed_under_default,8.0592,3.5344,4.5247,3.0599,6.0398,l1:default,q2:factorial:default_signed
mobilenet_v3_large,int4,integer,4,unsigned_minus_signed_under_default,0.1032,0.0829,0.0203,-0.0604,0.1142,l1:default,q2:factorial:default_signed
mobilenet_v3_large,fp8_e4m3fn,float,8,unsigned_minus_signed_under_default,72.5833,71.6583,0.925,-0.1833,2.0417,q2:unsigned:default:unsigned,l1:default
mobilenet_v3_large,fp8_e5m2,float,8,unsigned_minus_signed_under_default,56.0192,46.5743,9.4449,7.4999,11.4567,q2:unsigned:default:unsigned,l1:default
mobilenet_v3_large,fp7_e3m3,float,7,unsigned_minus_signed_under_default,71.7417,71.125,0.6167,-0.5,1.725,q2:unsigned:default:unsigned,l1:default
mobilenet_v3_large,fp6_e3m2,float,6,unsigned_minus_signed_under_default,47.8483,44.5736,3.2748,1.2557,5.2706,q2:unsigned:default:unsigned,l1:default
mobilenet_v3_large,fp6_e2m3,float,6,unsigned_minus_signed_under_default,58.6667,58.425,0.2417,-1.7417,2.1833,q2:unsigned:default:unsigned,l1:default
mobilenet_v3_large,fp5_e2m2,float,5,unsigned_minus_signed_under_default,14.4945,10.6253,3.8692,1.93,5.8211,q2:unsigned:default:unsigned,l1:default
mobilenet_v3_large,fp4_e2m1,float,4,unsigned_minus_signed_under_default,0.0683,0.123,-0.0547,-0.14,0.0222,q2:unsigned:default:unsigned,l1:default
mobilenet_v3_large,bfp6,bfp,6,unsigned_minus_signed_under_default,56.3333,56.6,-0.2667,-2.6333,2.0833,q2:unsigned:cum5_act_maxabs:unsigned,l1:cum5_act_maxabs
mobilenet_v3_large,mxfp8_e4m3,mx_float,8,unsigned_minus_signed_under_default,71.35,70.0617,1.2883,0.1583,2.4333,q2:unsigned:cum5_act_maxabs:unsigned,l1:cum5_act_maxabs
mobilenet_v3_large,mxfp6_e3m2,mx_float,6,unsigned_minus_signed_under_default,59.4442,44.9067,14.5375,12.1899,16.9067,q2:unsigned:cum5_act_maxabs:unsigned,l1:cum5_act_maxabs
mobilenet_v3_large,mxfp4_e2m1,mx_float,4,unsigned_minus_signed_under_default,0.4866,0.4532,0.0334,-0.4181,0.488,q2:unsigned:cum5_act_maxabs:unsigned,l1:cum5_act_maxabs
mobilenet_v3_large,posit8_es1,posit,8,unsigned_minus_signed_under_default,74.0667,73.3583,0.7083,-0.0833,1.5167,q2:unsigned:default:unsigned,l1:default
mobilenet_v3_large,posit6_es1,posit,6,unsigned_minus_signed_under_default,53.0133,42.91,10.1033,7.9833,12.2984,q2:unsigned:default:unsigned,l1:default
mobilenet_v3_large,posit4_es0,posit,4,unsigned_minus_signed_under_default,0.112,0.1145,-0.0025,-0.0412,0.0359,q2:unsigned:default:unsigned,l1:default
mobilenet_v3_large,log8,logarithmic,8,unsigned_minus_signed_under_default,71.7167,69.8333,1.8833,0.6083,3.1917,q2:unsigned:default:unsigned,l1:default
mobilenet_v3_large,log6,logarithmic,6,unsigned_minus_signed_under_default,45.2118,53.1583,-7.9465,-10.2668,-5.6407,q2:unsigned:default:unsigned,l1:default
mobilenet_v3_large,log4,logarithmic,4,unsigned_minus_signed_under_default,0.0797,0.0756,0.004,-0.0281,0.0366,q2:unsigned:default:unsigned,l1:default
