format,configuration,frozen.map50_95,frozen.map50,frozen_minus_fp32.delta,frozen_minus_fp32.interval.low,frozen_minus_fp32.interval.high,frozen_minus_fp32.delta_map50,frozen_minus_fp32.interval_map50.low,frozen_minus_fp32.interval_map50.high,frozen_minus_int8_frozen,detections,distinct_scores,head_logits.map50_95,head_logits.map50,head_logits_minus_frozen.delta,head_logits_minus_frozen.interval.low,head_logits_minus_frozen.interval.high,head_logits_minus_frozen.delta_map50,head_logits_minus_frozen.interval_map50.low,head_logits_minus_frozen.interval_map50.high,head_logits_minus_fp32.delta,head_logits_minus_fp32.interval.low,head_logits_minus_fp32.interval.high,head_logits_minus_fp32.delta_map50,head_logits_minus_fp32.interval_map50.low,head_logits_minus_fp32.interval_map50.high,v1_maxabs.map50_95,v1_maxabs.map50,frozen_minus_v1_maxabs.delta,frozen_minus_v1_maxabs.interval.low,frozen_minus_v1_maxabs.interval.high,frozen_minus_v1_maxabs.delta_map50,frozen_minus_v1_maxabs.interval_map50.low,frozen_minus_v1_maxabs.interval_map50.high,v1_percentile_99_9.map50_95,v1_percentile_99_9.map50,frozen_minus_v1_percentile_99_9.delta,frozen_minus_v1_percentile_99_9.interval.low,frozen_minus_v1_percentile_99_9.interval.high,frozen_minus_v1_percentile_99_9.delta_map50,frozen_minus_v1_percentile_99_9.interval_map50.low,frozen_minus_v1_percentile_99_9.interval_map50.high,frozen_minus_int8_frozen.delta,frozen_minus_int8_frozen.interval.low,frozen_minus_int8_frozen.interval.high,frozen_minus_int8_frozen.delta_map50,frozen_minus_int8_frozen.interval_map50.low,frozen_minus_int8_frozen.interval_map50.high
int8,1834351b1f74,38.024,53.725,-1.025,-1.52,-0.776,-0.627,-1.142,-0.264,,152257,88,38.16,53.853,0.136,0.031,0.331,0.128,0.003,0.234,-0.889,-1.329,-0.626,-0.499,-1.017,-0.165,31.591,47.975,6.433,5.872,7.444,5.75,5.035,6.936,2.905,5.014,35.118,34.256,37.654,48.711,47.408,51.606,,,,,,
int6,1209460b7248,30.944,45.953,-8.105,-9.237,-7.53,-8.399,-9.754,-7.615,,63961,26,31.773,46.635,0.829,0.706,1.065,0.682,0.484,0.881,-7.275,-8.334,-6.661,-7.717,-9.049,-6.95,0.216,0.634,30.728,30.017,33.331,45.319,44.185,48.39,1.237,2.671,29.707,28.883,32.147,43.282,41.958,45.991,-7.08,-8.02,-6.432,-7.772,-8.98,-6.964
fp8_e4m3fn,7221154128a8,34.42,51.087,-4.629,-5.541,-4.245,-3.265,-4.223,-2.668,,196268,112,35.388,51.351,0.969,0.825,1.285,0.264,0.078,0.472,-3.66,-4.488,-3.224,-3.001,-3.964,-2.404,15.975,30.968,18.444,17.302,19.827,20.119,18.362,21.684,1.253,2.817,33.166,32.443,35.755,48.27,47.03,51.267,-3.604,-4.383,-3.096,-2.638,-3.576,-1.956
fp7_e3m3,36aaf9c1768f,34.149,50.618,-4.9,-5.843,-4.466,-3.734,-4.641,-3.079,,214011,110,35.141,50.958,0.993,0.839,1.262,0.34,0.071,0.647,-3.907,-4.776,-3.413,-3.394,-4.33,-2.761,15.705,30.869,18.444,17.283,19.74,19.749,17.908,21.176,1.262,2.815,32.886,32.25,35.517,47.803,46.661,50.838,-3.875,-4.65,-3.344,-3.107,-4.009,-2.394
fp6_e2m3,c31c47d0aeaa,32.131,47.788,-6.918,-7.966,-6.45,-6.564,-7.814,-5.911,,56480,26,33.512,48.943,1.381,1.126,1.62,1.155,0.742,1.425,-5.537,-6.592,-5.099,-5.409,-6.737,-4.84,4.104,8.313,28.027,27.221,30.265,39.475,38.092,42.015,1.014,2.357,31.117,30.345,33.651,45.432,44.007,48.279,-5.893,-6.781,-5.33,-5.936,-7.138,-5.261
log8,82fa3beacff0,33.67,50.342,-5.379,-6.412,-4.93,-4.01,-4.996,-3.318,,197888,112,35.295,50.694,1.625,1.428,1.923,0.351,0.147,0.591,-3.754,-4.693,-3.277,-3.658,-4.62,-2.97,16.769,32.191,16.901,15.755,18.272,18.151,16.393,19.64,1.196,2.638,32.473,31.709,34.97,47.704,46.479,50.737,-4.354,-5.207,-3.807,-3.382,-4.319,-2.682
posit8_es1,04fd1b90be7a,38.115,53.795,-0.934,-1.37,-0.723,-0.557,-1.064,-0.22,,185294,164,38.425,53.866,0.31,0.133,0.473,0.071,-0.093,0.239,-0.624,-1.049,-0.43,-0.486,-0.977,-0.168,0.0,0.0,38.115,37.47,41.149,53.795,52.728,57.19,0.0,0.0,38.115,37.47,41.149,53.795,52.728,57.191,0.091,-0.315,0.529,0.07,-0.483,0.586
bfp6,60a7f065d41c,33.978,49.36,-5.071,-6.176,-4.682,-4.992,-6.229,-4.449,,147304,38,34.723,49.489,0.745,0.546,0.89,0.129,-0.041,0.284,-4.326,-5.481,-3.95,-4.863,-6.095,-4.312,11.958,22.198,22.019,21.196,23.693,27.162,25.896,28.943,12.016,22.432,21.961,21.153,23.663,26.928,25.74,28.821,-4.046,-5.055,-3.502,-4.365,-5.578,-3.679
mxfp8_e4m3,ea15b183c1d4,35.361,52.077,-3.688,-4.509,-3.316,-2.275,-3.162,-1.773,,162926,36,36.083,52.332,0.722,0.555,1.003,0.255,0.122,0.461,-2.966,-3.691,-2.574,-2.02,-2.89,-1.494,19.11,36.428,16.251,15.364,17.499,15.649,14.134,16.882,19.11,36.439,16.25,15.374,17.504,15.638,14.133,16.854,-2.663,-3.359,-2.171,-1.648,-2.576,-1.075
