source,format,recipe,fixed_rule.low,fixed_rule.high,true_positives_first.low,true_positives_first.high,false_positives_first.low,false_positives_first.high,envelope_width_map50_95,envelope_width_map50,detections,distinct_scores,detections_scored,share_of_scored_detections_with_a_tied_score,orders.index.map50_95,orders.index.map50,orders.reverse.map50_95,orders.reverse.map50,orders.random0.map50_95,orders.random0.map50,orders.random1.map50_95,orders.random1.map50,orders.random2.map50_95,orders.random2.map50,orders.random3.map50_95,orders.random3.map50,order_range_map50_95,order_range_map50,largest_move_from_fixed_map50_95,largest_move_from_fixed_map50
"fixed rule, new engine",bfp6,default,33.978,49.36,37.948,54.533,31.734,46.425,6.215,8.108,147304,38,137770,0.998,33.978,49.36,34.04,49.516,34.104,49.628,33.974,49.416,34.066,49.549,34.099,49.468,0.13,0.268,0.127,0.268
"fixed rule, new engine",fp32,fp32,39.049,54.352,39.049,54.352,39.048,54.35,0.001,0.002,177739,17739,168009,0.668,,,,,,,,,,,,,,,,
"fixed rule, new engine",fp6_e2m3,default,32.131,47.788,34.481,50.644,30.704,45.865,3.777,4.779,56480,26,53434,0.996,32.131,47.788,32.22,47.761,32.142,47.809,32.06,47.874,32.006,47.576,32.127,47.744,0.215,0.298,0.125,0.212
"fixed rule, new engine",fp7_e3m3,default,34.149,50.618,34.829,51.246,33.589,50.111,1.239,1.135,214011,110,202015,0.994,,,,,,,,,,,,,,,,
"fixed rule, new engine",fp8_e4m3fn,default,34.42,51.087,35.089,51.719,33.838,50.515,1.251,1.203,196268,112,184960,0.993,,,,,,,,,,,,,,,,
"fixed rule, new engine",int6,default,30.944,45.953,33.193,48.651,29.586,44.221,3.607,4.429,63961,26,61145,0.997,30.944,45.953,31.025,46.138,31.052,46.049,30.928,45.982,31.031,45.986,31.051,46.0,0.124,0.185,0.108,0.185
"fixed rule, new engine",int8,default,38.024,53.725,38.734,54.494,37.425,53.116,1.308,1.378,152257,88,144208,0.993,38.024,53.725,38.055,53.818,38.073,53.772,38.013,53.742,38.031,53.695,38.145,53.783,0.132,0.123,0.121,0.093
"fixed rule, new engine",log8,default,33.67,50.342,34.258,50.945,33.158,49.835,1.1,1.11,197888,112,187087,0.993,,,,,,,,,,,,,,,,
"fixed rule, new engine",mxfp8_e4m3,default,35.361,52.077,36.628,53.448,34.441,51.047,2.187,2.401,162926,36,153815,0.998,,,,,,,,,,,,,,,,
"fixed rule, new engine",posit8_es1,default,38.115,53.795,38.57,54.212,37.76,53.417,0.81,0.796,185294,164,174773,0.989,,,,,,,,,,,,,,,,
sealed v1 predictions,fp32,v1_baseline,39.049,54.352,39.049,54.352,39.048,54.35,0.001,0.002,177739,17739,168009,0.668,,,,,,,,,,,,,,,,
sealed v1 predictions,int8,v1_maxabs,31.591,47.975,33.163,50.036,30.506,46.53,2.658,3.506,95713,40,90070,0.996,,,,,,,,,,,,,,,,
sealed v1 predictions,int8,v1_percentile_99_9,2.905,5.014,44.275,65.539,2.217,3.877,42.058,61.662,112880,4,110484,1.0,,,,,,,,,,,,,,,,
sealed v1 predictions,int6,v1_maxabs,0.216,0.634,0.48,1.24,0.145,0.443,0.335,0.797,30596,7,30123,0.999,,,,,,,,,,,,,,,,
sealed v1 predictions,int6,v1_percentile_99_9,1.237,2.671,31.718,56.332,0.928,2.049,30.79,54.283,149199,2,145990,1.0,,,,,,,,,,,,,,,,
sealed v1 predictions,fp8_e4m3fn,v1_maxabs,15.975,30.968,17.309,32.56,14.919,29.446,2.39,3.114,193015,52,184827,0.998,,,,,,,,,,,,,,,,
sealed v1 predictions,fp8_e4m3fn,v1_percentile_99_9,1.253,2.817,29.991,55.37,0.893,2.096,29.099,53.274,110560,1,108739,1.0,,,,,,,,,,,,,,,,
sealed v1 predictions,fp7_e3m3,v1_maxabs,15.705,30.869,17.046,32.477,14.758,29.473,2.288,3.004,222502,50,213264,0.998,,,,,,,,,,,,,,,,
sealed v1 predictions,fp7_e3m3,v1_percentile_99_9,1.262,2.815,30.065,55.546,0.884,2.08,29.181,53.466,110851,1,108968,1.0,,,,,,,,,,,,,,,,
sealed v1 predictions,fp6_e2m3,v1_maxabs,4.104,8.313,5.333,10.599,3.41,7.057,1.923,3.542,53140,14,52632,0.998,,,,,,,,,,,,,,,,
sealed v1 predictions,fp6_e2m3,v1_percentile_99_9,1.014,2.357,29.251,54.393,0.748,1.805,28.503,52.588,128224,1,125956,1.0,,,,,,,,,,,,,,,,
sealed v1 predictions,log8,v1_maxabs,16.769,32.191,18.191,33.948,15.706,30.768,2.484,3.18,196947,41,189486,0.998,,,,,,,,,,,,,,,,
sealed v1 predictions,log8,v1_percentile_99_9,1.196,2.638,30.309,54.628,0.865,1.99,29.443,52.638,124554,2,122410,1.0,,,,,,,,,,,,,,,,
sealed v1 predictions,posit8_es1,v1_maxabs,0.0,0.0,0.01,0.05,0.0,0.0,0.01,0.05,75703,2,75703,1.0,,,,,,,,,,,,,,,,
sealed v1 predictions,posit8_es1,v1_percentile_99_9,0.0,0.0,0.003,0.013,0.0,0.0,0.003,0.013,300000,1,297000,1.0,,,,,,,,,,,,,,,,
sealed v1 predictions,bfp6,v1_maxabs,11.958,22.198,14.078,25.749,10.658,20.038,3.42,5.711,91805,39,87078,0.998,,,,,,,,,,,,,,,,
sealed v1 predictions,bfp6,v1_percentile_99_9,12.016,22.432,14.127,25.873,10.733,20.318,3.394,5.554,90403,37,85714,0.998,,,,,,,,,,,,,,,,
sealed v1 predictions,mxfp8_e4m3,v1_maxabs,19.11,36.428,20.33,37.861,18.077,35.073,2.253,2.788,169671,41,162865,0.998,,,,,,,,,,,,,,,,
sealed v1 predictions,mxfp8_e4m3,v1_percentile_99_9,19.11,36.439,20.331,37.879,18.08,35.092,2.251,2.787,169714,41,162894,0.998,,,,,,,,,,,,,,,,
