source,format,recipe,role,configuration,fixed_rule.low,fixed_rule.high,true_positives_first.low,true_positives_first.high,false_positives_first.low,false_positives_first.high,envelope_width_map50_95,envelope_width_map50,detections,distinct_scores,detections_scored,share_of_scored_detections_with_a_tied_score,imageid.map50_95,imageid.map50,imageid_minus_fixed.map50_95,imageid_minus_fixed.map50,orders.index.map50_95,orders.index.map50,orders.imageid.map50_95,orders.imageid.map50,orders_measured,order_range_map50_95,order_range_map50,largest_move_from_fixed_map50_95,largest_move_from_fixed_map50,orders.reverse.map50_95,orders.reverse.map50,orders.random0.map50_95,orders.random0.map50,orders.random1.map50_95,orders.random1.map50,orders.random2.map50_95,orders.random2.map50,orders.random3.map50_95,orders.random3.map50
"fixed rule, new engine",fp32,fp32,reference,235e0bc835cc,39.049,54.352,39.049,54.352,39.048,54.35,0.001,0.002,177739,17739,168009,0.668,39.048,54.351,-0.0,-0.001,39.049,54.352,39.048,54.351,"['index', 'imageid']",0.0,0.001,0.0,0.001,,,,,,,,,,
"fixed rule, new engine",int8,default,frozen `default`,1834351b1f74,38.024,53.725,38.734,54.494,37.425,53.116,1.308,1.378,152257,88,144208,0.993,38.035,53.748,0.012,0.024,38.024,53.725,38.035,53.748,"['index', 'reverse', 'random0', 'random1', 'random2', 'random3', 'imageid']",0.132,0.123,0.121,0.093,38.055,53.818,38.073,53.772,38.013,53.742,38.031,53.695,38.145,53.783
"fixed rule, new engine",int8,conformant,conformant,d8b87c9bd8f6,38.355,53.896,39.387,55.089,37.541,52.997,1.846,2.093,102265,54,97559,0.993,38.352,53.903,-0.003,0.007,38.355,53.896,38.352,53.903,"['index', 'reverse', 'random0', 'random1', 'random2', 'random3', 'imageid']",0.179,0.177,0.157,0.148,38.439,53.953,38.512,54.044,38.359,53.911,38.416,53.884,38.334,53.867
"fixed rule, new engine",int6,default,frozen `default`,1209460b7248,30.944,45.953,33.193,48.651,29.586,44.221,3.607,4.429,63961,26,61145,0.997,31.131,46.037,0.187,0.084,30.944,45.953,31.131,46.037,"['index', 'reverse', 'random0', 'random1', 'random2', 'random3', 'imageid']",0.203,0.185,0.187,0.185,31.025,46.138,31.052,46.049,30.928,45.982,31.031,45.986,31.051,46.0
"fixed rule, new engine",int6,conformant,conformant,8f0cd537abc8,31.049,45.213,34.328,49.615,29.336,42.956,4.991,6.66,30634,16,30011,0.995,31.243,45.27,0.193,0.056,31.049,45.213,31.243,45.27,"['index', 'reverse', 'random0', 'random1', 'random2', 'random3', 'imageid']",0.201,0.231,0.201,0.19,31.251,45.403,31.186,45.172,31.057,45.189,31.186,45.328,31.178,45.361
"fixed rule, new engine",fp8_e4m3fn,default,frozen `default`,7221154128a8,34.42,51.087,35.089,51.719,33.838,50.515,1.251,1.203,196268,112,184960,0.993,34.415,51.079,-0.005,-0.008,34.42,51.087,34.415,51.079,"['index', 'imageid']",0.005,0.008,0.005,0.008,,,,,,,,,,
"fixed rule, new engine",fp8_e4m3fn,conformant,conformant,5519c2e6243a,35.305,51.315,36.585,52.609,34.331,50.317,2.254,2.292,193994,51,183144,0.998,35.339,51.308,0.034,-0.007,35.305,51.315,35.339,51.308,"['index', 'imageid']",0.034,0.007,0.034,0.007,,,,,,,,,,
"fixed rule, new engine",fp7_e3m3,default,frozen `default`,36aaf9c1768f,34.149,50.618,34.829,51.246,33.589,50.111,1.239,1.135,214011,110,202015,0.994,34.195,50.674,0.047,0.056,34.149,50.618,34.195,50.674,"['index', 'imageid']",0.047,0.056,0.047,0.056,,,,,,,,,,
"fixed rule, new engine",fp7_e3m3,conformant,conformant,6f99e4181dee,35.127,50.939,36.418,52.167,34.187,49.998,2.231,2.169,212082,47,200134,0.998,35.187,50.976,0.06,0.037,35.127,50.939,35.187,50.976,"['index', 'imageid']",0.06,0.037,0.06,0.037,,,,,,,,,,
"fixed rule, new engine",fp6_e2m3,default,frozen `default`,c31c47d0aeaa,32.131,47.788,34.481,50.644,30.704,45.865,3.777,4.779,56480,26,53434,0.996,32.164,47.726,0.033,-0.062,32.131,47.788,32.164,47.726,"['index', 'reverse', 'random0', 'random1', 'random2', 'random3', 'imageid']",0.215,0.298,0.125,0.212,32.22,47.761,32.142,47.809,32.06,47.874,32.006,47.576,32.127,47.744
"fixed rule, new engine",fp6_e2m3,conformant,conformant,ec832180ea14,32.92,48.304,35.996,52.261,31.161,45.978,4.835,6.282,54715,18,51812,0.997,32.987,48.331,0.067,0.027,32.92,48.304,32.987,48.331,"['index', 'reverse', 'random0', 'random1', 'random2', 'random3', 'imageid']",0.191,0.141,0.168,0.08,33.089,48.265,33.051,48.365,32.898,48.353,32.91,48.224,32.98,48.355
"fixed rule, new engine",log8,default,frozen `default`,82fa3beacff0,33.67,50.342,34.258,50.945,33.158,49.835,1.1,1.11,197888,112,187087,0.993,33.652,50.344,-0.018,0.001,33.67,50.342,33.652,50.344,"['index', 'imageid']",0.018,0.001,0.018,0.001,,,,,,,,,,
"fixed rule, new engine",log8,conformant,conformant,09cc97f095c9,34.352,50.477,35.34,51.522,33.583,49.677,1.757,1.845,195842,61,185428,0.997,34.356,50.475,0.005,-0.002,34.352,50.477,34.356,50.475,"['index', 'imageid']",0.005,0.002,0.005,0.002,,,,,,,,,,
"fixed rule, new engine",posit8_es1,default,frozen `default`,04fd1b90be7a,38.115,53.795,38.57,54.212,37.76,53.417,0.81,0.796,185294,164,174773,0.989,38.147,53.796,0.032,0.001,38.115,53.795,38.147,53.796,"['index', 'imageid']",0.032,0.001,0.032,0.001,,,,,,,,,,
"fixed rule, new engine",posit8_es1,conformant,conformant,5c03ab8646b2,38.417,54.105,39.216,54.841,37.807,53.483,1.41,1.358,175702,75,165797,0.994,38.459,54.108,0.042,0.004,38.417,54.105,38.459,54.108,"['index', 'imageid']",0.042,0.004,0.042,0.004,,,,,,,,,,
"fixed rule, new engine",bfp6,default,frozen `default`,60a7f065d41c,33.978,49.36,37.948,54.533,31.734,46.425,6.215,8.108,147304,38,137770,0.998,33.995,49.405,0.018,0.045,33.978,49.36,33.995,49.405,"['index', 'reverse', 'random0', 'random1', 'random2', 'random3', 'imageid']",0.13,0.268,0.127,0.268,34.04,49.516,34.104,49.628,33.974,49.416,34.066,49.549,34.099,49.468
"fixed rule, new engine",bfp6,default_fp32_box_logits,nearest available to conformant,f8251caf511b,34.218,49.547,38.161,54.663,31.95,46.621,6.211,8.042,146192,38,136884,0.998,34.232,49.582,0.014,0.035,34.218,49.547,34.232,49.582,"['index', 'reverse', 'random0', 'random1', 'random2', 'random3', 'imageid']",0.085,0.235,0.043,0.235,34.233,49.686,34.243,49.782,34.214,49.605,34.26,49.696,34.174,49.679
"fixed rule, new engine",mxfp8_e4m3,default,frozen `default`,ea15b183c1d4,35.361,52.077,36.628,53.448,34.441,51.047,2.187,2.401,162926,36,153815,0.998,35.43,52.12,0.069,0.044,35.361,52.077,35.43,52.12,"['index', 'imageid']",0.069,0.044,0.069,0.044,,,,,,,,,,
"fixed rule, new engine",mxfp8_e4m3,default_fp32_box_logits,nearest available to conformant,afcbe91087e6,36.237,52.385,37.525,53.758,35.328,51.356,2.197,2.402,160565,36,151901,0.998,36.307,52.422,0.07,0.037,36.237,52.385,36.307,52.422,"['index', 'imageid']",0.07,0.037,0.07,0.037,,,,,,,,,,
sealed v1 predictions,int8,v1_maxabs,old recipe,,31.591,47.975,33.163,50.036,30.506,46.53,2.658,3.506,95713,40,90070,0.996,31.621,47.984,0.03,0.009,,,,,,,,,,,,,,,,,,,
sealed v1 predictions,int8,v1_percentile_99_9,old recipe,,2.905,5.014,44.275,65.539,2.217,3.877,42.058,61.662,112880,4,110484,1.0,3.266,5.618,0.361,0.604,,,,,,,,,,,,,,,,,,,
