model,format,arm,top1_expected,minus_default,recovered_fraction_of_loss,one_class_share,collapse,lowest_index_prediction_share,record,reproduction_check
resnet18,fp8_e5m2,default,61.18,,,,,0.01,artifacts/experiment_b2/matrix/cells/resnet18--fp8_e5m2--default--1000--4068da0b9ca5.json,
resnet18,fp8_e5m2,minimal,62.97,"{""difference_pp"": 1.79, ""interval_pp"": [0.21, 3.43]}",1.0,,,0.006,artifacts/experiment_b2/matrix/cells/resnet18--fp8_e5m2--minimal--1000--567267c6767c.json,
resnet18,fp8_e5m2,default_no_bias_correction,63.65,"{""difference_pp"": 2.47, ""interval_pp"": [0.8, 4.21]}",1.38,0.006,False,0.005,artifacts/experiment_b2_collapse/evals/resnet18/fp8_e5m2-default_no_bias_correction-N--b2.json,
resnet18,fp8_e5m2,default_weight_maxabs,59.76,"{""difference_pp"": -1.41, ""interval_pp"": [-2.75, -0.12]}",-0.788,0.018,False,0.01,artifacts/experiment_b2_collapse/evals/resnet18/fp8_e5m2-default_weight_maxabs-N--b2.json,
resnet18,fp8_e5m2,bc:global,61.18,"{""difference_pp"": 0.0, ""interval_pp"": [0.0, 0.0]}",0.0,0.014,False,0.01,artifacts/experiment_b2_collapse/evals/resnet18/fp8_e5m2-default-N--global.json,"{""deployed_state_equal"": null, ""source"": ""artifacts/experiment_b2/matrix/cells/resnet18--fp8_e5m2--default--1000--4068da0b9ca5.json"", ""top5_lists_equal"": 1000}"
resnet18,fp8_e5m2,bc:local_empirical,64.39,"{""difference_pp"": 3.21, ""interval_pp"": [1.62, 4.86]}",1.793,0.007,False,0.005,artifacts/experiment_b2_collapse/evals/resnet18/fp8_e5m2-default-N--local_empirical.json,
resnet18,fp8_e5m2,bc:analytic_fp32,64.08,"{""difference_pp"": 2.9, ""interval_pp"": [1.27, 4.6]}",1.62,0.006,False,0.005,artifacts/experiment_b2_collapse/evals/resnet18/fp8_e5m2-default-N--analytic_fp32.json,
resnet18,fp8_e5m2,bc:linear_only,65.02,"{""difference_pp"": 3.84, ""interval_pp"": [2.27, 5.46]}",2.145,0.007,False,0.007,artifacts/experiment_b2_collapse/evals/resnet18/fp8_e5m2-default-N--linear_only.json,
resnet18,fp8_e5m2,bc:cap_rms,61.18,"{""difference_pp"": 0.0, ""interval_pp"": [0.0, 0.0]}",0.0,0.014,False,0.01,artifacts/experiment_b2_collapse/evals/resnet18/fp8_e5m2-default-N--cap_rms.json,
resnet18,fp8_e5m2,bc:dfq_weights_only,63.5,"{""difference_pp"": 2.32, ""interval_pp"": [0.78, 3.89]}",1.296,0.007,False,0.007,artifacts/experiment_b2_collapse/evals/resnet18/fp8_e5m2-default-N--dfq_weights_only.json,
resnet18,fp6_e3m2,default,53.62,,,,,0.031,artifacts/experiment_b2/matrix/cells/resnet18--fp6_e3m2--default--1000--b0e30473c2a4.json,
resnet18,fp6_e3m2,minimal,62.91,"{""difference_pp"": 9.29, ""interval_pp"": [7.2, 11.39]}",1.0,,,0.007,artifacts/experiment_b2/matrix/cells/resnet18--fp6_e3m2--minimal--1000--ada48de91961.json,
resnet18,fp6_e3m2,default_no_bias_correction,64.26,"{""difference_pp"": 10.63, ""interval_pp"": [8.59, 12.72]}",1.144,0.008,False,0.007,artifacts/experiment_b2_collapse/evals/resnet18/fp6_e3m2-default_no_bias_correction-N--b2.json,
resnet18,fp6_e3m2,default_weight_maxabs,51.7,"{""difference_pp"": -1.92, ""interval_pp"": [-3.28, -0.58]}",-0.207,0.081,False,0.042,artifacts/experiment_b2_collapse/evals/resnet18/fp6_e3m2-default_weight_maxabs-N--global.json,
resnet18,fp6_e3m2,bc:global,53.62,"{""difference_pp"": 0.0, ""interval_pp"": [0.0, 0.0]}",0.0,0.052,False,0.031,artifacts/experiment_b2_collapse/evals/resnet18/fp6_e3m2-default-N--global.json,"{""deployed_state_equal"": null, ""source"": ""artifacts/experiment_b2/matrix/cells/resnet18--fp6_e3m2--default--1000--b0e30473c2a4.json"", ""top5_lists_equal"": 1000}"
resnet18,fp6_e3m2,bc:local_empirical,64.36,"{""difference_pp"": 10.73, ""interval_pp"": [8.78, 12.77]}",1.155,0.007,False,0.007,artifacts/experiment_b2_collapse/evals/resnet18/fp6_e3m2-default-N--local_empirical.json,
resnet18,fp6_e3m2,bc:analytic_fp32,65.35,"{""difference_pp"": 11.72, ""interval_pp"": [9.72, 13.76]}",1.262,0.007,False,0.007,artifacts/experiment_b2_collapse/evals/resnet18/fp6_e3m2-default-N--analytic_fp32.json,
resnet18,fp6_e3m2,bc:linear_only,64.57,"{""difference_pp"": 10.95, ""interval_pp"": [8.91, 13.1]}",1.179,0.006,False,0.006,artifacts/experiment_b2_collapse/evals/resnet18/fp6_e3m2-default-N--linear_only.json,
resnet18,fp6_e3m2,bc:cap_rms,53.9,"{""difference_pp"": 0.27, ""interval_pp"": [-0.52, 1.11]}",0.029,0.05,False,0.031,artifacts/experiment_b2_collapse/evals/resnet18/fp6_e3m2-default-N--cap_rms.json,
resnet18,fp6_e3m2,bc:dfq_weights_only,63.74,"{""difference_pp"": 10.11, ""interval_pp"": [8.17, 12.1]}",1.088,0.007,False,0.007,artifacts/experiment_b2_collapse/evals/resnet18/fp6_e3m2-default-N--dfq_weights_only.json,
resnet18,log6,default,54.54,,,,,0.035,artifacts/experiment_b2/matrix/cells/resnet18--log6--default--1000--0d52189a1c6a.json,
resnet18,log6,minimal,61.5,"{""difference_pp"": 6.96, ""interval_pp"": [4.77, 9.15]}",1.0,,,0.005,artifacts/experiment_b2/matrix/cells/resnet18--log6--minimal--1000--f34c05491513.json,
resnet18,log6,default_no_bias_correction,60.64,"{""difference_pp"": 6.1, ""interval_pp"": [3.99, 8.25]}",0.876,0.006,False,0.006,artifacts/experiment_b2_collapse/evals/resnet18/log6-default_no_bias_correction-N--b2.json,
resnet18,log6,default_weight_maxabs,54.73,"{""difference_pp"": 0.19, ""interval_pp"": [-1.34, 1.73]}",0.027,0.059,False,0.038,artifacts/experiment_b2_collapse/evals/resnet18/log6-default_weight_maxabs-N--global.json,
resnet18,log6,bc:global,54.54,"{""difference_pp"": 0.0, ""interval_pp"": [0.0, 0.0]}",0.0,0.051,False,0.035,artifacts/experiment_b2_collapse/evals/resnet18/log6-default-N--global.json,"{""deployed_state_equal"": null, ""source"": ""artifacts/experiment_b2/matrix/cells/resnet18--log6--default--1000--0d52189a1c6a.json"", ""top5_lists_equal"": 1000}"
resnet18,log6,bc:local_empirical,62.81,"{""difference_pp"": 8.26, ""interval_pp"": [6.1, 10.42]}",1.187,0.006,False,0.006,artifacts/experiment_b2_collapse/evals/resnet18/log6-default-N--local_empirical.json,
resnet18,log6,bc:analytic_fp32,61.68,"{""difference_pp"": 7.14, ""interval_pp"": [4.99, 9.28]}",1.026,0.005,False,0.005,artifacts/experiment_b2_collapse/evals/resnet18/log6-default-N--analytic_fp32.json,
resnet18,log6,bc:linear_only,62.82,"{""difference_pp"": 8.28, ""interval_pp"": [6.11, 10.44]}",1.19,0.006,False,0.004,artifacts/experiment_b2_collapse/evals/resnet18/log6-default-N--linear_only.json,
resnet18,log6,bc:cap_rms,55.03,"{""difference_pp"": 0.49, ""interval_pp"": [-0.22, 1.21]}",0.07,0.048,False,0.031,artifacts/experiment_b2_collapse/evals/resnet18/log6-default-N--cap_rms.json,
resnet18,log6,bc:dfq_weights_only,63.21,"{""difference_pp"": 8.67, ""interval_pp"": [6.67, 10.75]}",1.246,0.007,False,0.007,artifacts/experiment_b2_collapse/evals/resnet18/log6-default-N--dfq_weights_only.json,
resnet18,posit6_es1,default,59.6,,,,,0.014,artifacts/experiment_b2/matrix/cells/resnet18--posit6_es1--default--1000--332a0a188433.json,
resnet18,posit6_es1,minimal,3.75,"{""difference_pp"": -55.85, ""interval_pp"": [-58.62, -52.98]}",1.0,,,0.266,artifacts/experiment_b2/matrix/cells/resnet18--posit6_es1--minimal--1000--fe4e4ea9a84d.json,
resnet18,posit6_es1,default_no_bias_correction,64.06,"{""difference_pp"": 4.46, ""interval_pp"": [2.72, 6.23]}",-0.08,0.007,False,0.007,artifacts/experiment_b2_collapse/evals/resnet18/posit6_es1-default_no_bias_correction-N--b2.json,
resnet18,posit6_es1,default_weight_maxabs,0.1,"{""difference_pp"": -59.5, ""interval_pp"": [-62.18, -56.71]}",1.065,0.999,True,0.999,artifacts/experiment_b2_collapse/evals/resnet18/posit6_es1-default_weight_maxabs-N--global.json,
resnet18,mxfp6_e3m2,default,51.61,,,,,0.057,artifacts/experiment_b2/matrix/cells/resnet18--mxfp6_e3m2--default--1000--073adb1b3e2a.json,
resnet18,mxfp6_e3m2,minimal,64.38,"{""difference_pp"": 12.76, ""interval_pp"": [10.59, 14.96]}",1.0,,,0.007,artifacts/experiment_b2/matrix/cells/resnet18--mxfp6_e3m2--minimal--1000--04c86821e80c.json,
resnet18,mxfp6_e3m2,default_no_bias_correction,64.23,"{""difference_pp"": 12.62, ""interval_pp"": [10.47, 14.81]}",0.989,,,0.007,artifacts/experiment_b2_collapse/matrix/cells/resnet18--mxfp6_e3m2--default_no_bias_correction--1000--0a3153dc3f2e.json,
resnet18,mxfp6_e3m2,default_weight_maxabs,50.67,"{""difference_pp"": -0.95, ""interval_pp"": [-2.11, 0.18]}",-0.074,,,0.058,artifacts/experiment_b2_collapse/matrix/cells/resnet18--mxfp6_e3m2--default_weight_maxabs--1000--7721be90ff46.json,
mobilenet_v2,fp8_e5m2,default,23.24,,,,,0.362,artifacts/experiment_b2/matrix/cells/mobilenet_v2--fp8_e5m2--default--1000--dec403f2de33.json,
mobilenet_v2,fp8_e5m2,minimal,41.94,"{""difference_pp"": 18.71, ""interval_pp"": [15.7, 21.64]}",1.0,,,0.049,artifacts/experiment_b2/matrix/cells/mobilenet_v2--fp8_e5m2--minimal--1000--bc919f907f2b.json,
mobilenet_v2,fp8_e5m2,default_no_bias_correction,54.45,"{""difference_pp"": 31.22, ""interval_pp"": [28.29, 34.12]}",1.669,0.011,False,0.01,artifacts/experiment_b2_collapse/evals/mobilenet_v2/fp8_e5m2-default_no_bias_correction-N--b2.json,
mobilenet_v2,fp8_e5m2,default_weight_maxabs,30.67,"{""difference_pp"": 7.44, ""interval_pp"": [5.67, 9.25]}",0.398,0.359,False,0.255,artifacts/experiment_b2_collapse/evals/mobilenet_v2/fp8_e5m2-default_weight_maxabs-N--global.json,
mobilenet_v2,fp8_e5m2,bc:global,23.24,"{""difference_pp"": 0.0, ""interval_pp"": [0.0, 0.0]}",0.0,0.481,False,0.362,artifacts/experiment_b2_collapse/evals/mobilenet_v2/fp8_e5m2-default-N--global.json,"{""deployed_state_equal"": null, ""source"": ""artifacts/experiment_b2/matrix/cells/mobilenet_v2--fp8_e5m2--default--1000--dec403f2de33.json"", ""top5_lists_equal"": 1000}"
mobilenet_v2,fp8_e5m2,bc:local_empirical,65.03,"{""difference_pp"": 41.79, ""interval_pp"": [38.79, 44.7]}",2.234,0.006,False,0.005,artifacts/experiment_b2_collapse/evals/mobilenet_v2/fp8_e5m2-default-N--local_empirical.json,
mobilenet_v2,fp8_e5m2,bc:analytic_fp32,63.89,"{""difference_pp"": 40.66, ""interval_pp"": [37.64, 43.55]}",2.173,0.007,False,0.006,artifacts/experiment_b2_collapse/evals/mobilenet_v2/fp8_e5m2-default-N--analytic_fp32.json,
mobilenet_v2,fp8_e5m2,bc:linear_only,45.62,"{""difference_pp"": 22.39, ""interval_pp"": [19.95, 24.82]}",1.197,0.095,False,0.049,artifacts/experiment_b2_collapse/evals/mobilenet_v2/fp8_e5m2-default-N--linear_only.json,
mobilenet_v2,fp8_e5m2,bc:cap_rms,23.52,"{""difference_pp"": 0.28, ""interval_pp"": [-1.06, 1.64]}",0.015,0.48,False,0.374,artifacts/experiment_b2_collapse/evals/mobilenet_v2/fp8_e5m2-default-N--cap_rms.json,
mobilenet_v2,fp8_e5m2,bc:dfq_weights_only,63.88,"{""difference_pp"": 40.64, ""interval_pp"": [37.63, 43.63]}",2.172,0.005,False,0.004,artifacts/experiment_b2_collapse/evals/mobilenet_v2/fp8_e5m2-default-N--dfq_weights_only.json,
mobilenet_v2,fp6_e3m2,default,20.86,,,,,0.444,artifacts/experiment_b2/matrix/cells/mobilenet_v2--fp6_e3m2--default--1000--df29802f2ff5.json,
mobilenet_v2,fp6_e3m2,minimal,42.61,"{""difference_pp"": 21.75, ""interval_pp"": [18.77, 24.66]}",1.0,,,0.027,artifacts/experiment_b2/matrix/cells/mobilenet_v2--fp6_e3m2--minimal--1000--a48d4e238c04.json,
mobilenet_v2,fp6_e3m2,default_no_bias_correction,49.16,"{""difference_pp"": 28.3, ""interval_pp"": [25.27, 31.17]}",1.301,0.037,False,0.014,artifacts/experiment_b2_collapse/evals/mobilenet_v2/fp6_e3m2-default_no_bias_correction-N--b2.json,
mobilenet_v2,fp6_e3m2,default_weight_maxabs,27.6,"{""difference_pp"": 6.74, ""interval_pp"": [5.01, 8.46]}",0.31,0.414,False,0.298,artifacts/experiment_b2_collapse/evals/mobilenet_v2/fp6_e3m2-default_weight_maxabs-N--global.json,
mobilenet_v2,fp6_e3m2,bc:global,20.86,"{""difference_pp"": 0.0, ""interval_pp"": [0.0, 0.0]}",0.0,0.546,False,0.444,artifacts/experiment_b2_collapse/evals/mobilenet_v2/fp6_e3m2-default-N--global.json,"{""deployed_state_equal"": null, ""source"": ""artifacts/experiment_b2/matrix/cells/mobilenet_v2--fp6_e3m2--default--1000--df29802f2ff5.json"", ""top5_lists_equal"": 1000}"
mobilenet_v2,fp6_e3m2,bc:local_empirical,64.59,"{""difference_pp"": 43.72, ""interval_pp"": [40.66, 46.69]}",2.01,0.007,False,0.005,artifacts/experiment_b2_collapse/evals/mobilenet_v2/fp6_e3m2-default-N--local_empirical.json,
mobilenet_v2,fp6_e3m2,bc:analytic_fp32,64.53,"{""difference_pp"": 43.67, ""interval_pp"": [40.6, 46.58]}",2.008,0.007,False,0.004,artifacts/experiment_b2_collapse/evals/mobilenet_v2/fp6_e3m2-default-N--analytic_fp32.json,
mobilenet_v2,fp6_e3m2,bc:linear_only,42.13,"{""difference_pp"": 21.27, ""interval_pp"": [18.8, 23.7]}",0.978,0.123,False,0.071,artifacts/experiment_b2_collapse/evals/mobilenet_v2/fp6_e3m2-default-N--linear_only.json,
mobilenet_v2,fp6_e3m2,bc:cap_rms,19.73,"{""difference_pp"": -1.13, ""interval_pp"": [-2.54, 0.25]}",-0.052,0.59,False,0.477,artifacts/experiment_b2_collapse/evals/mobilenet_v2/fp6_e3m2-default-N--cap_rms.json,
mobilenet_v2,fp6_e3m2,bc:dfq_weights_only,63.46,"{""difference_pp"": 42.59, ""interval_pp"": [39.6, 45.54]}",1.958,0.006,False,0.005,artifacts/experiment_b2_collapse/evals/mobilenet_v2/fp6_e3m2-default-N--dfq_weights_only.json,
mobilenet_v2,log6,default,20.34,,,,,0.414,artifacts/experiment_b2/matrix/cells/mobilenet_v2--log6--default--1000--50b0e16cedc6.json,
mobilenet_v2,log6,minimal,47.49,"{""difference_pp"": 27.15, ""interval_pp"": [24.2, 30.1]}",1.0,,,0.031,artifacts/experiment_b2/matrix/cells/mobilenet_v2--log6--minimal--1000--2ae4d9a65bcf.json,
mobilenet_v2,log6,default_no_bias_correction,50.56,"{""difference_pp"": 30.22, ""interval_pp"": [27.14, 33.19]}",1.113,0.04,False,0.02,artifacts/experiment_b2_collapse/evals/mobilenet_v2/log6-default_no_bias_correction-N--b2.json,
mobilenet_v2,log6,default_weight_maxabs,25.46,"{""difference_pp"": 5.13, ""interval_pp"": [3.53, 6.78]}",0.189,0.467,False,0.313,artifacts/experiment_b2_collapse/evals/mobilenet_v2/log6-default_weight_maxabs-N--global.json,
mobilenet_v2,log6,bc:global,20.34,"{""difference_pp"": 0.0, ""interval_pp"": [0.0, 0.0]}",0.0,0.559,False,0.414,artifacts/experiment_b2_collapse/evals/mobilenet_v2/log6-default-N--global.json,"{""deployed_state_equal"": null, ""source"": ""artifacts/experiment_b2/matrix/cells/mobilenet_v2--log6--default--1000--50b0e16cedc6.json"", ""top5_lists_equal"": 1000}"
mobilenet_v2,log6,bc:local_empirical,62.77,"{""difference_pp"": 42.43, ""interval_pp"": [39.37, 45.43]}",1.563,0.007,False,0.005,artifacts/experiment_b2_collapse/evals/mobilenet_v2/log6-default-N--local_empirical.json,
mobilenet_v2,log6,bc:analytic_fp32,63.37,"{""difference_pp"": 43.03, ""interval_pp"": [39.95, 46.02]}",1.585,0.008,False,0.005,artifacts/experiment_b2_collapse/evals/mobilenet_v2/log6-default-N--analytic_fp32.json,
mobilenet_v2,log6,bc:linear_only,39.99,"{""difference_pp"": 19.65, ""interval_pp"": [17.27, 22.08]}",0.724,0.155,False,0.106,artifacts/experiment_b2_collapse/evals/mobilenet_v2/log6-default-N--linear_only.json,
mobilenet_v2,log6,bc:cap_rms,19.73,"{""difference_pp"": -0.61, ""interval_pp"": [-1.91, 0.67]}",-0.022,0.562,False,0.385,artifacts/experiment_b2_collapse/evals/mobilenet_v2/log6-default-N--cap_rms.json,
mobilenet_v2,log6,bc:dfq_weights_only,62.99,"{""difference_pp"": 42.65, ""interval_pp"": [39.58, 45.65]}",1.571,0.007,False,0.005,artifacts/experiment_b2_collapse/evals/mobilenet_v2/log6-default-N--dfq_weights_only.json,
mobilenet_v2,posit6_es1,default,18.79,,,,,0.322,artifacts/experiment_b2/matrix/cells/mobilenet_v2--posit6_es1--default--1000--8fde26339e90.json,
mobilenet_v2,posit6_es1,minimal,0.1,"{""difference_pp"": -18.69, ""interval_pp"": [-21.0, -16.49]}",1.0,,,0.783,artifacts/experiment_b2/matrix/cells/mobilenet_v2--posit6_es1--minimal--1000--69aee58ea992.json,
mobilenet_v2,posit6_es1,default_no_bias_correction,54.5,"{""difference_pp"": 35.71, ""interval_pp"": [32.8, 38.52]}",-1.911,0.015,False,0.01,artifacts/experiment_b2_collapse/evals/mobilenet_v2/posit6_es1-default_no_bias_correction-N--b2.json,
mobilenet_v2,posit6_es1,default_weight_maxabs,0.1,"{""difference_pp"": -18.69, ""interval_pp"": [-20.98, -16.49]}",1.0,1.0,True,1.0,artifacts/experiment_b2_collapse/evals/mobilenet_v2/posit6_es1-default_weight_maxabs-N--global.json,
mobilenet_v2,mxfp6_e3m2,default,7.23,,,,,0.777,artifacts/experiment_b2/matrix/cells/mobilenet_v2--mxfp6_e3m2--default--1000--bb4ec972ac49.json,
mobilenet_v2,mxfp6_e3m2,minimal,41.93,"{""difference_pp"": 34.69, ""interval_pp"": [31.73, 37.6]}",1.0,,,0.031,artifacts/experiment_b2/matrix/cells/mobilenet_v2--mxfp6_e3m2--minimal--1000--e725580cce64.json,
mobilenet_v2,mxfp6_e3m2,default_no_bias_correction,41.71,"{""difference_pp"": 34.48, ""interval_pp"": [31.47, 37.48]}",0.994,,,0.032,artifacts/experiment_b2_collapse/matrix/cells/mobilenet_v2--mxfp6_e3m2--default_no_bias_correction--1000--bc08aec340f8.json,
mobilenet_v2,mxfp6_e3m2,default_weight_maxabs,8.42,"{""difference_pp"": 1.19, ""interval_pp"": [0.31, 2.1]}",0.034,,,0.768,artifacts/experiment_b2_collapse/matrix/cells/mobilenet_v2--mxfp6_e3m2--default_weight_maxabs--1000--058874e281ad.json,
mobilenet_v3_large,fp8_e5m2,default,46.57,,,,,0.009,artifacts/experiment_b2/matrix/cells/mobilenet_v3_large--fp8_e5m2--default--1000--09e1690591cc.json,
mobilenet_v3_large,fp8_e5m2,minimal,45.15,"{""difference_pp"": -1.42, ""interval_pp"": [-4.13, 1.25]}",1.0,,,0.036,artifacts/experiment_b2/matrix/cells/mobilenet_v3_large--fp8_e5m2--minimal--1000--69df577859cf.json,
mobilenet_v3_large,fp8_e5m2,default_no_bias_correction,52.5,"{""difference_pp"": 5.93, ""interval_pp"": [3.34, 8.64]}",-4.176,0.03,False,0.022,artifacts/experiment_b2_collapse/evals/mobilenet_v3_large/fp8_e5m2-default_no_bias_correction-N--b2.json,
mobilenet_v3_large,fp8_e5m2,default_weight_maxabs,47.21,"{""difference_pp"": 0.64, ""interval_pp"": [-1.47, 2.77]}",-0.451,0.015,False,0.012,artifacts/experiment_b2_collapse/evals/mobilenet_v3_large/fp8_e5m2-default_weight_maxabs-N--b2.json,
mobilenet_v3_large,fp6_e3m2,default,44.57,,,,,0.013,artifacts/experiment_b2/matrix/cells/mobilenet_v3_large--fp6_e3m2--default--1000--2bf358d58600.json,
mobilenet_v3_large,fp6_e3m2,minimal,42.28,"{""difference_pp"": -2.29, ""interval_pp"": [-4.99, 0.39]}",1.0,,,0.022,artifacts/experiment_b2/matrix/cells/mobilenet_v3_large--fp6_e3m2--minimal--1000--0c1fc7b5e447.json,
mobilenet_v3_large,fp6_e3m2,default_no_bias_correction,52.94,"{""difference_pp"": 8.37, ""interval_pp"": [5.88, 10.87]}",-3.655,0.024,False,0.018,artifacts/experiment_b2_collapse/evals/mobilenet_v3_large/fp6_e3m2-default_no_bias_correction-N--b2.json,
mobilenet_v3_large,fp6_e3m2,default_weight_maxabs,44.29,"{""difference_pp"": -0.28, ""interval_pp"": [-2.29, 1.68]}",0.122,0.015,False,0.01,artifacts/experiment_b2_collapse/evals/mobilenet_v3_large/fp6_e3m2-default_weight_maxabs-N--b2.json,
mobilenet_v3_large,log6,default,53.16,,,,,0.005,artifacts/experiment_b2/matrix/cells/mobilenet_v3_large--log6--default--1000--5d5c664314d7.json,
mobilenet_v3_large,log6,minimal,15.9,"{""difference_pp"": -37.25, ""interval_pp"": [-40.16, -34.32]}",1.0,,,0.095,artifacts/experiment_b2/matrix/cells/mobilenet_v3_large--log6--minimal--1000--311d65ed51e4.json,
mobilenet_v3_large,log6,default_no_bias_correction,20.6,"{""difference_pp"": -32.56, ""interval_pp"": [-35.45, -29.7]}",0.874,0.122,False,0.068,artifacts/experiment_b2_collapse/evals/mobilenet_v3_large/log6-default_no_bias_correction-N--b2.json,
mobilenet_v3_large,log6,default_weight_maxabs,49.26,"{""difference_pp"": -3.9, ""interval_pp"": [-6.11, -1.76]}",0.105,0.008,False,0.006,artifacts/experiment_b2_collapse/evals/mobilenet_v3_large/log6-default_weight_maxabs-N--b2.json,
mobilenet_v3_large,posit6_es1,default,42.91,,,,,0.014,artifacts/experiment_b2/matrix/cells/mobilenet_v3_large--posit6_es1--default--1000--9d77fb85407d.json,
mobilenet_v3_large,posit6_es1,minimal,0.1,"{""difference_pp"": -42.81, ""interval_pp"": [-45.6, -39.93]}",1.0,,,0.406,artifacts/experiment_b2/matrix/cells/mobilenet_v3_large--posit6_es1--minimal--1000--1501a3c5e355.json,
mobilenet_v3_large,posit6_es1,default_no_bias_correction,46.53,"{""difference_pp"": 3.62, ""interval_pp"": [0.94, 6.36]}",-0.085,0.025,False,0.014,artifacts/experiment_b2_collapse/evals/mobilenet_v3_large/posit6_es1-default_no_bias_correction-N--b2.json,
mobilenet_v3_large,posit6_es1,default_weight_maxabs,0.07,"{""difference_pp"": -42.84, ""interval_pp"": [-45.62, -39.97]}",1.001,0.602,False,0.436,artifacts/experiment_b2_collapse/evals/mobilenet_v3_large/posit6_es1-default_weight_maxabs-N--b2.json,
mobilenet_v3_large,mxfp6_e3m2,default,43.04,,,,,0.018,artifacts/experiment_b2/matrix/cells/mobilenet_v3_large--mxfp6_e3m2--default--1000--ba5a75b17ebb.json,
mobilenet_v3_large,mxfp6_e3m2,minimal,28.15,"{""difference_pp"": -14.89, ""interval_pp"": [-17.75, -12.07]}",1.0,,,0.118,artifacts/experiment_b2/matrix/cells/mobilenet_v3_large--mxfp6_e3m2--minimal--1000--c39470e222aa.json,
