kind,discordance_quantile,discordance,mdd_pp_n1000,mdd_pp_n4000,mdd_pp_n9000,images_difference_margin0.25,images_equivalence_margin0.25,images_noninferiority_margin0.25,images_difference_margin0.5,images_equivalence_margin0.5,images_noninferiority_margin0.5,images_difference_margin1.0,images_equivalence_margin1.0,images_noninferiority_margin1.0
accumulator_vs_wide,25,0.0015,0.343123,0.171561,0.114374,1884,2056,1484,471,514,371,118,129,93
accumulator_vs_wide,50,0.0195,1.237147,0.618573,0.412382,24489,26720,19290,6123,6680,4823,1531,1670,1206
accumulator_vs_wide,75,0.047,1.92067,0.960335,0.640223,59024,64401,46493,14756,16101,11624,3689,4026,2906
cell_vs_fp32,25,0.0865,2.605625,1.302812,0.868542,108629,118524,85567,27158,29631,21392,6790,7408,5348
cell_vs_fp32,50,0.1275,3.163435,1.581718,1.054478,160118,174703,126125,40030,43676,31532,10008,10919,7883
cell_vs_fp32,75,0.34725,5.220655,2.610327,1.740218,436084,475808,343503,109021,118952,85876,27256,29738,21469
cell_vs_int8,25,0.09125,2.676211,1.338105,0.89207,114594,125033,90266,28649,31259,22567,7163,7815,5642
cell_vs_int8,50,0.141,3.326698,1.663349,1.108899,177071,193201,139479,44268,48301,34870,11067,12076,8718
cell_vs_int8,75,0.33875,5.156363,2.578182,1.718788,425410,464161,335095,106353,116041,83774,26589,29011,20944
format_pair,25,0.115,3.004365,1.502183,1.001455,144420,157575,113760,36105,39394,28440,9027,9849,7110
format_pair,50,0.2255,4.207045,2.103522,1.402348,283188,308984,223067,70797,77246,55767,17700,19312,13942
format_pair,75,0.34675,5.216895,2.608447,1.738965,435456,475123,343009,108864,118781,85753,27216,29696,21439
recipe_pair,25,0.094,2.716238,1.358119,0.905413,118048,128801,92986,29512,32201,23247,7378,8051,5812
recipe_pair,50,0.124,3.119713,1.559857,1.039904,155722,169907,122662,38931,42477,30666,9733,10620,7667
recipe_pair,75,0.24425,4.378457,2.189229,1.459486,306735,334676,241615,76684,83669,60404,19171,20918,15101
