W,order,keeps_1pp,keeps_1pp_interval,resolved_pairs,measured_pairs,kendall_tau_vs_previous_width,resolved
16,INT6 66.4 > FP6 E2M3 65.2 > INT8 signed act. 2.4 > INT8 0.2 > FP7 E3M3 (collapsed) > FP8 E4M3 (collapsed) > Posit8 es1 (collapsed) > FP8 E5M2 (collapsed),INT6,INT6,5,6,,"[[""INT8"", ""INT8 signed act."", -2.18], [""INT8"", ""INT6"", -66.17], [""INT8"", ""FP6 E2M3"", -65.02], [""INT8 signed act."", ""INT6"", -63.99], [""INT8 signed act."", ""FP6 E2M3"", -62.84]]"
17,FP6 E2M3 66.5 > INT6 65.9 > INT8 signed act. 48.7 > INT8 24.0 > FP7 E3M3 (collapsed) > FP8 E4M3 (collapsed) > Posit8 es1 (collapsed) > FP8 E5M2 (collapsed),"INT6, FP6 E2M3","INT6, FP6 E2M3",5,6,0.909091,"[[""INT8"", ""INT8 signed act."", -24.65], [""INT8"", ""INT6"", -41.89], [""INT8"", ""FP6 E2M3"", -42.5], [""INT8 signed act."", ""INT6"", -17.24], [""INT8 signed act."", ""FP6 E2M3"", -17.84]]"
18,INT8 signed act. 68.2 > INT8 67.6 > FP6 E2M3 66.5 > INT6 65.9 > FP7 E3M3 (collapsed) > FP8 E4M3 (collapsed) > Posit8 es1 (collapsed) > FP8 E5M2 (collapsed),"INT8 signed act., INT6, FP6 E2M3","INT6, FP6 E2M3",2,6,0.636364,"[[""INT8 signed act."", ""INT6"", 2.26], [""INT8 signed act."", ""FP6 E2M3"", 1.64]]"
19,INT8 69.0 > INT8 signed act. 68.8 > FP6 E2M3 66.5 > INT6 65.9 > FP7 E3M3 0.1 > FP8 E4M3 (collapsed) > Posit8 es1 (collapsed) > FP8 E5M2 (collapsed),"INT8, INT8 signed act., INT6, FP6 E2M3","INT8, INT8 signed act., INT6, FP6 E2M3",8,10,0.852803,"[[""INT8"", ""INT6"", 3.13], [""INT8"", ""FP6 E2M3"", 2.51], [""INT8"", ""FP7 E3M3"", 68.93], [""INT8 signed act."", ""INT6"", 2.86], [""INT8 signed act."", ""FP6 E2M3"", 2.24], [""INT8 signed act."", ""FP7 E3M3"", 68.67], [""INT6"", ""FP7 E3M3"", 65.81], [""FP6 E2M3"", ""FP7 E3M3"", 66.43]]"
20,INT8 69.2 > INT8 signed act. 68.9 > FP6 E2M3 66.5 > INT6 65.9 > FP7 E3M3 0.1 > FP8 E4M3 (collapsed) > Posit8 es1 (collapsed) > FP8 E5M2 (collapsed),"INT8, INT8 signed act., INT6, FP6 E2M3","INT8, INT8 signed act., INT6, FP6 E2M3",8,10,1.0,"[[""INT8"", ""INT6"", 3.24], [""INT8"", ""FP6 E2M3"", 2.62], [""INT8"", ""FP7 E3M3"", 69.05], [""INT8 signed act."", ""INT6"", 3.03], [""INT8 signed act."", ""FP6 E2M3"", 2.41], [""INT8 signed act."", ""FP7 E3M3"", 68.84], [""INT6"", ""FP7 E3M3"", 65.81], [""FP6 E2M3"", ""FP7 E3M3"", 66.43]]"
21,INT8 signed act. 69.1 > INT8 69.0 > FP6 E2M3 66.5 > INT6 65.9 > FP7 E3M3 16.3 > FP8 E4M3 (collapsed) > Posit8 es1 (collapsed) > FP8 E5M2 (collapsed),"INT8, INT8 signed act., INT6, FP6 E2M3","INT8, INT8 signed act., INT6, FP6 E2M3",8,10,0.92,"[[""INT8"", ""INT6"", 3.14], [""INT8"", ""FP6 E2M3"", 2.52], [""INT8"", ""FP7 E3M3"", 52.75], [""INT8 signed act."", ""INT6"", 3.15], [""INT8 signed act."", ""FP6 E2M3"", 2.53], [""INT8 signed act."", ""FP7 E3M3"", 52.75], [""INT6"", ""FP7 E3M3"", 49.6], [""FP6 E2M3"", ""FP7 E3M3"", 50.22]]"
22,INT8 signed act. 69.1 > INT8 69.0 > FP6 E2M3 66.5 > INT6 65.9 > FP7 E3M3 61.8 > FP8 E4M3 (collapsed) > Posit8 es1 (collapsed) > FP8 E5M2 (collapsed),"INT8, INT8 signed act., INT6, FP6 E2M3","INT8, INT8 signed act., INT6, FP6 E2M3",8,10,1.0,"[[""INT8"", ""INT6"", 3.14], [""INT8"", ""FP6 E2M3"", 2.52], [""INT8"", ""FP7 E3M3"", 7.28], [""INT8 signed act."", ""INT6"", 3.15], [""INT8 signed act."", ""FP6 E2M3"", 2.53], [""INT8 signed act."", ""FP7 E3M3"", 7.29], [""INT6"", ""FP7 E3M3"", 4.14], [""FP6 E2M3"", ""FP7 E3M3"", 4.76]]"
23,INT8 signed act. 69.1 > INT8 69.0 > FP7 E3M3 67.2 > FP6 E2M3 66.5 > INT6 65.9 > FP8 E4M3 (collapsed) > Posit8 es1 (collapsed) > FP8 E5M2 (collapsed),"INT8, INT8 signed act., INT6, FP6 E2M3, FP7 E3M3","INT8, INT8 signed act., INT6, FP6 E2M3",6,10,0.84,"[[""INT8"", ""INT6"", 3.14], [""INT8"", ""FP6 E2M3"", 2.52], [""INT8"", ""FP7 E3M3"", 1.85], [""INT8 signed act."", ""INT6"", 3.15], [""INT8 signed act."", ""FP6 E2M3"", 2.53], [""INT8 signed act."", ""FP7 E3M3"", 1.86]]"
24,INT8 signed act. 69.1 > INT8 69.0 > FP7 E3M3 67.4 > FP6 E2M3 66.5 > INT6 65.9 > FP8 E4M3 (collapsed) > Posit8 es1 (collapsed) > FP8 E5M2 (collapsed),"INT8, INT8 signed act., INT6, FP6 E2M3, FP7 E3M3","INT8, INT8 signed act., INT6, FP6 E2M3, FP7 E3M3",7,10,1.0,"[[""INT8"", ""INT6"", 3.14], [""INT8"", ""FP6 E2M3"", 2.52], [""INT8"", ""FP7 E3M3"", 1.66], [""INT8 signed act."", ""INT6"", 3.15], [""INT8 signed act."", ""FP6 E2M3"", 2.53], [""INT8 signed act."", ""FP7 E3M3"", 1.66], [""INT6"", ""FP7 E3M3"", -1.49]]"
25,INT8 signed act. 69.1 > INT8 69.0 > FP7 E3M3 67.0 > FP6 E2M3 66.5 > INT6 65.9 > FP8 E4M3 (collapsed) > Posit8 es1 (collapsed) > FP8 E5M2 (collapsed),"INT8, INT8 signed act., INT6, FP6 E2M3, FP7 E3M3","INT8, INT8 signed act., INT6, FP6 E2M3, FP7 E3M3",6,10,1.0,"[[""INT8"", ""INT6"", 3.14], [""INT8"", ""FP6 E2M3"", 2.52], [""INT8"", ""FP7 E3M3"", 2.09], [""INT8 signed act."", ""INT6"", 3.15], [""INT8 signed act."", ""FP6 E2M3"", 2.53], [""INT8 signed act."", ""FP7 E3M3"", 2.1]]"
26,INT8 signed act. 69.1 > INT8 69.0 > FP7 E3M3 67.3 > FP6 E2M3 66.5 > INT6 65.9 > FP8 E4M3 (collapsed) > Posit8 es1 (collapsed) > FP8 E5M2 (collapsed),"INT8, INT8 signed act., INT6, FP6 E2M3, FP7 E3M3","INT8, INT8 signed act., INT6, FP6 E2M3, FP7 E3M3",7,10,1.0,"[[""INT8"", ""INT6"", 3.14], [""INT8"", ""FP6 E2M3"", 2.52], [""INT8"", ""FP7 E3M3"", 1.76], [""INT8 signed act."", ""INT6"", 3.15], [""INT8 signed act."", ""FP6 E2M3"", 2.53], [""INT8 signed act."", ""FP7 E3M3"", 1.77], [""INT6"", ""FP7 E3M3"", -1.38]]"
27,INT8 signed act. 69.1 > INT8 69.0 > FP7 E3M3 67.3 > FP6 E2M3 66.5 > INT6 65.9 > FP8 E4M3 (collapsed) > Posit8 es1 (collapsed) > FP8 E5M2 (collapsed),"INT8, INT8 signed act., INT6, FP6 E2M3, FP7 E3M3","INT8, INT8 signed act., INT6, FP6 E2M3, FP7 E3M3",7,10,1.0,"[[""INT8"", ""INT6"", 3.14], [""INT8"", ""FP6 E2M3"", 2.52], [""INT8"", ""FP7 E3M3"", 1.76], [""INT8 signed act."", ""INT6"", 3.15], [""INT8 signed act."", ""FP6 E2M3"", 2.53], [""INT8 signed act."", ""FP7 E3M3"", 1.77], [""INT6"", ""FP7 E3M3"", -1.38]]"
28,INT8 signed act. 69.1 > INT8 69.0 > FP7 E3M3 67.3 > FP6 E2M3 66.5 > INT6 65.9 > Posit8 es1 0.1 > FP8 E4M3 (collapsed) > FP8 E5M2 (collapsed),"INT8, INT8 signed act., INT6, FP6 E2M3, FP7 E3M3","INT8, INT8 signed act., INT6, FP6 E2M3, FP7 E3M3",12,15,0.96225,"[[""INT8"", ""INT6"", 3.14], [""INT8"", ""FP6 E2M3"", 2.52], [""INT8"", ""FP7 E3M3"", 1.76], [""INT8"", ""Posit8 es1"", 68.95], [""INT8 signed act."", ""INT6"", 3.15], [""INT8 signed act."", ""FP6 E2M3"", 2.53], [""INT8 signed act."", ""FP7 E3M3"", 1.77], [""INT8 signed act."", ""Posit8 es1"", 68.96], [""INT6"", ""FP7 E3M3"", -1.38], [""INT6"", ""Posit8 es1"", 65.81], [""FP6 E2M3"", ""Posit8 es1"", 66.43], [""FP7 E3M3"", ""Posit8 es1"", 67.19]]"
29,INT8 signed act. 69.1 > INT8 69.0 > FP7 E3M3 67.3 > FP6 E2M3 66.5 > INT6 65.9 > Posit8 es1 0.1 > FP8 E4M3 (collapsed) > FP8 E5M2 (collapsed),"INT8, INT8 signed act., INT6, FP6 E2M3, FP7 E3M3","INT8, INT8 signed act., INT6, FP6 E2M3, FP7 E3M3",12,15,1.0,"[[""INT8"", ""INT6"", 3.14], [""INT8"", ""FP6 E2M3"", 2.52], [""INT8"", ""FP7 E3M3"", 1.76], [""INT8"", ""Posit8 es1"", 68.95], [""INT8 signed act."", ""INT6"", 3.15], [""INT8 signed act."", ""FP6 E2M3"", 2.53], [""INT8 signed act."", ""FP7 E3M3"", 1.77], [""INT8 signed act."", ""Posit8 es1"", 68.96], [""INT6"", ""FP7 E3M3"", -1.38], [""INT6"", ""Posit8 es1"", 65.81], [""FP6 E2M3"", ""Posit8 es1"", 66.43], [""FP7 E3M3"", ""Posit8 es1"", 67.19]]"
30,INT8 signed act. 69.1 > INT8 69.0 > FP7 E3M3 67.3 > FP6 E2M3 66.5 > INT6 65.9 > Posit8 es1 1.4 > FP8 E4M3 (collapsed) > FP8 E5M2 (collapsed),"INT8, INT8 signed act., INT6, FP6 E2M3, FP7 E3M3","INT8, INT8 signed act., INT6, FP6 E2M3, FP7 E3M3",12,15,1.0,"[[""INT8"", ""INT6"", 3.14], [""INT8"", ""FP6 E2M3"", 2.52], [""INT8"", ""FP7 E3M3"", 1.76], [""INT8"", ""Posit8 es1"", 67.7], [""INT8 signed act."", ""INT6"", 3.15], [""INT8 signed act."", ""FP6 E2M3"", 2.53], [""INT8 signed act."", ""FP7 E3M3"", 1.77], [""INT8 signed act."", ""Posit8 es1"", 67.71], [""INT6"", ""FP7 E3M3"", -1.38], [""INT6"", ""Posit8 es1"", 64.56], [""FP6 E2M3"", ""Posit8 es1"", 65.18], [""FP7 E3M3"", ""Posit8 es1"", 65.94]]"
31,INT8 signed act. 69.1 > INT8 69.0 > FP7 E3M3 67.3 > FP6 E2M3 66.5 > INT6 65.9 > Posit8 es1 51.4 > FP8 E4M3 (collapsed) > FP8 E5M2 (collapsed),"INT8, INT8 signed act., INT6, FP6 E2M3, FP7 E3M3","INT8, INT8 signed act., INT6, FP6 E2M3, FP7 E3M3",12,15,1.0,"[[""INT8"", ""INT6"", 3.14], [""INT8"", ""FP6 E2M3"", 2.52], [""INT8"", ""FP7 E3M3"", 1.76], [""INT8"", ""Posit8 es1"", 17.61], [""INT8 signed act."", ""INT6"", 3.15], [""INT8 signed act."", ""FP6 E2M3"", 2.53], [""INT8 signed act."", ""FP7 E3M3"", 1.77], [""INT8 signed act."", ""Posit8 es1"", 17.62], [""INT6"", ""FP7 E3M3"", -1.38], [""INT6"", ""Posit8 es1"", 14.47], [""FP6 E2M3"", ""Posit8 es1"", 15.09], [""FP7 E3M3"", ""Posit8 es1"", 15.85]]"
32,INT8 signed act. 69.1 > INT8 69.0 > Posit8 es1 68.8 > FP7 E3M3 67.3 > FP6 E2M3 66.5 > INT6 65.9 > FP8 E4M3 (collapsed) > FP8 E5M2 (collapsed),"INT8, INT8 signed act., INT6, FP6 E2M3, FP7 E3M3, Posit8 es1","INT8, INT8 signed act., INT6, FP6 E2M3, FP7 E3M3",10,15,0.777778,"[[""INT8"", ""INT6"", 3.14], [""INT8"", ""FP6 E2M3"", 2.52], [""INT8"", ""FP7 E3M3"", 1.76], [""INT8 signed act."", ""INT6"", 3.15], [""INT8 signed act."", ""FP6 E2M3"", 2.53], [""INT8 signed act."", ""FP7 E3M3"", 1.77], [""INT6"", ""FP7 E3M3"", -1.38], [""INT6"", ""Posit8 es1"", -2.92], [""FP6 E2M3"", ""Posit8 es1"", -2.3], [""FP7 E3M3"", ""Posit8 es1"", -1.54]]"
