case,policy,width,node,images_with_event,image_rate,output_rate
resnet18-int8-default-b2,sat.w20,20,conv1,826,0.826,0.001630130689971301
resnet18-int8-default-b2,sat.w20,20,fc,0,0.0,0.0
resnet18-int8-default-b2,sat.w20,20,layer1_0_conv1,0,0.0,0.0
resnet18-int8-default-b2,sat.w20,20,layer1_0_conv2,0,0.0,0.0
resnet18-int8-default-b2,sat.w20,20,layer1_1_conv1,0,0.0,0.0
resnet18-int8-default-b2,sat.w20,20,layer1_1_conv2,0,0.0,0.0
resnet18-int8-default-b2,sat.w20,20,layer2_0_conv1,0,0.0,0.0
resnet18-int8-default-b2,sat.w20,20,layer2_0_conv2,0,0.0,0.0
resnet18-int8-default-b2,sat.w20,20,layer2_0_downsample_0,0,0.0,0.0
resnet18-int8-default-b2,sat.w20,20,layer2_1_conv1,0,0.0,0.0
resnet18-int8-default-b2,sat.w20,20,layer2_1_conv2,0,0.0,0.0
resnet18-int8-default-b2,sat.w20,20,layer3_0_conv1,0,0.0,0.0
resnet18-int8-default-b2,sat.w20,20,layer3_0_conv2,0,0.0,0.0
resnet18-int8-default-b2,sat.w20,20,layer3_0_downsample_0,0,0.0,0.0
resnet18-int8-default-b2,sat.w20,20,layer3_1_conv1,0,0.0,0.0
resnet18-int8-default-b2,sat.w20,20,layer3_1_conv2,0,0.0,0.0
resnet18-int8-default-b2,sat.w20,20,layer4_0_conv1,1,0.001,3.5873724489795917e-07
resnet18-int8-default-b2,sat.w20,20,layer4_0_conv2,0,0.0,0.0
resnet18-int8-default-b2,sat.w20,20,layer4_0_downsample_0,0,0.0,0.0
resnet18-int8-default-b2,sat.w20,20,layer4_1_conv1,0,0.0,0.0
resnet18-int8-default-b2,sat.w20,20,layer4_1_conv2,1,0.001,3.985969387755102e-08
resnet18-int8-default-b2,sat.w19,19,conv1,999,0.999,0.0430060923050861
resnet18-int8-default-b2,sat.w19,19,fc,0,0.0,0.0
resnet18-int8-default-b2,sat.w19,19,layer1_0_conv1,749,0.749,0.0001455127949617347
resnet18-int8-default-b2,sat.w19,19,layer1_0_conv2,1,0.001,1.3950892857142858e-07
resnet18-int8-default-b2,sat.w19,19,layer1_1_conv1,506,0.506,2.510662468112245e-05
resnet18-int8-default-b2,sat.w19,19,layer1_1_conv2,0,0.0,0.0
resnet18-int8-default-b2,sat.w19,19,layer2_0_conv1,152,0.152,2.4214764030612245e-06
resnet18-int8-default-b2,sat.w19,19,layer2_0_conv2,475,0.475,3.7677375637755105e-05
resnet18-int8-default-b2,sat.w19,19,layer2_0_downsample_0,0,0.0,0.0
resnet18-int8-default-b2,sat.w19,19,layer2_1_conv1,0,0.0,0.0
resnet18-int8-default-b2,sat.w19,19,layer2_1_conv2,0,0.0,0.0
resnet18-int8-default-b2,sat.w19,19,layer3_0_conv1,11,0.011,2.5908801020408164e-07
resnet18-int8-default-b2,sat.w19,19,layer3_0_conv2,100,0.1,3.368144132653061e-06
resnet18-int8-default-b2,sat.w19,19,layer3_0_downsample_0,0,0.0,0.0
resnet18-int8-default-b2,sat.w19,19,layer3_1_conv1,68,0.068,5.301339285714286e-06
resnet18-int8-default-b2,sat.w19,19,layer3_1_conv2,88,0.088,5.301339285714286e-06
resnet18-int8-default-b2,sat.w19,19,layer4_0_conv1,344,0.344,6.544961734693878e-05
resnet18-int8-default-b2,sat.w19,19,layer4_0_conv2,10,0.01,4.783163265306122e-07
resnet18-int8-default-b2,sat.w19,19,layer4_0_downsample_0,0,0.0,0.0
resnet18-int8-default-b2,sat.w19,19,layer4_1_conv1,369,0.369,8.880739795918368e-05
resnet18-int8-default-b2,sat.w19,19,layer4_1_conv2,173,0.173,2.3238201530612246e-05
resnet18-int8-default-b2,sat.w18,18,conv1,1000,1.0,0.13652777971540178
resnet18-int8-default-b2,sat.w18,18,fc,110,0.11,0.000129
resnet18-int8-default-b2,sat.w18,18,layer1_0_conv1,1000,1.0,0.013892777423469388
resnet18-int8-default-b2,sat.w18,18,layer1_0_conv2,933,0.933,0.0004237434231505102
resnet18-int8-default-b2,sat.w18,18,layer1_1_conv1,1000,1.0,0.012436827367665817
resnet18-int8-default-b2,sat.w18,18,layer1_1_conv2,899,0.899,0.00025637755102040814
resnet18-int8-default-b2,sat.w18,18,layer2_0_conv1,1000,1.0,0.002713458625637755
resnet18-int8-default-b2,sat.w18,18,layer2_0_conv2,1000,1.0,0.006237185108418367
resnet18-int8-default-b2,sat.w18,18,layer2_0_downsample_0,0,0.0,0.0
resnet18-int8-default-b2,sat.w18,18,layer2_1_conv1,968,0.968,0.0002859733737244898
resnet18-int8-default-b2,sat.w18,18,layer2_1_conv2,953,0.953,0.00019224330357142858
resnet18-int8-default-b2,sat.w18,18,layer3_0_conv1,1000,1.0,0.0015771683673469388
resnet18-int8-default-b2,sat.w18,18,layer3_0_conv2,1000,1.0,0.0021386519451530614
resnet18-int8-default-b2,sat.w18,18,layer3_0_downsample_0,0,0.0,0.0
resnet18-int8-default-b2,sat.w18,18,layer3_1_conv1,1000,1.0,0.0038438097895408165
resnet18-int8-default-b2,sat.w18,18,layer3_1_conv2,963,0.963,0.001554348692602041
resnet18-int8-default-b2,sat.w18,18,layer4_0_conv1,1000,1.0,0.01719431600765306
resnet18-int8-default-b2,sat.w18,18,layer4_0_conv2,945,0.945,0.0012651466836734694
resnet18-int8-default-b2,sat.w18,18,layer4_0_downsample_0,6,0.006,3.1887755102040816e-07
resnet18-int8-default-b2,sat.w18,18,layer4_1_conv1,1000,1.0,0.020290617028061224
resnet18-int8-default-b2,sat.w18,18,layer4_1_conv2,987,0.987,0.0025754145408163264
resnet18-int8-default-b2,sat.w17,17,conv1,1000,1.0,0.31202435676419005
resnet18-int8-default-b2,sat.w17,17,fc,208,0.208,0.00043
resnet18-int8-default-b2,sat.w17,17,layer1_0_conv1,1000,1.0,0.16375988520408163
resnet18-int8-default-b2,sat.w17,17,layer1_0_conv2,1000,1.0,0.01924339823820153
resnet18-int8-default-b2,sat.w17,17,layer1_1_conv1,1000,1.0,0.16042955297353317
resnet18-int8-default-b2,sat.w17,17,layer1_1_conv2,1000,1.0,0.013792679767219387
resnet18-int8-default-b2,sat.w17,17,layer2_0_conv1,1000,1.0,0.10611848294005102
resnet18-int8-default-b2,sat.w17,17,layer2_0_conv2,1000,1.0,0.06457300302933673
resnet18-int8-default-b2,sat.w17,17,layer2_0_downsample_0,1000,1.0,0.0005950554049744897
resnet18-int8-default-b2,sat.w17,17,layer2_1_conv1,1000,1.0,0.04655572385204081
resnet18-int8-default-b2,sat.w17,17,layer2_1_conv2,1000,1.0,0.018486756616709184
resnet18-int8-default-b2,sat.w17,17,layer3_0_conv1,1000,1.0,0.12832615194515307
resnet18-int8-default-b2,sat.w17,17,layer3_0_conv2,1000,1.0,0.06534705835459184
resnet18-int8-default-b2,sat.w17,17,layer3_0_downsample_0,582,0.582,2.756297831632653e-05
resnet18-int8-default-b2,sat.w17,17,layer3_1_conv1,1000,1.0,0.09608302774234694
resnet18-int8-default-b2,sat.w17,17,layer3_1_conv2,1000,1.0,0.015107302295918367
resnet18-int8-default-b2,sat.w17,17,layer4_0_conv1,1000,1.0,0.24856078603316326
resnet18-int8-default-b2,sat.w17,17,layer4_0_conv2,1000,1.0,0.030099569515306124
resnet18-int8-default-b2,sat.w17,17,layer4_0_downsample_0,737,0.737,8.163265306122449e-05
resnet18-int8-default-b2,sat.w17,17,layer4_1_conv1,1000,1.0,0.25040872130102043
resnet18-int8-default-b2,sat.w17,17,layer4_1_conv2,1000,1.0,0.039208585778061224
resnet18-int6-default-b2,sat.w16,16,conv1,894,0.894,0.0021634035694355867
resnet18-int6-default-b2,sat.w16,16,fc,0,0.0,0.0
resnet18-int6-default-b2,sat.w16,16,layer1_0_conv1,23,0.023,2.0926339285714285e-07
resnet18-int6-default-b2,sat.w16,16,layer1_0_conv2,1,0.001,9.466677295918367e-08
resnet18-int6-default-b2,sat.w16,16,layer1_1_conv1,0,0.0,0.0
resnet18-int6-default-b2,sat.w16,16,layer1_1_conv2,0,0.0,0.0
resnet18-int6-default-b2,sat.w16,16,layer2_0_conv1,0,0.0,0.0
resnet18-int6-default-b2,sat.w16,16,layer2_0_conv2,0,0.0,0.0
resnet18-int6-default-b2,sat.w16,16,layer2_0_downsample_0,0,0.0,0.0
resnet18-int6-default-b2,sat.w16,16,layer2_1_conv1,0,0.0,0.0
resnet18-int6-default-b2,sat.w16,16,layer2_1_conv2,0,0.0,0.0
resnet18-int6-default-b2,sat.w16,16,layer3_0_conv1,0,0.0,0.0
resnet18-int6-default-b2,sat.w16,16,layer3_0_conv2,0,0.0,0.0
resnet18-int6-default-b2,sat.w16,16,layer3_0_downsample_0,0,0.0,0.0
resnet18-int6-default-b2,sat.w16,16,layer3_1_conv1,0,0.0,0.0
resnet18-int6-default-b2,sat.w16,16,layer3_1_conv2,0,0.0,0.0
resnet18-int6-default-b2,sat.w16,16,layer4_0_conv1,6,0.006,1.6741071428571428e-06
resnet18-int6-default-b2,sat.w16,16,layer4_0_conv2,0,0.0,0.0
resnet18-int6-default-b2,sat.w16,16,layer4_0_downsample_0,0,0.0,0.0
resnet18-int6-default-b2,sat.w16,16,layer4_1_conv1,0,0.0,0.0
resnet18-int6-default-b2,sat.w16,16,layer4_1_conv2,0,0.0,0.0
resnet18-int6-default-b2,sat.w15,15,conv1,999,0.999,0.04529895144092794
resnet18-int6-default-b2,sat.w15,15,fc,0,0.0,0.0
resnet18-int6-default-b2,sat.w15,15,layer1_0_conv1,952,0.952,0.0009812609614158164
resnet18-int6-default-b2,sat.w15,15,layer1_0_conv2,927,0.927,0.00044126674107142856
resnet18-int6-default-b2,sat.w15,15,layer1_1_conv1,957,0.957,0.0004218600526147959
resnet18-int6-default-b2,sat.w15,15,layer1_1_conv2,56,0.056,9.865274234693878e-07
resnet18-int6-default-b2,sat.w15,15,layer2_0_conv1,877,0.877,7.129902742346939e-05
resnet18-int6-default-b2,sat.w15,15,layer2_0_conv2,985,0.985,0.0009401606345663266
resnet18-int6-default-b2,sat.w15,15,layer2_0_downsample_0,0,0.0,0.0
resnet18-int6-default-b2,sat.w15,15,layer2_1_conv1,566,0.566,2.347735969387755e-05
resnet18-int6-default-b2,sat.w15,15,layer2_1_conv2,51,0.051,7.374043367346939e-07
resnet18-int6-default-b2,sat.w15,15,layer3_0_conv1,372,0.372,2.0826690051020407e-05
resnet18-int6-default-b2,sat.w15,15,layer3_0_conv2,883,0.883,0.0001858059630102041
resnet18-int6-default-b2,sat.w15,15,layer3_0_downsample_0,0,0.0,0.0
resnet18-int6-default-b2,sat.w15,15,layer3_1_conv1,963,0.963,0.0006602160395408163
resnet18-int6-default-b2,sat.w15,15,layer3_1_conv2,292,0.292,2.680564413265306e-05
resnet18-int6-default-b2,sat.w15,15,layer4_0_conv1,968,0.968,0.0014104751275510203
resnet18-int6-default-b2,sat.w15,15,layer4_0_conv2,100,0.1,7.0153061224489795e-06
resnet18-int6-default-b2,sat.w15,15,layer4_0_downsample_0,0,0.0,0.0
resnet18-int6-default-b2,sat.w15,15,layer4_1_conv1,693,0.693,0.0005810746173469388
resnet18-int6-default-b2,sat.w15,15,layer4_1_conv2,61,0.061,7.732780612244898e-06
resnet18-int6-default-b2,sat.w14,14,conv1,1000,1.0,0.1405595703125
resnet18-int6-default-b2,sat.w14,14,fc,173,0.173,0.000274
resnet18-int6-default-b2,sat.w14,14,layer1_0_conv1,1000,1.0,0.0391331861846301
resnet18-int6-default-b2,sat.w14,14,layer1_0_conv2,1000,1.0,0.018945013552295917
resnet18-int6-default-b2,sat.w14,14,layer1_1_conv1,1000,1.0,0.04003226642219388
resnet18-int6-default-b2,sat.w14,14,layer1_1_conv2,999,0.999,0.002813591159119898
resnet18-int6-default-b2,sat.w14,14,layer2_0_conv1,1000,1.0,0.014504095583545918
resnet18-int6-default-b2,sat.w14,14,layer2_0_conv2,1000,1.0,0.023864307637117346
resnet18-int6-default-b2,sat.w14,14,layer2_0_downsample_0,23,0.023,2.7901785714285716e-07
resnet18-int6-default-b2,sat.w14,14,layer2_1_conv1,1000,1.0,0.014635393415178572
resnet18-int6-default-b2,sat.w14,14,layer2_1_conv2,999,0.999,0.0023102778220663264
resnet18-int6-default-b2,sat.w14,14,layer3_0_conv1,1000,1.0,0.015579360650510203
resnet18-int6-default-b2,sat.w14,14,layer3_0_conv2,1000,1.0,0.017396942761479593
resnet18-int6-default-b2,sat.w14,14,layer3_0_downsample_0,29,0.029,5.779655612244898e-07
resnet18-int6-default-b2,sat.w14,14,layer3_1_conv1,1000,1.0,0.044695053411989795
resnet18-int6-default-b2,sat.w14,14,layer3_1_conv2,999,0.999,0.0034019650829081633
resnet18-int6-default-b2,sat.w14,14,layer4_0_conv1,1000,1.0,0.08012213010204082
resnet18-int6-default-b2,sat.w14,14,layer4_0_conv2,990,0.99,0.0044947385204081635
resnet18-int6-default-b2,sat.w14,14,layer4_0_downsample_0,33,0.033,1.3950892857142857e-06
resnet18-int6-default-b2,sat.w14,14,layer4_1_conv1,1000,1.0,0.052443598533163265
resnet18-int6-default-b2,sat.w14,14,layer4_1_conv2,882,0.882,0.0012861527423469387
resnet18-int6-default-b2,sat.w13,13,conv1,1000,1.0,0.3166363612583705
resnet18-int6-default-b2,sat.w13,13,fc,7,0.007,2.8e-05
resnet18-int6-default-b2,sat.w13,13,layer1_0_conv1,1000,1.0,0.291900390625
resnet18-int6-default-b2,sat.w13,13,layer1_0_conv2,1000,1.0,0.08989468570631377
resnet18-int6-default-b2,sat.w13,13,layer1_1_conv1,1000,1.0,0.2926956812021684
resnet18-int6-default-b2,sat.w13,13,layer1_1_conv2,1000,1.0,0.07139987743144133
resnet18-int6-default-b2,sat.w13,13,layer2_0_conv1,1000,1.0,0.24771824178890306
resnet18-int6-default-b2,sat.w13,13,layer2_0_conv2,1000,1.0,0.11524000518176021
resnet18-int6-default-b2,sat.w13,13,layer2_0_downsample_0,1000,1.0,0.0038455038265306123
resnet18-int6-default-b2,sat.w13,13,layer2_1_conv1,1000,1.0,0.1632204440369898
resnet18-int6-default-b2,sat.w13,13,layer2_1_conv2,1000,1.0,0.04045610451211735
resnet18-int6-default-b2,sat.w13,13,layer3_0_conv1,1000,1.0,0.3114158761160714
resnet18-int6-default-b2,sat.w13,13,layer3_0_conv2,1000,1.0,0.17129561941964286
resnet18-int6-default-b2,sat.w13,13,layer3_0_downsample_0,987,0.987,0.00020782844387755102
resnet18-int6-default-b2,sat.w13,13,layer3_1_conv1,1000,1.0,0.2696089365433674
resnet18-int6-default-b2,sat.w13,13,layer3_1_conv2,1000,1.0,0.020379643654336733
resnet18-int6-default-b2,sat.w13,13,layer4_0_conv1,1000,1.0,0.44851283482142856
resnet18-int6-default-b2,sat.w13,13,layer4_0_conv2,1000,1.0,0.03349079241071429
resnet18-int6-default-b2,sat.w13,13,layer4_0_downsample_0,903,0.903,0.0002045200892857143
resnet18-int6-default-b2,sat.w13,13,layer4_1_conv1,1000,1.0,0.3038114237882653
resnet18-int6-default-b2,sat.w13,13,layer4_1_conv2,996,0.996,0.003977917729591837
resnet18-fp6_e2m3-default-b2,sat.w18,18,conv1,63,0.063,9.690888073979591e-06
resnet18-fp6_e2m3-default-b2,sat.w18,18,fc,0,0.0,0.0
resnet18-fp6_e2m3-default-b2,sat.w18,18,layer1_0_conv1,0,0.0,0.0
resnet18-fp6_e2m3-default-b2,sat.w18,18,layer1_0_conv2,0,0.0,0.0
resnet18-fp6_e2m3-default-b2,sat.w18,18,layer1_1_conv1,0,0.0,0.0
resnet18-fp6_e2m3-default-b2,sat.w18,18,layer1_1_conv2,0,0.0,0.0
resnet18-fp6_e2m3-default-b2,sat.w18,18,layer2_0_conv1,0,0.0,0.0
resnet18-fp6_e2m3-default-b2,sat.w18,18,layer2_0_conv2,0,0.0,0.0
resnet18-fp6_e2m3-default-b2,sat.w18,18,layer2_0_downsample_0,0,0.0,0.0
resnet18-fp6_e2m3-default-b2,sat.w18,18,layer2_1_conv1,0,0.0,0.0
resnet18-fp6_e2m3-default-b2,sat.w18,18,layer2_1_conv2,0,0.0,0.0
resnet18-fp6_e2m3-default-b2,sat.w18,18,layer3_0_conv1,0,0.0,0.0
resnet18-fp6_e2m3-default-b2,sat.w18,18,layer3_0_conv2,0,0.0,0.0
resnet18-fp6_e2m3-default-b2,sat.w18,18,layer3_0_downsample_0,0,0.0,0.0
resnet18-fp6_e2m3-default-b2,sat.w18,18,layer3_1_conv1,0,0.0,0.0
resnet18-fp6_e2m3-default-b2,sat.w18,18,layer3_1_conv2,0,0.0,0.0
resnet18-fp6_e2m3-default-b2,sat.w18,18,layer4_0_conv1,0,0.0,0.0
resnet18-fp6_e2m3-default-b2,sat.w18,18,layer4_0_conv2,0,0.0,0.0
resnet18-fp6_e2m3-default-b2,sat.w18,18,layer4_0_downsample_0,0,0.0,0.0
resnet18-fp6_e2m3-default-b2,sat.w18,18,layer4_1_conv1,0,0.0,0.0
resnet18-fp6_e2m3-default-b2,sat.w18,18,layer4_1_conv2,0,0.0,0.0
resnet18-fp6_e2m3-default-b2,sat.w17,17,conv1,987,0.987,0.0069378288424744895
resnet18-fp6_e2m3-default-b2,sat.w17,17,fc,0,0.0,0.0
resnet18-fp6_e2m3-default-b2,sat.w17,17,layer1_0_conv1,0,0.0,0.0
resnet18-fp6_e2m3-default-b2,sat.w17,17,layer1_0_conv2,0,0.0,0.0
resnet18-fp6_e2m3-default-b2,sat.w17,17,layer1_1_conv1,0,0.0,0.0
resnet18-fp6_e2m3-default-b2,sat.w17,17,layer1_1_conv2,0,0.0,0.0
resnet18-fp6_e2m3-default-b2,sat.w17,17,layer2_0_conv1,0,0.0,0.0
resnet18-fp6_e2m3-default-b2,sat.w17,17,layer2_0_conv2,0,0.0,0.0
resnet18-fp6_e2m3-default-b2,sat.w17,17,layer2_0_downsample_0,0,0.0,0.0
resnet18-fp6_e2m3-default-b2,sat.w17,17,layer2_1_conv1,0,0.0,0.0
resnet18-fp6_e2m3-default-b2,sat.w17,17,layer2_1_conv2,0,0.0,0.0
resnet18-fp6_e2m3-default-b2,sat.w17,17,layer3_0_conv1,0,0.0,0.0
resnet18-fp6_e2m3-default-b2,sat.w17,17,layer3_0_conv2,0,0.0,0.0
resnet18-fp6_e2m3-default-b2,sat.w17,17,layer3_0_downsample_0,0,0.0,0.0
resnet18-fp6_e2m3-default-b2,sat.w17,17,layer3_1_conv1,0,0.0,0.0
resnet18-fp6_e2m3-default-b2,sat.w17,17,layer3_1_conv2,0,0.0,0.0
resnet18-fp6_e2m3-default-b2,sat.w17,17,layer4_0_conv1,1,0.001,4.384566326530612e-07
resnet18-fp6_e2m3-default-b2,sat.w17,17,layer4_0_conv2,0,0.0,0.0
resnet18-fp6_e2m3-default-b2,sat.w17,17,layer4_0_downsample_0,0,0.0,0.0
resnet18-fp6_e2m3-default-b2,sat.w17,17,layer4_1_conv1,0,0.0,0.0
resnet18-fp6_e2m3-default-b2,sat.w17,17,layer4_1_conv2,0,0.0,0.0
resnet18-fp6_e2m3-default-b2,sat.w16,16,conv1,1000,1.0,0.0749303053252551
resnet18-fp6_e2m3-default-b2,sat.w16,16,fc,0,0.0,0.0
resnet18-fp6_e2m3-default-b2,sat.w16,16,layer1_0_conv1,522,0.522,4.6471420599489796e-05
resnet18-fp6_e2m3-default-b2,sat.w16,16,layer1_0_conv2,329,0.329,1.2530891262755102e-05
resnet18-fp6_e2m3-default-b2,sat.w16,16,layer1_1_conv1,263,0.263,5.59032206632653e-06
resnet18-fp6_e2m3-default-b2,sat.w16,16,layer1_1_conv2,0,0.0,0.0
resnet18-fp6_e2m3-default-b2,sat.w16,16,layer2_0_conv1,67,0.067,8.470184948979592e-07
resnet18-fp6_e2m3-default-b2,sat.w16,16,layer2_0_conv2,621,0.621,7.321229272959183e-05
resnet18-fp6_e2m3-default-b2,sat.w16,16,layer2_0_downsample_0,0,0.0,0.0
resnet18-fp6_e2m3-default-b2,sat.w16,16,layer2_1_conv1,0,0.0,0.0
resnet18-fp6_e2m3-default-b2,sat.w16,16,layer2_1_conv2,0,0.0,0.0
resnet18-fp6_e2m3-default-b2,sat.w16,16,layer3_0_conv1,5,0.005,9.964923469387755e-08
resnet18-fp6_e2m3-default-b2,sat.w16,16,layer3_0_conv2,147,0.147,5.022321428571428e-06
resnet18-fp6_e2m3-default-b2,sat.w16,16,layer3_0_downsample_0,0,0.0,0.0
resnet18-fp6_e2m3-default-b2,sat.w16,16,layer3_1_conv1,162,0.162,1.823580994897959e-05
resnet18-fp6_e2m3-default-b2,sat.w16,16,layer3_1_conv2,22,0.022,7.573341836734694e-07
resnet18-fp6_e2m3-default-b2,sat.w16,16,layer4_0_conv1,363,0.363,7.21859056122449e-05
resnet18-fp6_e2m3-default-b2,sat.w16,16,layer4_0_conv2,1,0.001,3.985969387755102e-08
resnet18-fp6_e2m3-default-b2,sat.w16,16,layer4_0_downsample_0,0,0.0,0.0
resnet18-fp6_e2m3-default-b2,sat.w16,16,layer4_1_conv1,153,0.153,2.1165497448979593e-05
resnet18-fp6_e2m3-default-b2,sat.w16,16,layer4_1_conv2,7,0.007,4.384566326530612e-07
resnet18-fp6_e2m3-default-b2,sat.w15,15,conv1,1000,1.0,0.21579634436782524
resnet18-fp6_e2m3-default-b2,sat.w15,15,fc,18,0.018,2.1e-05
resnet18-fp6_e2m3-default-b2,sat.w15,15,layer1_0_conv1,999,0.999,0.009005356146364796
resnet18-fp6_e2m3-default-b2,sat.w15,15,layer1_0_conv2,1000,1.0,0.007683389469068877
resnet18-fp6_e2m3-default-b2,sat.w15,15,layer1_1_conv1,1000,1.0,0.007756576849489796
resnet18-fp6_e2m3-default-b2,sat.w15,15,layer1_1_conv2,881,0.881,0.00027527104591836736
resnet18-fp6_e2m3-default-b2,sat.w15,15,layer2_0_conv1,1000,1.0,0.001576610331632653
resnet18-fp6_e2m3-default-b2,sat.w15,15,layer2_0_conv2,1000,1.0,0.007580058195153061
resnet18-fp6_e2m3-default-b2,sat.w15,15,layer2_0_downsample_0,0,0.0,0.0
resnet18-fp6_e2m3-default-b2,sat.w15,15,layer2_1_conv1,1000,1.0,0.0013475864955357143
resnet18-fp6_e2m3-default-b2,sat.w15,15,layer2_1_conv2,935,0.935,0.00015368901466836734
resnet18-fp6_e2m3-default-b2,sat.w15,15,layer3_0_conv1,999,0.999,0.0014859095982142857
resnet18-fp6_e2m3-default-b2,sat.w15,15,layer3_0_conv2,1000,1.0,0.0026873804209183675
resnet18-fp6_e2m3-default-b2,sat.w15,15,layer3_0_downsample_0,0,0.0,0.0
resnet18-fp6_e2m3-default-b2,sat.w15,15,layer3_1_conv1,1000,1.0,0.008565589126275511
resnet18-fp6_e2m3-default-b2,sat.w15,15,layer3_1_conv2,896,0.896,0.0005554049744897959
resnet18-fp6_e2m3-default-b2,sat.w15,15,layer4_0_conv1,1000,1.0,0.017102319834183675
resnet18-fp6_e2m3-default-b2,sat.w15,15,layer4_0_conv2,770,0.77,0.000328922193877551
resnet18-fp6_e2m3-default-b2,sat.w15,15,layer4_0_downsample_0,1,0.001,3.985969387755102e-08
resnet18-fp6_e2m3-default-b2,sat.w15,15,layer4_1_conv1,993,0.993,0.00797281568877551
resnet18-fp6_e2m3-default-b2,sat.w15,15,layer4_1_conv2,508,0.508,0.00018303571428571427
resnet18-fp6_e2m3-default-b2,sat.w14,14,conv1,1000,1.0,0.4165063501474809
resnet18-fp6_e2m3-default-b2,sat.w14,14,fc,63,0.063,0.00012
resnet18-fp6_e2m3-default-b2,sat.w14,14,layer1_0_conv1,1000,1.0,0.12387187101403062
resnet18-fp6_e2m3-default-b2,sat.w14,14,layer1_0_conv2,1000,1.0,0.038284493582589285
resnet18-fp6_e2m3-default-b2,sat.w14,14,layer1_1_conv1,1000,1.0,0.13030371591996173
resnet18-fp6_e2m3-default-b2,sat.w14,14,layer1_1_conv2,1000,1.0,0.01060929029815051
resnet18-fp6_e2m3-default-b2,sat.w14,14,layer2_0_conv1,1000,1.0,0.07543219866071428
resnet18-fp6_e2m3-default-b2,sat.w14,14,layer2_0_conv2,1000,1.0,0.07041447106186224
resnet18-fp6_e2m3-default-b2,sat.w14,14,layer2_0_downsample_0,1000,1.0,0.00025564014668367347
resnet18-fp6_e2m3-default-b2,sat.w14,14,layer2_1_conv1,1000,1.0,0.07544830197704082
resnet18-fp6_e2m3-default-b2,sat.w14,14,layer2_1_conv2,1000,1.0,0.016847905373086735
resnet18-fp6_e2m3-default-b2,sat.w14,14,layer3_0_conv1,1000,1.0,0.1311208346619898
resnet18-fp6_e2m3-default-b2,sat.w14,14,layer3_0_conv2,1000,1.0,0.08770151068239795
resnet18-fp6_e2m3-default-b2,sat.w14,14,layer3_0_downsample_0,429,0.429,1.4947385204081632e-05
resnet18-fp6_e2m3-default-b2,sat.w14,14,layer3_1_conv1,1000,1.0,0.1521119459502551
resnet18-fp6_e2m3-default-b2,sat.w14,14,layer3_1_conv2,1000,1.0,0.008575793207908163
resnet18-fp6_e2m3-default-b2,sat.w14,14,layer4_0_conv1,1000,1.0,0.26124015465561223
resnet18-fp6_e2m3-default-b2,sat.w14,14,layer4_0_conv2,999,0.999,0.012195551658163266
resnet18-fp6_e2m3-default-b2,sat.w14,14,layer4_0_downsample_0,358,0.358,2.15640943877551e-05
resnet18-fp6_e2m3-default-b2,sat.w14,14,layer4_1_conv1,1000,1.0,0.13898780293367347
resnet18-fp6_e2m3-default-b2,sat.w14,14,layer4_1_conv2,986,0.986,0.0035833864795918368
resnet18-fp7_e3m3-default-b2,sat.w25,25,conv1,278,0.278,0.00011460284797512755
resnet18-fp7_e3m3-default-b2,sat.w25,25,fc,0,0.0,0.0
resnet18-fp7_e3m3-default-b2,sat.w25,25,layer1_0_conv1,0,0.0,0.0
resnet18-fp7_e3m3-default-b2,sat.w25,25,layer1_0_conv2,0,0.0,0.0
resnet18-fp7_e3m3-default-b2,sat.w25,25,layer1_1_conv1,0,0.0,0.0
resnet18-fp7_e3m3-default-b2,sat.w25,25,layer1_1_conv2,0,0.0,0.0
resnet18-fp7_e3m3-default-b2,sat.w25,25,layer2_0_conv1,0,0.0,0.0
resnet18-fp7_e3m3-default-b2,sat.w25,25,layer2_0_conv2,0,0.0,0.0
resnet18-fp7_e3m3-default-b2,sat.w25,25,layer2_0_downsample_0,0,0.0,0.0
resnet18-fp7_e3m3-default-b2,sat.w25,25,layer2_1_conv1,0,0.0,0.0
resnet18-fp7_e3m3-default-b2,sat.w25,25,layer2_1_conv2,0,0.0,0.0
resnet18-fp7_e3m3-default-b2,sat.w25,25,layer3_0_conv1,0,0.0,0.0
resnet18-fp7_e3m3-default-b2,sat.w25,25,layer3_0_conv2,0,0.0,0.0
resnet18-fp7_e3m3-default-b2,sat.w25,25,layer3_0_downsample_0,0,0.0,0.0
resnet18-fp7_e3m3-default-b2,sat.w25,25,layer3_1_conv1,0,0.0,0.0
resnet18-fp7_e3m3-default-b2,sat.w25,25,layer3_1_conv2,0,0.0,0.0
resnet18-fp7_e3m3-default-b2,sat.w25,25,layer4_0_conv1,0,0.0,0.0
resnet18-fp7_e3m3-default-b2,sat.w25,25,layer4_0_conv2,0,0.0,0.0
resnet18-fp7_e3m3-default-b2,sat.w25,25,layer4_0_downsample_0,0,0.0,0.0
resnet18-fp7_e3m3-default-b2,sat.w25,25,layer4_1_conv1,0,0.0,0.0
resnet18-fp7_e3m3-default-b2,sat.w25,25,layer4_1_conv2,0,0.0,0.0
resnet18-fp7_e3m3-default-b2,sat.w24,24,conv1,997,0.997,0.011310216786910077
resnet18-fp7_e3m3-default-b2,sat.w24,24,fc,0,0.0,0.0
resnet18-fp7_e3m3-default-b2,sat.w24,24,layer1_0_conv1,5,0.005,4.982461734693878e-08
resnet18-fp7_e3m3-default-b2,sat.w24,24,layer1_0_conv2,0,0.0,0.0
resnet18-fp7_e3m3-default-b2,sat.w24,24,layer1_1_conv1,1,0.001,4.9824617346938776e-09
resnet18-fp7_e3m3-default-b2,sat.w24,24,layer1_1_conv2,0,0.0,0.0
resnet18-fp7_e3m3-default-b2,sat.w24,24,layer2_0_conv1,0,0.0,0.0
resnet18-fp7_e3m3-default-b2,sat.w24,24,layer2_0_conv2,0,0.0,0.0
resnet18-fp7_e3m3-default-b2,sat.w24,24,layer2_0_downsample_0,0,0.0,0.0
resnet18-fp7_e3m3-default-b2,sat.w24,24,layer2_1_conv1,0,0.0,0.0
resnet18-fp7_e3m3-default-b2,sat.w24,24,layer2_1_conv2,0,0.0,0.0
resnet18-fp7_e3m3-default-b2,sat.w24,24,layer3_0_conv1,0,0.0,0.0
resnet18-fp7_e3m3-default-b2,sat.w24,24,layer3_0_conv2,0,0.0,0.0
resnet18-fp7_e3m3-default-b2,sat.w24,24,layer3_0_downsample_0,0,0.0,0.0
resnet18-fp7_e3m3-default-b2,sat.w24,24,layer3_1_conv1,0,0.0,0.0
resnet18-fp7_e3m3-default-b2,sat.w24,24,layer3_1_conv2,0,0.0,0.0
resnet18-fp7_e3m3-default-b2,sat.w24,24,layer4_0_conv1,0,0.0,0.0
resnet18-fp7_e3m3-default-b2,sat.w24,24,layer4_0_conv2,0,0.0,0.0
resnet18-fp7_e3m3-default-b2,sat.w24,24,layer4_0_downsample_0,0,0.0,0.0
resnet18-fp7_e3m3-default-b2,sat.w24,24,layer4_1_conv1,0,0.0,0.0
resnet18-fp7_e3m3-default-b2,sat.w24,24,layer4_1_conv2,0,0.0,0.0
resnet18-fp7_e3m3-default-b2,sat.w23,23,conv1,1000,1.0,0.07332938182597258
resnet18-fp7_e3m3-default-b2,sat.w23,23,fc,0,0.0,0.0
resnet18-fp7_e3m3-default-b2,sat.w23,23,layer1_0_conv1,823,0.823,0.0001927016900510204
resnet18-fp7_e3m3-default-b2,sat.w23,23,layer1_0_conv2,0,0.0,0.0
resnet18-fp7_e3m3-default-b2,sat.w23,23,layer1_1_conv1,873,0.873,0.00013629025829081632
resnet18-fp7_e3m3-default-b2,sat.w23,23,layer1_1_conv2,0,0.0,0.0
resnet18-fp7_e3m3-default-b2,sat.w23,23,layer2_0_conv1,319,0.319,8.041693239795919e-06
resnet18-fp7_e3m3-default-b2,sat.w23,23,layer2_0_conv2,1,0.001,9.964923469387755e-09
resnet18-fp7_e3m3-default-b2,sat.w23,23,layer2_0_downsample_0,0,0.0,0.0
resnet18-fp7_e3m3-default-b2,sat.w23,23,layer2_1_conv1,15,0.015,1.6940369897959185e-07
resnet18-fp7_e3m3-default-b2,sat.w23,23,layer2_1_conv2,6,0.006,6.975446428571429e-08
resnet18-fp7_e3m3-default-b2,sat.w23,23,layer3_0_conv1,3,0.003,5.978954081632653e-08
resnet18-fp7_e3m3-default-b2,sat.w23,23,layer3_0_conv2,174,0.174,9.386957908163265e-06
resnet18-fp7_e3m3-default-b2,sat.w23,23,layer3_0_downsample_0,0,0.0,0.0
resnet18-fp7_e3m3-default-b2,sat.w23,23,layer3_1_conv1,26,0.026,1.1758609693877552e-06
resnet18-fp7_e3m3-default-b2,sat.w23,23,layer3_1_conv2,69,0.069,6.3775510204081635e-06
resnet18-fp7_e3m3-default-b2,sat.w23,23,layer4_0_conv1,10,0.01,5.978954081632653e-07
resnet18-fp7_e3m3-default-b2,sat.w23,23,layer4_0_conv2,21,0.021,1.1559311224489796e-06
resnet18-fp7_e3m3-default-b2,sat.w23,23,layer4_0_downsample_0,0,0.0,0.0
resnet18-fp7_e3m3-default-b2,sat.w23,23,layer4_1_conv1,109,0.109,1.096141581632653e-05
resnet18-fp7_e3m3-default-b2,sat.w23,23,layer4_1_conv2,1,0.001,3.985969387755102e-08
resnet18-fp7_e3m3-default-b2,sat.w22,22,conv1,1000,1.0,0.22056174266581632
resnet18-fp7_e3m3-default-b2,sat.w22,22,fc,15,0.015,1.7e-05
resnet18-fp7_e3m3-default-b2,sat.w22,22,layer1_0_conv1,1000,1.0,0.011080730827487244
resnet18-fp7_e3m3-default-b2,sat.w22,22,layer1_0_conv2,0,0.0,0.0
resnet18-fp7_e3m3-default-b2,sat.w22,22,layer1_1_conv1,1000,1.0,0.016424864477040817
resnet18-fp7_e3m3-default-b2,sat.w22,22,layer1_1_conv2,621,0.621,8.695890465561224e-05
resnet18-fp7_e3m3-default-b2,sat.w22,22,layer2_0_conv1,1000,1.0,0.002230777662627551
resnet18-fp7_e3m3-default-b2,sat.w22,22,layer2_0_conv2,990,0.99,0.0011669722576530613
resnet18-fp7_e3m3-default-b2,sat.w22,22,layer2_0_downsample_0,2,0.002,1.992984693877551e-08
resnet18-fp7_e3m3-default-b2,sat.w22,22,layer2_1_conv1,997,0.997,0.0008571627869897959
resnet18-fp7_e3m3-default-b2,sat.w22,22,layer2_1_conv2,731,0.731,5.067163584183673e-05
resnet18-fp7_e3m3-default-b2,sat.w22,22,layer3_0_conv1,892,0.892,0.00014010682397959184
resnet18-fp7_e3m3-default-b2,sat.w22,22,layer3_0_conv2,999,0.999,0.002354213169642857
resnet18-fp7_e3m3-default-b2,sat.w22,22,layer3_0_downsample_0,0,0.0,0.0
resnet18-fp7_e3m3-default-b2,sat.w22,22,layer3_1_conv1,1000,1.0,0.0031180046237244898
resnet18-fp7_e3m3-default-b2,sat.w22,22,layer3_1_conv2,844,0.844,0.00039921476403061227
resnet18-fp7_e3m3-default-b2,sat.w22,22,layer4_0_conv1,957,0.957,0.0009411670918367347
resnet18-fp7_e3m3-default-b2,sat.w22,22,layer4_0_conv2,861,0.861,0.0004761639030612245
resnet18-fp7_e3m3-default-b2,sat.w22,22,layer4_0_downsample_0,0,0.0,0.0
resnet18-fp7_e3m3-default-b2,sat.w22,22,layer4_1_conv1,983,0.983,0.0035827088647959185
resnet18-fp7_e3m3-default-b2,sat.w22,22,layer4_1_conv2,225,0.225,3.356186224489796e-05
resnet18-fp7_e3m3-default-b2,sat.w21,21,conv1,1000,1.0,0.40344628657126913
resnet18-fp7_e3m3-default-b2,sat.w21,21,fc,86,0.086,0.000128
resnet18-fp7_e3m3-default-b2,sat.w21,21,layer1_0_conv1,1000,1.0,0.13837159199617347
resnet18-fp7_e3m3-default-b2,sat.w21,21,layer1_0_conv2,741,0.741,0.00017573142538265305
resnet18-fp7_e3m3-default-b2,sat.w21,21,layer1_1_conv1,1000,1.0,0.16368629922672193
resnet18-fp7_e3m3-default-b2,sat.w21,21,layer1_1_conv2,1000,1.0,0.007326156927614796
resnet18-fp7_e3m3-default-b2,sat.w21,21,layer2_0_conv1,1000,1.0,0.09128386080994898
resnet18-fp7_e3m3-default-b2,sat.w21,21,layer2_0_conv2,1000,1.0,0.04377958585778061
resnet18-fp7_e3m3-default-b2,sat.w21,21,layer2_0_downsample_0,989,0.989,0.0002520228794642857
resnet18-fp7_e3m3-default-b2,sat.w21,21,layer2_1_conv1,1000,1.0,0.05160780054209184
resnet18-fp7_e3m3-default-b2,sat.w21,21,layer2_1_conv2,1000,1.0,0.007935407366071429
resnet18-fp7_e3m3-default-b2,sat.w21,21,layer3_0_conv1,1000,1.0,0.030155213647959183
resnet18-fp7_e3m3-default-b2,sat.w21,21,layer3_0_conv2,1000,1.0,0.07070316485969388
resnet18-fp7_e3m3-default-b2,sat.w21,21,layer3_0_downsample_0,344,0.344,9.725765306122449e-06
resnet18-fp7_e3m3-default-b2,sat.w21,21,layer3_1_conv1,1000,1.0,0.05975109614158163
resnet18-fp7_e3m3-default-b2,sat.w21,21,layer3_1_conv2,1000,1.0,0.0053184988839285715
resnet18-fp7_e3m3-default-b2,sat.w21,21,layer4_0_conv1,1000,1.0,0.07041800860969388
resnet18-fp7_e3m3-default-b2,sat.w21,21,layer4_0_conv2,1000,1.0,0.01430779655612245
resnet18-fp7_e3m3-default-b2,sat.w21,21,layer4_0_downsample_0,76,0.076,3.7069515306122447e-06
resnet18-fp7_e3m3-default-b2,sat.w21,21,layer4_1_conv1,1000,1.0,0.07705676020408163
resnet18-fp7_e3m3-default-b2,sat.w21,21,layer4_1_conv2,905,0.905,0.0010579958545918367
resnet18-fp8_e4m3fn-default-b2,sat.w41,41,conv1,278,0.278,0.00011460284797512755
resnet18-fp8_e4m3fn-default-b2,sat.w41,41,fc,0,0.0,0.0
resnet18-fp8_e4m3fn-default-b2,sat.w41,41,layer1_0_conv1,0,0.0,0.0
resnet18-fp8_e4m3fn-default-b2,sat.w41,41,layer1_0_conv2,0,0.0,0.0
resnet18-fp8_e4m3fn-default-b2,sat.w41,41,layer1_1_conv1,0,0.0,0.0
resnet18-fp8_e4m3fn-default-b2,sat.w41,41,layer1_1_conv2,0,0.0,0.0
resnet18-fp8_e4m3fn-default-b2,sat.w41,41,layer2_0_conv1,0,0.0,0.0
resnet18-fp8_e4m3fn-default-b2,sat.w41,41,layer2_0_conv2,0,0.0,0.0
resnet18-fp8_e4m3fn-default-b2,sat.w41,41,layer2_0_downsample_0,0,0.0,0.0
resnet18-fp8_e4m3fn-default-b2,sat.w41,41,layer2_1_conv1,0,0.0,0.0
resnet18-fp8_e4m3fn-default-b2,sat.w41,41,layer2_1_conv2,0,0.0,0.0
resnet18-fp8_e4m3fn-default-b2,sat.w41,41,layer3_0_conv1,0,0.0,0.0
resnet18-fp8_e4m3fn-default-b2,sat.w41,41,layer3_0_conv2,0,0.0,0.0
resnet18-fp8_e4m3fn-default-b2,sat.w41,41,layer3_0_downsample_0,0,0.0,0.0
resnet18-fp8_e4m3fn-default-b2,sat.w41,41,layer3_1_conv1,0,0.0,0.0
resnet18-fp8_e4m3fn-default-b2,sat.w41,41,layer3_1_conv2,0,0.0,0.0
resnet18-fp8_e4m3fn-default-b2,sat.w41,41,layer4_0_conv1,0,0.0,0.0
resnet18-fp8_e4m3fn-default-b2,sat.w41,41,layer4_0_conv2,0,0.0,0.0
resnet18-fp8_e4m3fn-default-b2,sat.w41,41,layer4_0_downsample_0,0,0.0,0.0
resnet18-fp8_e4m3fn-default-b2,sat.w41,41,layer4_1_conv1,0,0.0,0.0
resnet18-fp8_e4m3fn-default-b2,sat.w41,41,layer4_1_conv2,0,0.0,0.0
resnet18-fp8_e4m3fn-default-b2,sat.w40,40,conv1,997,0.997,0.011309813207509567
resnet18-fp8_e4m3fn-default-b2,sat.w40,40,fc,0,0.0,0.0
resnet18-fp8_e4m3fn-default-b2,sat.w40,40,layer1_0_conv1,5,0.005,4.4842155612244896e-08
resnet18-fp8_e4m3fn-default-b2,sat.w40,40,layer1_0_conv2,0,0.0,0.0
resnet18-fp8_e4m3fn-default-b2,sat.w40,40,layer1_1_conv1,0,0.0,0.0
resnet18-fp8_e4m3fn-default-b2,sat.w40,40,layer1_1_conv2,0,0.0,0.0
resnet18-fp8_e4m3fn-default-b2,sat.w40,40,layer2_0_conv1,0,0.0,0.0
resnet18-fp8_e4m3fn-default-b2,sat.w40,40,layer2_0_conv2,0,0.0,0.0
resnet18-fp8_e4m3fn-default-b2,sat.w40,40,layer2_0_downsample_0,0,0.0,0.0
resnet18-fp8_e4m3fn-default-b2,sat.w40,40,layer2_1_conv1,0,0.0,0.0
resnet18-fp8_e4m3fn-default-b2,sat.w40,40,layer2_1_conv2,0,0.0,0.0
resnet18-fp8_e4m3fn-default-b2,sat.w40,40,layer3_0_conv1,0,0.0,0.0
resnet18-fp8_e4m3fn-default-b2,sat.w40,40,layer3_0_conv2,0,0.0,0.0
resnet18-fp8_e4m3fn-default-b2,sat.w40,40,layer3_0_downsample_0,0,0.0,0.0
resnet18-fp8_e4m3fn-default-b2,sat.w40,40,layer3_1_conv1,0,0.0,0.0
resnet18-fp8_e4m3fn-default-b2,sat.w40,40,layer3_1_conv2,0,0.0,0.0
resnet18-fp8_e4m3fn-default-b2,sat.w40,40,layer4_0_conv1,0,0.0,0.0
resnet18-fp8_e4m3fn-default-b2,sat.w40,40,layer4_0_conv2,0,0.0,0.0
resnet18-fp8_e4m3fn-default-b2,sat.w40,40,layer4_0_downsample_0,0,0.0,0.0
resnet18-fp8_e4m3fn-default-b2,sat.w40,40,layer4_1_conv1,0,0.0,0.0
resnet18-fp8_e4m3fn-default-b2,sat.w40,40,layer4_1_conv2,0,0.0,0.0
resnet18-fp8_e4m3fn-default-b2,sat.w39,39,conv1,1000,1.0,0.0733297380719866
resnet18-fp8_e4m3fn-default-b2,sat.w39,39,fc,0,0.0,0.0
resnet18-fp8_e4m3fn-default-b2,sat.w39,39,layer1_0_conv1,824,0.824,0.0001912318638392857
resnet18-fp8_e4m3fn-default-b2,sat.w39,39,layer1_0_conv2,0,0.0,0.0
resnet18-fp8_e4m3fn-default-b2,sat.w39,39,layer1_1_conv1,0,0.0,0.0
resnet18-fp8_e4m3fn-default-b2,sat.w39,39,layer1_1_conv2,0,0.0,0.0
resnet18-fp8_e4m3fn-default-b2,sat.w39,39,layer2_0_conv1,324,0.324,8.131377551020408e-06
resnet18-fp8_e4m3fn-default-b2,sat.w39,39,layer2_0_conv2,1,0.001,9.964923469387755e-09
resnet18-fp8_e4m3fn-default-b2,sat.w39,39,layer2_0_downsample_0,0,0.0,0.0
resnet18-fp8_e4m3fn-default-b2,sat.w39,39,layer2_1_conv1,0,0.0,0.0
resnet18-fp8_e4m3fn-default-b2,sat.w39,39,layer2_1_conv2,0,0.0,0.0
resnet18-fp8_e4m3fn-default-b2,sat.w39,39,layer3_0_conv1,3,0.003,5.978954081632653e-08
resnet18-fp8_e4m3fn-default-b2,sat.w39,39,layer3_0_conv2,167,0.167,9.207589285714286e-06
resnet18-fp8_e4m3fn-default-b2,sat.w39,39,layer3_0_downsample_0,0,0.0,0.0
resnet18-fp8_e4m3fn-default-b2,sat.w39,39,layer3_1_conv1,1,0.001,7.971938775510204e-08
resnet18-fp8_e4m3fn-default-b2,sat.w39,39,layer3_1_conv2,72,0.072,6.0387436224489795e-06
resnet18-fp8_e4m3fn-default-b2,sat.w39,39,layer4_0_conv1,9,0.009,5.580357142857143e-07
resnet18-fp8_e4m3fn-default-b2,sat.w39,39,layer4_0_conv2,18,0.018,9.566326530612244e-07
resnet18-fp8_e4m3fn-default-b2,sat.w39,39,layer4_0_downsample_0,0,0.0,0.0
resnet18-fp8_e4m3fn-default-b2,sat.w39,39,layer4_1_conv1,103,0.103,9.088010204081632e-06
resnet18-fp8_e4m3fn-default-b2,sat.w39,39,layer4_1_conv2,0,0.0,0.0
resnet18-fp8_e4m3fn-default-b2,sat.w38,38,conv1,1000,1.0,0.22056510831871812
resnet18-fp8_e4m3fn-default-b2,sat.w38,38,fc,0,0.0,0.0
resnet18-fp8_e4m3fn-default-b2,sat.w38,38,layer1_0_conv1,1000,1.0,0.01074640266262755
resnet18-fp8_e4m3fn-default-b2,sat.w38,38,layer1_0_conv2,0,0.0,0.0
resnet18-fp8_e4m3fn-default-b2,sat.w38,38,layer1_1_conv1,660,0.66,4.930145886479592e-05
resnet18-fp8_e4m3fn-default-b2,sat.w38,38,layer1_1_conv2,621,0.621,8.914620535714286e-05
resnet18-fp8_e4m3fn-default-b2,sat.w38,38,layer2_0_conv1,1000,1.0,0.002117556202168367
resnet18-fp8_e4m3fn-default-b2,sat.w38,38,layer2_0_conv2,990,0.99,0.0010673828125
resnet18-fp8_e4m3fn-default-b2,sat.w38,38,layer2_0_downsample_0,2,0.002,1.992984693877551e-08
resnet18-fp8_e4m3fn-default-b2,sat.w38,38,layer2_1_conv1,12,0.012,1.3950892857142858e-07
resnet18-fp8_e4m3fn-default-b2,sat.w38,38,layer2_1_conv2,32,0.032,7.075095663265306e-07
resnet18-fp8_e4m3fn-default-b2,sat.w38,38,layer3_0_conv1,889,0.889,0.0001298828125
resnet18-fp8_e4m3fn-default-b2,sat.w38,38,layer3_0_conv2,999,0.999,0.00228890306122449
resnet18-fp8_e4m3fn-default-b2,sat.w38,38,layer3_0_downsample_0,0,0.0,0.0
resnet18-fp8_e4m3fn-default-b2,sat.w38,38,layer3_1_conv1,881,0.881,0.000315609056122449
resnet18-fp8_e4m3fn-default-b2,sat.w38,38,layer3_1_conv2,837,0.837,0.0003985172193877551
resnet18-fp8_e4m3fn-default-b2,sat.w38,38,layer4_0_conv1,952,0.952,0.0008022560586734694
resnet18-fp8_e4m3fn-default-b2,sat.w38,38,layer4_0_conv2,845,0.845,0.00041286670918367344
resnet18-fp8_e4m3fn-default-b2,sat.w38,38,layer4_0_downsample_0,1,0.001,3.985969387755102e-08
resnet18-fp8_e4m3fn-default-b2,sat.w38,38,layer4_1_conv1,978,0.978,0.0029683115433673467
resnet18-fp8_e4m3fn-default-b2,sat.w38,38,layer4_1_conv2,204,0.204,2.973533163265306e-05
resnet18-fp8_e4m3fn-default-b2,sat.w37,37,conv1,1000,1.0,0.40344759944993625
resnet18-fp8_e4m3fn-default-b2,sat.w37,37,fc,21,0.021,2.3e-05
resnet18-fp8_e4m3fn-default-b2,sat.w37,37,layer1_0_conv1,1000,1.0,0.13535434271364796
resnet18-fp8_e4m3fn-default-b2,sat.w37,37,layer1_0_conv2,742,0.742,0.0001755321269132653
resnet18-fp8_e4m3fn-default-b2,sat.w37,37,layer1_1_conv1,1000,1.0,0.015686912069515307
resnet18-fp8_e4m3fn-default-b2,sat.w37,37,layer1_1_conv2,1000,1.0,0.006822215800382653
resnet18-fp8_e4m3fn-default-b2,sat.w37,37,layer2_0_conv1,1000,1.0,0.06525042849170919
resnet18-fp8_e4m3fn-default-b2,sat.w37,37,layer2_0_conv2,1000,1.0,0.032874063297193876
resnet18-fp8_e4m3fn-default-b2,sat.w37,37,layer2_0_downsample_0,909,0.909,6.753228635204081e-05
resnet18-fp8_e4m3fn-default-b2,sat.w37,37,layer2_1_conv1,1000,1.0,0.000987254862882653
resnet18-fp8_e4m3fn-default-b2,sat.w37,37,layer2_1_conv2,984,0.984,0.00036147759885204084
resnet18-fp8_e4m3fn-default-b2,sat.w37,37,layer3_0_conv1,1000,1.0,0.02121221301020408
resnet18-fp8_e4m3fn-default-b2,sat.w37,37,layer3_0_conv2,1000,1.0,0.04989134247448979
resnet18-fp8_e4m3fn-default-b2,sat.w37,37,layer3_0_downsample_0,251,0.251,6.497130102040816e-06
resnet18-fp8_e4m3fn-default-b2,sat.w37,37,layer3_1_conv1,1000,1.0,0.019800601881377552
resnet18-fp8_e4m3fn-default-b2,sat.w37,37,layer3_1_conv2,1000,1.0,0.00517496412627551
resnet18-fp8_e4m3fn-default-b2,sat.w37,37,layer4_0_conv1,1000,1.0,0.052186902104591835
resnet18-fp8_e4m3fn-default-b2,sat.w37,37,layer4_0_conv2,1000,1.0,0.011896085778061224
resnet18-fp8_e4m3fn-default-b2,sat.w37,37,layer4_0_downsample_0,96,0.096,5.460778061224489e-06
resnet18-fp8_e4m3fn-default-b2,sat.w37,37,layer4_1_conv1,1000,1.0,0.06599816645408163
resnet18-fp8_e4m3fn-default-b2,sat.w37,37,layer4_1_conv2,892,0.892,0.0010029894770408163
resnet18-posit8_es1-default-b2,sat.w34,34,conv1,671,0.671,0.00048696338887117347
resnet18-posit8_es1-default-b2,sat.w34,34,fc,0,0.0,0.0
resnet18-posit8_es1-default-b2,sat.w34,34,layer1_0_conv1,0,0.0,0.0
resnet18-posit8_es1-default-b2,sat.w34,34,layer1_0_conv2,0,0.0,0.0
resnet18-posit8_es1-default-b2,sat.w34,34,layer1_1_conv1,0,0.0,0.0
resnet18-posit8_es1-default-b2,sat.w34,34,layer1_1_conv2,0,0.0,0.0
resnet18-posit8_es1-default-b2,sat.w34,34,layer2_0_conv1,0,0.0,0.0
resnet18-posit8_es1-default-b2,sat.w34,34,layer2_0_conv2,0,0.0,0.0
resnet18-posit8_es1-default-b2,sat.w34,34,layer2_0_downsample_0,0,0.0,0.0
resnet18-posit8_es1-default-b2,sat.w34,34,layer2_1_conv1,0,0.0,0.0
resnet18-posit8_es1-default-b2,sat.w34,34,layer2_1_conv2,0,0.0,0.0
resnet18-posit8_es1-default-b2,sat.w34,34,layer3_0_conv1,0,0.0,0.0
resnet18-posit8_es1-default-b2,sat.w34,34,layer3_0_conv2,0,0.0,0.0
resnet18-posit8_es1-default-b2,sat.w34,34,layer3_0_downsample_0,0,0.0,0.0
resnet18-posit8_es1-default-b2,sat.w34,34,layer3_1_conv1,0,0.0,0.0
resnet18-posit8_es1-default-b2,sat.w34,34,layer3_1_conv2,0,0.0,0.0
resnet18-posit8_es1-default-b2,sat.w34,34,layer4_0_conv1,0,0.0,0.0
resnet18-posit8_es1-default-b2,sat.w34,34,layer4_0_conv2,0,0.0,0.0
resnet18-posit8_es1-default-b2,sat.w34,34,layer4_0_downsample_0,0,0.0,0.0
resnet18-posit8_es1-default-b2,sat.w34,34,layer4_1_conv1,0,0.0,0.0
resnet18-posit8_es1-default-b2,sat.w34,34,layer4_1_conv2,0,0.0,0.0
resnet18-posit8_es1-default-b2,sat.w33,33,conv1,999,0.999,0.02638023283043686
resnet18-posit8_es1-default-b2,sat.w33,33,fc,0,0.0,0.0
resnet18-posit8_es1-default-b2,sat.w33,33,layer1_0_conv1,393,0.393,2.9585857780612245e-05
resnet18-posit8_es1-default-b2,sat.w33,33,layer1_0_conv2,6,0.006,4.384566326530612e-07
resnet18-posit8_es1-default-b2,sat.w33,33,layer1_1_conv1,1,0.001,4.9824617346938776e-09
resnet18-posit8_es1-default-b2,sat.w33,33,layer1_1_conv2,0,0.0,0.0
resnet18-posit8_es1-default-b2,sat.w33,33,layer2_0_conv1,0,0.0,0.0
resnet18-posit8_es1-default-b2,sat.w33,33,layer2_0_conv2,0,0.0,0.0
resnet18-posit8_es1-default-b2,sat.w33,33,layer2_0_downsample_0,0,0.0,0.0
resnet18-posit8_es1-default-b2,sat.w33,33,layer2_1_conv1,0,0.0,0.0
resnet18-posit8_es1-default-b2,sat.w33,33,layer2_1_conv2,0,0.0,0.0
resnet18-posit8_es1-default-b2,sat.w33,33,layer3_0_conv1,0,0.0,0.0
resnet18-posit8_es1-default-b2,sat.w33,33,layer3_0_conv2,0,0.0,0.0
resnet18-posit8_es1-default-b2,sat.w33,33,layer3_0_downsample_0,0,0.0,0.0
resnet18-posit8_es1-default-b2,sat.w33,33,layer3_1_conv1,0,0.0,0.0
resnet18-posit8_es1-default-b2,sat.w33,33,layer3_1_conv2,0,0.0,0.0
resnet18-posit8_es1-default-b2,sat.w33,33,layer4_0_conv1,16,0.016,2.511160714285714e-06
resnet18-posit8_es1-default-b2,sat.w33,33,layer4_0_conv2,0,0.0,0.0
resnet18-posit8_es1-default-b2,sat.w33,33,layer4_0_downsample_0,0,0.0,0.0
resnet18-posit8_es1-default-b2,sat.w33,33,layer4_1_conv1,9,0.009,5.978954081632653e-07
resnet18-posit8_es1-default-b2,sat.w33,33,layer4_1_conv2,9,0.009,1.3552295918367348e-06
resnet18-posit8_es1-default-b2,sat.w32,32,conv1,1000,1.0,0.1080363620057398
resnet18-posit8_es1-default-b2,sat.w32,32,fc,11,0.011,1.3e-05
resnet18-posit8_es1-default-b2,sat.w32,32,layer1_0_conv1,983,0.983,0.0026706293845663266
resnet18-posit8_es1-default-b2,sat.w32,32,layer1_0_conv2,902,0.902,0.0003657924107142857
resnet18-posit8_es1-default-b2,sat.w32,32,layer1_1_conv1,919,0.919,0.00029799605389030614
resnet18-posit8_es1-default-b2,sat.w32,32,layer1_1_conv2,82,0.082,2.401546556122449e-06
resnet18-posit8_es1-default-b2,sat.w32,32,layer2_0_conv1,107,0.107,1.624282525510204e-06
resnet18-posit8_es1-default-b2,sat.w32,32,layer2_0_conv2,957,0.957,0.0005599390146683674
resnet18-posit8_es1-default-b2,sat.w32,32,layer2_0_downsample_0,0,0.0,0.0
resnet18-posit8_es1-default-b2,sat.w32,32,layer2_1_conv1,194,0.194,4.842952806122449e-06
resnet18-posit8_es1-default-b2,sat.w32,32,layer2_1_conv2,15,0.015,2.5908801020408164e-07
resnet18-posit8_es1-default-b2,sat.w32,32,layer3_0_conv1,295,0.295,1.2595663265306122e-05
resnet18-posit8_es1-default-b2,sat.w32,32,layer3_0_conv2,398,0.398,2.4493781887755104e-05
resnet18-posit8_es1-default-b2,sat.w32,32,layer3_0_downsample_0,0,0.0,0.0
resnet18-posit8_es1-default-b2,sat.w32,32,layer3_1_conv1,620,0.62,0.0001063655931122449
resnet18-posit8_es1-default-b2,sat.w32,32,layer3_1_conv2,182,0.182,1.6242825255102042e-05
resnet18-posit8_es1-default-b2,sat.w32,32,layer4_0_conv1,952,0.952,0.0009866470025510204
resnet18-posit8_es1-default-b2,sat.w32,32,layer4_0_conv2,732,0.732,0.00018845663265306122
resnet18-posit8_es1-default-b2,sat.w32,32,layer4_0_downsample_0,0,0.0,0.0
resnet18-posit8_es1-default-b2,sat.w32,32,layer4_1_conv1,901,0.901,0.0013315130739795919
resnet18-posit8_es1-default-b2,sat.w32,32,layer4_1_conv2,428,0.428,0.00010618622448979592
resnet18-posit8_es1-default-b2,sat.w31,31,conv1,1000,1.0,0.2693540811344069
resnet18-posit8_es1-default-b2,sat.w31,31,fc,339,0.339,0.000669
resnet18-posit8_es1-default-b2,sat.w31,31,layer1_0_conv1,1000,1.0,0.034554064692283164
resnet18-posit8_es1-default-b2,sat.w31,31,layer1_0_conv2,1000,1.0,0.018413345025510203
resnet18-posit8_es1-default-b2,sat.w31,31,layer1_1_conv1,1000,1.0,0.014160230986926021
resnet18-posit8_es1-default-b2,sat.w31,31,layer1_1_conv2,998,0.998,0.0015826690051020408
resnet18-posit8_es1-default-b2,sat.w31,31,layer2_0_conv1,1000,1.0,0.0017322225765306122
resnet18-posit8_es1-default-b2,sat.w31,31,layer2_0_conv2,1000,1.0,0.013297253667091837
resnet18-posit8_es1-default-b2,sat.w31,31,layer2_0_downsample_0,2,0.002,1.992984693877551e-08
resnet18-posit8_es1-default-b2,sat.w31,31,layer2_1_conv1,1000,1.0,0.004698122608418368
resnet18-posit8_es1-default-b2,sat.w31,31,layer2_1_conv2,994,0.994,0.000805225605867347
resnet18-posit8_es1-default-b2,sat.w31,31,layer3_0_conv1,1000,1.0,0.00909978874362245
resnet18-posit8_es1-default-b2,sat.w31,31,layer3_0_conv2,1000,1.0,0.0062721819196428575
resnet18-posit8_es1-default-b2,sat.w31,31,layer3_0_downsample_0,17,0.017,3.388073979591837e-07
resnet18-posit8_es1-default-b2,sat.w31,31,layer3_1_conv1,1000,1.0,0.019811463647959184
resnet18-posit8_es1-default-b2,sat.w31,31,layer3_1_conv2,952,0.952,0.0008701371173469388
resnet18-posit8_es1-default-b2,sat.w31,31,layer4_0_conv1,1000,1.0,0.05570009566326531
resnet18-posit8_es1-default-b2,sat.w31,31,layer4_0_conv2,997,0.997,0.008020966198979592
resnet18-posit8_es1-default-b2,sat.w31,31,layer4_0_downsample_0,1,0.001,3.985969387755102e-08
resnet18-posit8_es1-default-b2,sat.w31,31,layer4_1_conv1,1000,1.0,0.0614637675382653
resnet18-posit8_es1-default-b2,sat.w31,31,layer4_1_conv2,996,0.996,0.006384048150510204
resnet18-posit8_es1-default-b2,sat.w30,30,conv1,1000,1.0,0.47080126953125
resnet18-posit8_es1-default-b2,sat.w30,30,fc,427,0.427,0.000723
resnet18-posit8_es1-default-b2,sat.w30,30,layer1_0_conv1,1000,1.0,0.21561759606186223
resnet18-posit8_es1-default-b2,sat.w30,30,layer1_0_conv2,1000,1.0,0.07935593211894133
resnet18-posit8_es1-default-b2,sat.w30,30,layer1_1_conv1,1000,1.0,0.12460767598054846
resnet18-posit8_es1-default-b2,sat.w30,30,layer1_1_conv2,1000,1.0,0.05847314453125
resnet18-posit8_es1-default-b2,sat.w30,30,layer2_0_conv1,1000,1.0,0.06598984574298469
resnet18-posit8_es1-default-b2,sat.w30,30,layer2_0_conv2,1000,1.0,0.09966665338010204
resnet18-posit8_es1-default-b2,sat.w30,30,layer2_0_downsample_0,1000,1.0,0.0010315489477040816
resnet18-posit8_es1-default-b2,sat.w30,30,layer2_1_conv1,1000,1.0,0.11162060546875
resnet18-posit8_es1-default-b2,sat.w30,30,layer2_1_conv2,1000,1.0,0.020092484454719388
resnet18-posit8_es1-default-b2,sat.w30,30,layer3_0_conv1,1000,1.0,0.26950653698979593
resnet18-posit8_es1-default-b2,sat.w30,30,layer3_0_conv2,1000,1.0,0.12534737723214287
resnet18-posit8_es1-default-b2,sat.w30,30,layer3_0_downsample_0,995,0.995,0.00022038424744897958
resnet18-posit8_es1-default-b2,sat.w30,30,layer3_1_conv1,1000,1.0,0.19493522799744897
resnet18-posit8_es1-default-b2,sat.w30,30,layer3_1_conv2,1000,1.0,0.007870157047193878
resnet18-posit8_es1-default-b2,sat.w30,30,layer4_0_conv1,1000,1.0,0.43617171556122447
resnet18-posit8_es1-default-b2,sat.w30,30,layer4_0_conv2,1000,1.0,0.08115353954081633
resnet18-posit8_es1-default-b2,sat.w30,30,layer4_0_downsample_0,511,0.511,3.188775510204082e-05
resnet18-posit8_es1-default-b2,sat.w30,30,layer4_1_conv1,1000,1.0,0.4251623086734694
resnet18-posit8_es1-default-b2,sat.w30,30,layer4_1_conv2,1000,1.0,0.0451706393494898
resnet18-int8-default_signed-b2,sat.w20,20,conv1,826,0.826,0.001630130689971301
resnet18-int8-default_signed-b2,sat.w20,20,fc,0,0.0,0.0
resnet18-int8-default_signed-b2,sat.w20,20,layer1_0_conv1,0,0.0,0.0
resnet18-int8-default_signed-b2,sat.w20,20,layer1_0_conv2,0,0.0,0.0
resnet18-int8-default_signed-b2,sat.w20,20,layer1_1_conv1,0,0.0,0.0
resnet18-int8-default_signed-b2,sat.w20,20,layer1_1_conv2,0,0.0,0.0
resnet18-int8-default_signed-b2,sat.w20,20,layer2_0_conv1,0,0.0,0.0
resnet18-int8-default_signed-b2,sat.w20,20,layer2_0_conv2,0,0.0,0.0
resnet18-int8-default_signed-b2,sat.w20,20,layer2_0_downsample_0,0,0.0,0.0
resnet18-int8-default_signed-b2,sat.w20,20,layer2_1_conv1,0,0.0,0.0
resnet18-int8-default_signed-b2,sat.w20,20,layer2_1_conv2,0,0.0,0.0
resnet18-int8-default_signed-b2,sat.w20,20,layer3_0_conv1,0,0.0,0.0
resnet18-int8-default_signed-b2,sat.w20,20,layer3_0_conv2,0,0.0,0.0
resnet18-int8-default_signed-b2,sat.w20,20,layer3_0_downsample_0,0,0.0,0.0
resnet18-int8-default_signed-b2,sat.w20,20,layer3_1_conv1,0,0.0,0.0
resnet18-int8-default_signed-b2,sat.w20,20,layer3_1_conv2,0,0.0,0.0
resnet18-int8-default_signed-b2,sat.w20,20,layer4_0_conv1,0,0.0,0.0
resnet18-int8-default_signed-b2,sat.w20,20,layer4_0_conv2,0,0.0,0.0
resnet18-int8-default_signed-b2,sat.w20,20,layer4_0_downsample_0,0,0.0,0.0
resnet18-int8-default_signed-b2,sat.w20,20,layer4_1_conv1,0,0.0,0.0
resnet18-int8-default_signed-b2,sat.w20,20,layer4_1_conv2,0,0.0,0.0
resnet18-int8-default_signed-b2,sat.w19,19,conv1,999,0.999,0.0430060923050861
resnet18-int8-default_signed-b2,sat.w19,19,fc,0,0.0,0.0
resnet18-int8-default_signed-b2,sat.w19,19,layer1_0_conv1,0,0.0,0.0
resnet18-int8-default_signed-b2,sat.w19,19,layer1_0_conv2,0,0.0,0.0
resnet18-int8-default_signed-b2,sat.w19,19,layer1_1_conv1,0,0.0,0.0
resnet18-int8-default_signed-b2,sat.w19,19,layer1_1_conv2,0,0.0,0.0
resnet18-int8-default_signed-b2,sat.w19,19,layer2_0_conv1,0,0.0,0.0
resnet18-int8-default_signed-b2,sat.w19,19,layer2_0_conv2,0,0.0,0.0
resnet18-int8-default_signed-b2,sat.w19,19,layer2_0_downsample_0,0,0.0,0.0
resnet18-int8-default_signed-b2,sat.w19,19,layer2_1_conv1,0,0.0,0.0
resnet18-int8-default_signed-b2,sat.w19,19,layer2_1_conv2,0,0.0,0.0
resnet18-int8-default_signed-b2,sat.w19,19,layer3_0_conv1,0,0.0,0.0
resnet18-int8-default_signed-b2,sat.w19,19,layer3_0_conv2,0,0.0,0.0
resnet18-int8-default_signed-b2,sat.w19,19,layer3_0_downsample_0,0,0.0,0.0
resnet18-int8-default_signed-b2,sat.w19,19,layer3_1_conv1,0,0.0,0.0
resnet18-int8-default_signed-b2,sat.w19,19,layer3_1_conv2,0,0.0,0.0
resnet18-int8-default_signed-b2,sat.w19,19,layer4_0_conv1,1,0.001,4.384566326530612e-07
resnet18-int8-default_signed-b2,sat.w19,19,layer4_0_conv2,0,0.0,0.0
resnet18-int8-default_signed-b2,sat.w19,19,layer4_0_downsample_0,0,0.0,0.0
resnet18-int8-default_signed-b2,sat.w19,19,layer4_1_conv1,0,0.0,0.0
resnet18-int8-default_signed-b2,sat.w19,19,layer4_1_conv2,1,0.001,3.985969387755102e-08
resnet18-int8-default_signed-b2,sat.w18,18,conv1,1000,1.0,0.13652777971540178
resnet18-int8-default_signed-b2,sat.w18,18,fc,2,0.002,2e-06
resnet18-int8-default_signed-b2,sat.w18,18,layer1_0_conv1,730,0.73,0.00016546755420918368
resnet18-int8-default_signed-b2,sat.w18,18,layer1_0_conv2,383,0.383,1.894331951530612e-05
resnet18-int8-default_signed-b2,sat.w18,18,layer1_1_conv1,646,0.646,4.950075733418367e-05
resnet18-int8-default_signed-b2,sat.w18,18,layer1_1_conv2,0,0.0,0.0
resnet18-int8-default_signed-b2,sat.w18,18,layer2_0_conv1,363,0.363,7.672991071428572e-06
resnet18-int8-default_signed-b2,sat.w18,18,layer2_0_conv2,845,0.845,0.00023114636479591838
resnet18-int8-default_signed-b2,sat.w18,18,layer2_0_downsample_0,0,0.0,0.0
resnet18-int8-default_signed-b2,sat.w18,18,layer2_1_conv1,7,0.007,6.975446428571429e-08
resnet18-int8-default_signed-b2,sat.w18,18,layer2_1_conv2,1,0.001,9.964923469387755e-09
resnet18-int8-default_signed-b2,sat.w18,18,layer3_0_conv1,18,0.018,5.181760204081633e-07
resnet18-int8-default_signed-b2,sat.w18,18,layer3_0_conv2,253,0.253,1.1379942602040816e-05
resnet18-int8-default_signed-b2,sat.w18,18,layer3_0_downsample_0,0,0.0,0.0
resnet18-int8-default_signed-b2,sat.w18,18,layer3_1_conv1,205,0.205,2.1424585459183673e-05
resnet18-int8-default_signed-b2,sat.w18,18,layer3_1_conv2,135,0.135,9.207589285714286e-06
resnet18-int8-default_signed-b2,sat.w18,18,layer4_0_conv1,593,0.593,0.00016163105867346937
resnet18-int8-default_signed-b2,sat.w18,18,layer4_0_conv2,19,0.019,1.0363520408163265e-06
resnet18-int8-default_signed-b2,sat.w18,18,layer4_0_downsample_0,0,0.0,0.0
resnet18-int8-default_signed-b2,sat.w18,18,layer4_1_conv1,590,0.59,0.0002878268494897959
resnet18-int8-default_signed-b2,sat.w18,18,layer4_1_conv2,184,0.184,2.7303890306122448e-05
resnet18-int8-default_signed-b2,sat.w17,17,conv1,1000,1.0,0.31202435676419005
resnet18-int8-default_signed-b2,sat.w17,17,fc,125,0.125,0.000196
resnet18-int8-default_signed-b2,sat.w17,17,layer1_0_conv1,1000,1.0,0.014940678810586736
resnet18-int8-default_signed-b2,sat.w17,17,layer1_0_conv2,1000,1.0,0.009863311144770409
resnet18-int8-default_signed-b2,sat.w17,17,layer1_1_conv1,1000,1.0,0.017302116549744898
resnet18-int8-default_signed-b2,sat.w17,17,layer1_1_conv2,920,0.92,0.0003473971619897959
resnet18-int8-default_signed-b2,sat.w17,17,layer2_0_conv1,1000,1.0,0.004566456074617347
resnet18-int8-default_signed-b2,sat.w17,17,layer2_0_conv2,1000,1.0,0.010885333625637756
resnet18-int8-default_signed-b2,sat.w17,17,layer2_0_downsample_0,0,0.0,0.0
resnet18-int8-default_signed-b2,sat.w17,17,layer2_1_conv1,1000,1.0,0.0018994838169642857
resnet18-int8-default_signed-b2,sat.w17,17,layer2_1_conv2,985,0.985,0.0004021045918367347
resnet18-int8-default_signed-b2,sat.w17,17,layer3_0_conv1,1000,1.0,0.0028621452487244898
resnet18-int8-default_signed-b2,sat.w17,17,layer3_0_conv2,1000,1.0,0.003911112882653061
resnet18-int8-default_signed-b2,sat.w17,17,layer3_0_downsample_0,1,0.001,1.992984693877551e-08
resnet18-int8-default_signed-b2,sat.w17,17,layer3_1_conv1,1000,1.0,0.008256118463010205
resnet18-int8-default_signed-b2,sat.w17,17,layer3_1_conv2,964,0.964,0.0012776626275510204
resnet18-int8-default_signed-b2,sat.w17,17,layer4_0_conv1,1000,1.0,0.027415258290816327
resnet18-int8-default_signed-b2,sat.w17,17,layer4_0_conv2,942,0.942,0.0011874202806122448
resnet18-int8-default_signed-b2,sat.w17,17,layer4_0_downsample_0,14,0.014,8.370535714285714e-07
resnet18-int8-default_signed-b2,sat.w17,17,layer4_1_conv1,1000,1.0,0.02711770567602041
resnet18-int8-default_signed-b2,sat.w17,17,layer4_1_conv2,972,0.972,0.002019730548469388
resnet18-int8-default_signed-b2,sat.w16,16,conv1,1000,1.0,0.5188973363759566
resnet18-int8-default_signed-b2,sat.w16,16,fc,170,0.17,0.000321
resnet18-int8-default_signed-b2,sat.w16,16,layer1_0_conv1,1000,1.0,0.17593434610172193
resnet18-int8-default_signed-b2,sat.w16,16,layer1_0_conv2,1000,1.0,0.04349243662308674
resnet18-int8-default_signed-b2,sat.w16,16,layer1_1_conv1,1000,1.0,0.1829555963010204
resnet18-int8-default_signed-b2,sat.w16,16,layer1_1_conv2,1000,1.0,0.017865523357780612
resnet18-int8-default_signed-b2,sat.w16,16,layer2_0_conv1,1000,1.0,0.1331090760522959
resnet18-int8-default_signed-b2,sat.w16,16,layer2_0_conv2,1000,1.0,0.08045541693239795
resnet18-int8-default_signed-b2,sat.w16,16,layer2_0_downsample_0,1000,1.0,0.001069744499362245
resnet18-int8-default_signed-b2,sat.w16,16,layer2_1_conv1,1000,1.0,0.08158072584502551
resnet18-int8-default_signed-b2,sat.w16,16,layer2_1_conv2,1000,1.0,0.019410744180484694
resnet18-int8-default_signed-b2,sat.w16,16,layer3_0_conv1,1000,1.0,0.18346705596301022
resnet18-int8-default_signed-b2,sat.w16,16,layer3_0_conv2,1000,1.0,0.10184903140943878
resnet18-int8-default_signed-b2,sat.w16,16,layer3_0_downsample_0,592,0.592,2.560985331632653e-05
resnet18-int8-default_signed-b2,sat.w16,16,layer3_1_conv1,1000,1.0,0.13600406568877552
resnet18-int8-default_signed-b2,sat.w16,16,layer3_1_conv2,1000,1.0,0.01175390625
resnet18-int8-default_signed-b2,sat.w16,16,layer4_0_conv1,1000,1.0,0.3402124521683674
resnet18-int8-default_signed-b2,sat.w16,16,layer4_0_conv2,1000,1.0,0.026096739477040817
resnet18-int8-default_signed-b2,sat.w16,16,layer4_0_downsample_0,918,0.918,0.00018315529336734694
resnet18-int8-default_signed-b2,sat.w16,16,layer4_1_conv1,1000,1.0,0.3369271763392857
resnet18-int8-default_signed-b2,sat.w16,16,layer4_1_conv2,1000,1.0,0.02454280931122449
resnet18-fp8_e5m2-default-b2,sat.w63,63,conv1,1000,1.0,0.7664261325135523
resnet18-fp8_e5m2-default-b2,sat.w63,63,fc,0,0.0,0.0
resnet18-fp8_e5m2-default-b2,sat.w63,63,layer1_0_conv1,1000,1.0,0.7950889618542729
resnet18-fp8_e5m2-default-b2,sat.w63,63,layer1_0_conv2,1000,1.0,0.4136337641501913
resnet18-fp8_e5m2-default-b2,sat.w63,63,layer1_1_conv1,1000,1.0,0.6410709502551021
resnet18-fp8_e5m2-default-b2,sat.w63,63,layer1_1_conv2,1000,1.0,0.6346216517857143
resnet18-fp8_e5m2-default-b2,sat.w63,63,layer2_0_conv1,1000,1.0,0.5570193618463011
resnet18-fp8_e5m2-default-b2,sat.w63,63,layer2_0_conv2,1000,1.0,0.5323794941804847
resnet18-fp8_e5m2-default-b2,sat.w63,63,layer2_0_downsample_0,1000,1.0,0.05338457629145408
resnet18-fp8_e5m2-default-b2,sat.w63,63,layer2_1_conv1,1000,1.0,0.5984073561065051
resnet18-fp8_e5m2-default-b2,sat.w63,63,layer2_1_conv2,1000,1.0,0.44723179408482144
resnet18-fp8_e5m2-default-b2,sat.w63,63,layer3_0_conv1,1000,1.0,0.8854174107142857
resnet18-fp8_e5m2-default-b2,sat.w63,63,layer3_0_conv2,1000,1.0,0.7136109295280613
resnet18-fp8_e5m2-default-b2,sat.w63,63,layer3_0_downsample_0,1000,1.0,0.10463454639668367
resnet18-fp8_e5m2-default-b2,sat.w63,63,layer3_1_conv1,1000,1.0,0.5951750239158163
resnet18-fp8_e5m2-default-b2,sat.w63,63,layer3_1_conv2,1000,1.0,0.6436640226403061
resnet18-fp8_e5m2-default-b2,sat.w63,63,layer4_0_conv1,1000,1.0,0.7780302136479592
resnet18-fp8_e5m2-default-b2,sat.w63,63,layer4_0_conv2,1000,1.0,0.6233768335459183
resnet18-fp8_e5m2-default-b2,sat.w63,63,layer4_0_downsample_0,1000,1.0,0.016233617665816328
resnet18-fp8_e5m2-default-b2,sat.w63,63,layer4_1_conv1,1000,1.0,0.3434593431122449
resnet18-fp8_e5m2-default-b2,sat.w63,63,layer4_1_conv2,1000,1.0,0.12993423150510205
