case,policy,family,parameter,images,top1_expected,top1_lowest_index,diff_expected_pp,diff_expected_ci95,diff_lowest_pp,diff_lowest_ci95,mcnemar_p_lowest,changed_top1_images,output_changed_images,event_images,failed_images,tied_top1_images,execution_seconds
resnet18-int8-default-b2,control,control,,1000,69.05,68.7,0.0,"[0.0, 0.0]",0.0,"[0.0, 0.0]",1.0,0,0,0,0,35,189.52993767207954
resnet18-int8-default-b2,f21,f21,0,1000,69.43333333333334,69.19999999999999,0.38333333333333336,"[-0.1, 0.8999999999999999]",0.5,"[-0.2, 1.2]",0.266845703125,24,1000,0,0,39,228.5599509490421
resnet18-int8-default-b2,fp16.x-11,fp16,-11,1000,69.34166666666667,68.89999999999999,0.29166666666666663,"[-0.3, 0.8833333333333334]",0.2,"[-0.5, 0.9]",0.7744140625,27,1000,0,0,39,240.11419346823823
resnet18-int8-default-b2,sat.w15,uniform,15,1000,0.1,0.1,-68.95,"[-71.8, -66.0]",-68.60000000000001,"[-71.4025, -65.7]",1.0730308314540975e-204,999,1000,1000,0,0,234.2411599099869
resnet18-int8-default-b2,sat.w16,uniform,16,1000,0.18333333333333332,0.2,-68.86666666666666,"[-71.7, -65.95]",-68.5,"[-71.4, -65.7]",1.245899368887196e-206,997,1000,1000,0,323,235.78639950684737
resnet18-int8-default-b2,sat.w17,uniform,17,1000,24.01666666666667,23.9,-45.03333333333334,"[-48.31666666666666, -41.69958333333334]",-44.800000000000004,"[-48.1, -41.5]",4.634406153459318e-109,758,1000,1000,0,93,252.34390420326963
resnet18-int8-default-b2,sat.w18,uniform,18,1000,67.60000000000001,67.7,-1.4500000000000002,"[-3.0, 0.05]",-1.0,"[-2.6, 0.7]",0.2887842804141049,129,1000,1000,0,41,228.65286270703655
resnet18-int8-default-b2,sat.w19,uniform,19,1000,69.03333333333333,69.0,-0.016666666666666673,"[-0.8, 0.7666666666666666]",0.3,"[-0.6, 1.2]",0.6776394844055176,33,997,1000,0,46,212.0085071300855
resnet18-int8-default-b2,sat.w20,uniform,20,1000,69.15,68.7,0.1,"[-0.1, 0.35124999999998185]",0.0,"[-0.3, 0.3]",1.0,6,354,826,0,36,192.72363594558556
resnet18-int8-default-b2,sat.w21,uniform,21,1000,69.05,68.7,0.0,"[0.0, 0.0]",0.0,"[0.0, 0.0]",1.0,0,0,0,0,35,178.30184944241773
resnet18-int8-default-b2,wide,wide,,1000,69.05,68.7,0.0,"[0.0, 0.0]",0.0,"[0.0, 0.0]",1.0,0,0,0,0,35,168.94883953372482
resnet18-int6-default-b2,control,control,,1000,65.90833333333333,65.0,0.0,"[0.0, 0.0]",0.0,"[0.0, 0.0]",1.0,0,0,0,0,163,197.28636566083878
resnet18-int6-default-b2,f21,f21,0,1000,65.97928571428572,65.10000000000001,0.07095238095238092,"[-0.8157321428571427, 0.956672619047619]",0.1,"[-1.0, 1.2]",1.0,74,1000,0,0,156,225.28264488920104
resnet18-int6-default-b2,fp16.x-7,fp16,-7,1000,65.84261904761904,65.2,-0.06571428571428578,"[-0.827404761904762, 0.6785714285714286]",0.2,"[-0.8, 1.2]",0.8450189828872681,79,1000,0,0,159,211.1242640747223
resnet18-int6-default-b2,sat.w11,uniform,11,1000,0.12040013227513227,0.1,-65.7879332010582,"[-68.56567658730158, -62.8938367228836]",-64.9,"[-67.8, -62.0]",8.561755269564074e-196,998,1000,1000,0,466,143.1092234600801
resnet18-int6-default-b2,sat.w12,uniform,12,1000,0.07526315789473685,0.1,-65.83307017543859,"[-68.58337499999999, -62.94158333333333]",-64.9,"[-67.8, -62.0]",1.3955661089389441e-193,999,1000,1000,0,848,159.14732044702396
resnet18-int6-default-b2,sat.w13,uniform,13,1000,1.7917460317460319,1.7999999999999998,-64.11658730158732,"[-66.97158333333334, -61.20909325396825]",-63.2,"[-66.2, -60.2]",7.58942533219121e-185,983,1000,1000,0,271,168.35874907986727
resnet18-int6-default-b2,sat.w14,uniform,14,1000,59.12666666666666,59.5,-6.781666666666668,"[-8.656875, -4.963291666666667]",-5.5,"[-7.8, -3.2]",2.05660007671554e-06,249,1000,1000,0,198,156.04191884340253
resnet18-int6-default-b2,sat.w15,uniform,15,1000,65.34333333333335,64.60000000000001,-0.5650000000000001,"[-1.4783749999999998, 0.35333333333333333]",-0.4,"[-1.6, 0.8]",0.6271025701571489,109,998,1000,0,151,213.4555363432737
resnet18-int6-default-b2,sat.w16,uniform,16,1000,66.35666666666667,65.5,0.4483333333333333,"[0.019999999999999997, 0.8917083333333329]",0.5,"[-0.2, 1.2]",0.266845703125,28,376,894,0,171,266.4141996385297
resnet18-int6-default-b2,sat.w17,uniform,17,1000,65.90833333333333,65.0,0.0,"[0.0, 0.0]",0.0,"[0.0, 0.0]",1.0,0,0,0,0,163,237.48799147398677
resnet18-int6-default-b2,wide,wide,,1000,65.90833333333333,65.0,0.0,"[0.0, 0.0]",0.0,"[0.0, 0.0]",1.0,0,0,0,0,163,226.12103633582592
resnet18-fp6_e2m3-default-b2,control,control,,1000,66.52833333333334,67.10000000000001,0.0,"[0.0, 0.0]",0.0,"[0.0, 0.0]",1.0,0,0,0,0,176,164.35368641384412
resnet18-fp6_e2m3-default-b2,f21,f21,0,1000,66.85999999999999,67.0,0.3316666666666667,"[-0.5716666666666667, 1.2466666666666666]",-0.1,"[-1.4, 1.2]",1.0,86,1000,0,0,185,223.5536181096686
resnet18-fp6_e2m3-default-b2,fp16.x-1,fp16,-1,1000,66.83333333333333,66.8,0.30500000000000005,"[-0.695, 1.346708333333333]",-0.3,"[-1.7, 1.1]",0.7797679305530743,94,1000,0,0,172,239.8201149153756
resnet18-fp6_e2m3-default-b2,sat.w12,uniform,12,1000,0.1,0.1,-66.42833333333333,"[-69.11175, -63.59324999999999]",-67.0,"[-69.9, -64.1]",6.868912334938791e-200,999,1000,1000,0,7,237.1637740416918
resnet18-fp6_e2m3-default-b2,sat.w13,uniform,13,1000,0.17500000000000002,0.2,-66.35333333333332,"[-69.01675, -63.54825]",-66.9,"[-69.8, -64.0]",8.165126103939127e-202,997,1000,1000,0,338,239.04639597807545
resnet18-fp6_e2m3-default-b2,sat.w14,uniform,14,1000,9.491666666666667,9.700000000000001,-57.03666666666667,"[-60.00004166666666, -54.00833333333333]",-57.4,"[-60.5, -54.3]",4.382387870123353e-158,900,1000,1000,0,271,264.4829097702168
resnet18-fp6_e2m3-default-b2,sat.w15,uniform,15,1000,58.44261904761905,57.9,-8.085714285714287,"[-10.062166666666666, -6.105440476190478]",-9.2,"[-11.6, -6.8]",1.2520993298487377e-13,290,1000,1000,0,201,282.7751534477575
resnet18-fp6_e2m3-default-b2,sat.w16,uniform,16,1000,65.20333333333333,64.0,-1.325,"[-2.5100000000000002, -0.13325000000000123]",-3.1,"[-4.7, -1.5]",0.00024439701657757496,137,999,1000,0,190,251.64594974380452
resnet18-fp6_e2m3-default-b2,sat.w17,uniform,17,1000,66.51166666666666,66.5,-0.016666666666666673,"[-0.775, 0.735]",-0.6,"[-1.7, 0.5]",0.37708558747544885,66,881,987,0,195,232.88717927399557
resnet18-fp6_e2m3-default-b2,sat.w18,uniform,18,1000,66.52833333333334,67.10000000000001,0.0,"[0.0, 0.0]",0.0,"[0.0, 0.0]",1.0,0,0,63,0,176,212.80530105903745
resnet18-fp6_e2m3-default-b2,sat.w19,uniform,19,1000,66.52833333333334,67.10000000000001,0.0,"[0.0, 0.0]",0.0,"[0.0, 0.0]",1.0,0,0,0,0,176,254.8836157580372
resnet18-fp6_e2m3-default-b2,wide,wide,,1000,66.52833333333334,67.10000000000001,0.0,"[0.0, 0.0]",0.0,"[0.0, 0.0]",1.0,0,0,0,0,176,239.22476778982673
resnet18-fp7_e3m3-default-b2,control,control,,1000,67.28916666666666,67.5,0.0,"[0.0, 0.0]",0.0,"[0.0, 0.0]",1.0,0,0,0,0,174,154.44370258576237
resnet18-fp7_e3m3-default-b2,f21,f21,0,1000,67.28761904761905,67.60000000000001,-0.0015476190476190867,"[-0.8398809523809524, 0.8134940476190471]",0.1,"[-1.1, 1.3]",1.0,68,1000,0,0,182,204.26517508353572
resnet18-fp7_e3m3-default-b2,fp16.x-5,fp16,-5,1000,67.28083333333333,67.5,-0.00833333333333336,"[-0.8750000000000001, 0.8417083333333328]",0.0,"[-1.2, 1.2]",1.0,74,1000,0,0,181,204.23682842147537
resnet18-fp7_e3m3-default-b2,sat.w19,uniform,19,1000,0.1,0.1,-67.18916666666667,"[-69.86097916666667, -64.41833333333335]",-67.4,"[-70.3, -64.5]",2.5516019074809773e-203,998,1000,1000,0,432,208.9406649605371
resnet18-fp7_e3m3-default-b2,sat.w20,uniform,20,1000,0.1,0.1,-67.18916666666667,"[-69.87670833333333, -64.41406249999999]",-67.4,"[-70.3, -64.5]",4.318586228411554e-201,998,1000,1000,0,364,187.88729627197608
resnet18-fp7_e3m3-default-b2,sat.w21,uniform,21,1000,16.304285714285715,16.7,-50.98488095238095,"[-53.996681547619055, -47.92565476190477]",-50.8,"[-54.0, -47.7]",1.3788064564918438e-136,820,1000,1000,0,305,228.23494172026403
resnet18-fp7_e3m3-default-b2,sat.w22,uniform,22,1000,61.77,61.0,-5.519166666666667,"[-7.336708333333335, -3.726666666666666]",-6.5,"[-8.8, -4.3]",1.940951479556693e-08,249,1000,1000,0,202,310.23508008522913
resnet18-fp7_e3m3-default-b2,sat.w23,uniform,23,1000,67.20095238095237,66.8,-0.08821428571428575,"[-1.0664523809523812, 0.891672619047619]",-0.7000000000000001,"[-2.0, 0.6]",0.3712980344710104,89,999,1000,0,179,301.9435044690035
resnet18-fp7_e3m3-default-b2,sat.w24,uniform,24,1000,67.39444444444445,67.30000000000001,0.10527777777777778,"[-0.7583333333333334, 0.948611111111111]",-0.2,"[-1.4, 1.0]",0.8714146793645341,68,966,997,0,188,317.47337419795804
resnet18-fp7_e3m3-default-b2,sat.w25,uniform,25,1000,66.95583333333333,67.0,-0.33333333333333337,"[-0.6166666666666667, -0.1]",-0.5,"[-1.0, -0.1]",0.0625,7,69,278,0,176,296.66908830974717
resnet18-fp7_e3m3-default-b2,sat.w26,uniform,26,1000,67.28916666666666,67.5,0.0,"[0.0, 0.0]",0.0,"[0.0, 0.0]",1.0,0,0,0,0,174,278.46854551136494
resnet18-fp7_e3m3-default-b2,wide,wide,,1000,67.28916666666666,67.5,0.0,"[0.0, 0.0]",0.0,"[0.0, 0.0]",1.0,0,0,0,0,174,268.3769239812391
resnet18-fp8_e4m3fn-default-b2,control,control,,1000,67.52749999999999,67.7,-0.075,"[-0.3, 0.13333333333333336]",-0.1,"[-0.5, 0.2]",1.0,8,162,0,0,172,162.9810889607761
resnet18-fp8_e4m3fn-default-b2,f21,f21,0,1000,67.60333333333332,67.60000000000001,0.000833333333333397,"[-0.75, 0.755020833333333]",-0.2,"[-1.1, 0.7]",0.8238029479980469,60,1000,0,0,170,253.69174312904943
resnet18-fp8_e4m3fn-default-b2,fp16.x-13,fp16,-13,1000,67.43166666666666,67.60000000000001,-0.17083333333333328,"[-1.0041666666666667, 0.6808541666666664]",-0.2,"[-1.3, 0.9]",0.8555355519056321,64,1000,0,0,181,255.10770288319327
resnet18-fp8_e4m3fn-default-b2,sat.w35,uniform,35,1000,0.1,0.1,-67.50250000000001,"[-70.20170833333333, -64.73164583333333]",-67.7,"[-70.6, -64.8]",3.1895023843512216e-204,999,1000,1000,0,0,181.33681365835946
resnet18-fp8_e4m3fn-default-b2,sat.w36,uniform,36,1000,0.5333333333333333,0.5,-67.06916666666666,"[-69.818375, -64.24166666666666]",-67.30000000000001,"[-70.2, -64.4]",7.320035552181428e-199,996,1000,1000,0,350,285.7882379994262
resnet18-fp8_e4m3fn-default-b2,sat.w37,uniform,37,1000,25.474999999999998,25.3,-42.1275,"[-45.142520833333336, -39.149145833333336]",-42.5,"[-45.7, -39.3]",1.274368543064127e-110,716,1000,1000,0,282,181.99566793360282
resnet18-fp8_e4m3fn-default-b2,sat.w38,uniform,38,1000,62.01261904761905,61.3,-5.589880952380952,"[-7.47490476190476, -3.7124970238095236]",-6.5,"[-8.8, -4.3]",1.4877260430430536e-08,250,1000,1000,0,191,190.27323714271188
resnet18-fp8_e4m3fn-default-b2,sat.w39,uniform,39,1000,66.93916666666667,66.7,-0.6633333333333334,"[-1.6125, 0.2916666666666666]",-1.0999999999999999,"[-2.4, 0.2]",0.14386508844054896,100,999,1000,0,189,199.5500212351326
resnet18-fp8_e4m3fn-default-b2,sat.w40,uniform,40,1000,67.86833333333334,68.2,0.2658333333333333,"[-0.49335416666666676, 1.0325208333333329]",0.4,"[-0.6, 1.5]",0.5846647117286922,55,966,997,0,173,189.17938449827489
resnet18-fp8_e4m3fn-default-b2,sat.w41,uniform,41,1000,67.55250000000001,67.80000000000001,-0.05,"[-0.2666666666666667, 0.13333333333333336]",0.0,"[-0.4, 0.4]",1.0,6,70,278,0,181,183.37505126127508
resnet18-fp8_e4m3fn-default-b2,sat.w42,uniform,42,1000,67.6025,67.80000000000001,0.0,"[0.0, 0.0]",0.0,"[0.0, 0.0]",1.0,0,0,0,0,178,194.90458490420133
resnet18-fp8_e4m3fn-default-b2,wide,wide,,1000,67.6025,67.80000000000001,0.0,"[0.0, 0.0]",0.0,"[0.0, 0.0]",1.0,0,0,0,0,178,168.49610385473352
resnet18-posit8_es1-default-b2,control,control,,1000,69.65333333333334,69.39999999999999,0.0,"[0.0, 0.0]",0.0,"[0.0, 0.0]",1.0,0,7,0,0,96,243.93554826662876
resnet18-posit8_es1-default-b2,f21,f21,0,1000,69.31761904761903,69.0,-0.33571428571428574,"[-0.8433333333333335, 0.15285714285714283]",-0.4,"[-1.0, 0.2]",0.34375,25,1000,0,0,99,286.7768299601739
resnet18-posit8_es1-default-b2,fp16.x-10,fp16,-10,1000,70.28666666666666,69.69999999999999,0.6333333333333334,"[0.029916666666666702, 1.246666666666667]",0.3,"[-0.5, 1.2]",0.6476058959960938,36,1000,0,0,99,251.51048440299928
resnet18-posit8_es1-default-b2,sat.w28,uniform,28,1000,0.1,0.1,-69.55333333333333,"[-72.25333333333333, -66.75666666666666]",-69.3,"[-72.1, -66.5]",8.46822227290516e-207,999,1000,1000,0,1,156.75268193683587
resnet18-posit8_es1-default-b2,sat.w29,uniform,29,1000,0.1,0.1,-69.55333333333333,"[-72.25, -66.77325]",-69.3,"[-72.1, -66.5]",4.866794409715609e-209,999,1000,1000,0,299,202.8188005022239
resnet18-posit8_es1-default-b2,sat.w30,uniform,30,1000,1.35,1.3,-68.30333333333333,"[-71.07358333333333, -65.45333333333333]",-68.10000000000001,"[-71.0, -65.2]",2.9273153211626e-201,989,1000,1000,0,200,226.03969123843126
resnet18-posit8_es1-default-b2,sat.w31,uniform,31,1000,51.44,51.300000000000004,-18.21333333333333,"[-20.971708333333332, -15.46654166666667]",-18.099999999999998,"[-21.0, -15.1]",2.132134283489066e-32,411,1000,1000,0,123,217.54499300336465
resnet18-posit8_es1-default-b2,sat.w32,uniform,32,1000,68.825,68.4,-0.8283333333333331,"[-1.9416666666666664, 0.2733749999999994]",-1.0,"[-2.3, 0.3]",0.17417114727072658,97,999,1000,0,109,196.1668990548933
resnet18-posit8_es1-default-b2,sat.w33,uniform,33,1000,69.345,68.8,-0.30833333333333335,"[-0.9283333333333332, 0.2783333333333333]",-0.6,"[-1.4, 0.2]",0.237884521484375,36,991,999,0,105,184.30492929846514
resnet18-posit8_es1-default-b2,sat.w34,uniform,34,1000,69.53666666666666,69.1,-0.11666666666666668,"[-0.4166666666666667, 0.18333333333333332]",-0.3,"[-0.8, 0.1]",0.375,8,329,671,0,102,188.78589129413012
resnet18-posit8_es1-default-b2,sat.w35,uniform,35,1000,69.65333333333334,69.39999999999999,0.0,"[0.0, 0.0]",0.0,"[0.0, 0.0]",1.0,0,0,0,0,96,187.56529693410266
resnet18-posit8_es1-default-b2,wide,wide,,1000,69.65333333333334,69.39999999999999,0.0,"[0.0, 0.0]",0.0,"[0.0, 0.0]",1.0,0,0,0,0,96,192.84059137955774
resnet18-int8-default_signed-b2,control,control,,1000,69.05833333333332,68.60000000000001,0.0,"[0.0, 0.0]",0.0,"[0.0, 0.0]",1.0,0,0,0,0,46,173.04938074818347
resnet18-int8-default_signed-b2,f21,f21,0,1000,68.89999999999999,68.7,-0.15833333333333333,"[-0.8, 0.4583333333333334]",0.1,"[-0.7, 1.0]",1.0,31,1000,0,0,42,220.71088361297734
resnet18-int8-default_signed-b2,fp16.x-10,fp16,-10,1000,68.90833333333333,68.8,-0.15,"[-0.7000000000000001, 0.40124999999998184]",0.2,"[-0.6, 1.0]",0.803619384765625,34,1000,0,0,40,219.0735280100489
resnet18-int8-default_signed-b2,sat.w14,uniform,14,1000,0.1,0.1,-68.95833333333331,"[-71.76666666666667, -66.04979166666666]",-68.5,"[-71.3, -65.6]",2.142946914485977e-204,999,1000,1000,0,0,210.86147043853998
resnet18-int8-default_signed-b2,sat.w15,uniform,15,1000,0.08333333333333333,0.1,-68.975,"[-71.77520833333332, -66.09166666666667]",-68.5,"[-71.4, -65.7]",1.245899368887196e-206,999,1000,1000,0,432,228.21830810175743
resnet18-int8-default_signed-b2,sat.w16,uniform,16,1000,2.3666666666666667,2.4,-66.69166666666666,"[-69.54166666666667, -63.69166666666668]",-66.2,"[-69.1, -63.3]",1.450857991358502e-195,976,1000,1000,0,118,265.5014718027087
resnet18-int8-default_signed-b2,sat.w17,uniform,17,1000,48.666666666666664,48.5,-20.39166666666667,"[-23.333333333333332, -17.51666666666667]",-20.1,"[-23.0, -17.2]",7.381144362986135e-39,438,1000,1000,0,66,274.74616542458534
resnet18-int8-default_signed-b2,sat.w18,uniform,18,1000,68.16666666666667,68.30000000000001,-0.8916666666666668,"[-2.1752083333333334, 0.3916666666666667]",-0.3,"[-1.6, 1.1]",0.7708669945730263,107,999,1000,0,46,268.62855275685433
resnet18-int8-default_signed-b2,sat.w19,uniform,19,1000,68.77000000000001,68.4,-0.28833333333333333,"[-0.9716666666666665, 0.415]",-0.2,"[-1.0, 0.6]",0.803619384765625,34,993,999,0,44,251.78434859088156
resnet18-int8-default_signed-b2,sat.w20,uniform,20,1000,68.94166666666666,68.60000000000001,-0.11666666666666668,"[-0.4166666666666667, 0.15]",0.0,"[-0.4, 0.4]",1.0,11,348,826,0,50,266.0352103682235
resnet18-int8-default_signed-b2,sat.w21,uniform,21,1000,69.05833333333332,68.60000000000001,0.0,"[0.0, 0.0]",0.0,"[0.0, 0.0]",1.0,0,0,0,0,46,232.8009730578633
resnet18-int8-default_signed-b2,wide,wide,,1000,69.05833333333332,68.60000000000001,0.0,"[0.0, 0.0]",0.0,"[0.0, 0.0]",1.0,0,0,0,0,46,192.03807649051305
resnet18-fp8_e5m2-default-b2,control,control,,1000,60.891670274170274,60.199999999999996,-0.01666666666666667,"[-0.05, 0.0]",0.0,"[0.0, 0.0]",1.0,1,28,0,0,328,182.54441727034282
resnet18-fp8_e5m2-default-b2,f21,f21,0,1000,60.22333333333334,59.4,-0.6850036075036074,"[-1.7792189754689756, 0.3905331890331889]",-0.8,"[-2.3, 0.6]",0.3408909412200971,117,1000,0,0,342,231.72818216343876
resnet18-fp8_e5m2-default-b2,fp16.x-27,fp16,-27,1000,60.107097069597074,58.8,-0.8012398712398712,"[-1.9152833139083139, 0.2986922175047174]",-1.4000000000000001,"[-3.0, 0.2]",0.10342187831608088,131,1000,0,0,330,236.48651482455898
resnet18-fp8_e5m2-default-b2,sat.w61,uniform,61,1000,0.11428571428571427,0.1,-60.79405122655122,"[-63.44747646103895, -58.03632602813852]",-60.099999999999994,"[-63.1, -57.1]",3.638978996305355e-179,1000,1000,1000,0,153,250.59036162146367
resnet18-fp8_e5m2-default-b2,sat.w62,uniform,62,1000,0.1,0.1,-60.808336940836924,"[-63.447947059884555, -58.0796267135642]",-60.099999999999994,"[-63.1, -57.2]",2.409919865102884e-181,999,1000,1000,0,1000,256.113059889758
resnet18-fp8_e5m2-default-b2,sat.w63,uniform,63,1000,0.135,0.2,-60.77333694083693,"[-63.440229707792206, -57.99591188672439]",-60.0,"[-63.0, -57.0]",7.265908393285196e-179,997,1000,1000,0,640,258.29847246641293
resnet18-fp8_e5m2-default-b2,wide,wide,,1000,60.908336940836925,60.199999999999996,0.0,"[0.0, 0.0]",0.0,"[0.0, 0.0]",1.0,0,0,0,0,328,230.5732212656876
