case,method,P,arm,top1_expected,top1_lowest_index,identical_to,cert_structural,cert_range,cert_absolute,bound_holds,max_beta,max_neg,integer_limit,prefix_bits_32img,orderfree_bits_32img,holds_at_P_32img,status,vs_rtn_expected_pp,vs_rtn_expected_ci95,vs_rtn_lowest_pp,vs_rtn_lowest_ci95,vs_rtn_mcnemar_p,vs_optq_expected_pp,vs_optq_expected_ci95,vs_sat_expected_pp,vs_sat_expected_ci95,vs_sat_lowest_pp,max_k,fraction_channels_rescaled,mean_log2_k,source,vs_wide_expected_pp,vs_wide_expected_ci95,vs_wide_lowest_pp
resnet18-int8,axe,27,axe-P27,69.13333333333333,69.1,optq,26,26,27,True,64645,84554,263172,21,21,,primary (v1),-0.08333333333333333,"[-0.6666666666666666, 0.4833333333333333]",0.4999999999999858,"[-0.2, 1.3]",0.30175781249999994,0.0,"[0.0, 0.0]",0.08333333333333333,"[-0.46666666666666673, 0.65]",0.3999999999999915,,,,,,,
resnet18-int8,naive,27,naive-P27,69.21666666666665,68.60000000000001,rtn,26,26,27,True,64614,84541,263172,21,21,,primary (v1),0.0,"[0.0, 0.0]",0.0,"[0.0, 0.0]",1.0,0.08333333333333333,"[-0.4833333333333333, 0.6666666666666666]",0.16666666666666666,"[-0.2166666666666667, 0.5666666666666667]",-0.09999999999999432,,,,,,,
resnet18-int8,rescale,27,rescale-P27,69.21666666666665,68.60000000000001,,26,26,27,True,64614,84541,263172,21,21,True,exploratory (addendum-2),0.0,"[0.0, 0.0]",0.0,"[0.0, 0.0]",1.0,0.08333333333333333,"[-0.4833333333333333, 0.6666666666666666]",0.16666666666666666,"[-0.2166666666666667, 0.5666666666666667]",-0.09999999999999432,1.0,0.0,0.0,,,,
resnet18-int8,axers,27,axers-P27,69.13333333333333,69.1,,26,26,27,True,64645,84554,263172,21,21,True,exploratory (addendum-2),-0.08333333333333333,"[-0.6666666666666666, 0.4833333333333333]",0.4999999999999858,"[-0.2, 1.3]",0.30175781249999994,0.0,"[0.0, 0.0]",0.08333333333333333,"[-0.46666666666666673, 0.65]",0.3999999999999915,1.0,0.0,0.0,,,,
resnet18-int8,sat,27,sat.w27,69.05,68.7,,,,,,,,,,,,,,,,,,,,,,,,,,"derived: P >= W_noevent=21, equals wide",0.0,"[0.0, 0.0]",0.0
resnet18-int8,axe,26,axe-P26,69.13333333333333,69.1,optq,26,26,27,True,64645,84554,131586,21,21,,primary (v1),-0.08333333333333333,"[-0.6666666666666666, 0.4833333333333333]",0.4999999999999858,"[-0.2, 1.3]",0.30175781249999994,0.0,"[0.0, 0.0]",0.08333333333333333,"[-0.46666666666666673, 0.65]",0.3999999999999915,,,,,,,
resnet18-int8,naive,26,naive-P26,69.21666666666665,68.60000000000001,rtn,26,26,27,True,64614,84541,131586,21,21,,primary (v1),0.0,"[0.0, 0.0]",0.0,"[0.0, 0.0]",1.0,0.08333333333333333,"[-0.4833333333333333, 0.6666666666666666]",0.16666666666666666,"[-0.2166666666666667, 0.5666666666666667]",-0.09999999999999432,,,,,,,
resnet18-int8,rescale,26,rescale-P26,69.21666666666665,68.60000000000001,,26,26,27,True,64614,84541,131586,21,21,True,exploratory (addendum-2),0.0,"[0.0, 0.0]",0.0,"[0.0, 0.0]",1.0,0.08333333333333333,"[-0.4833333333333333, 0.6666666666666666]",0.16666666666666666,"[-0.2166666666666667, 0.5666666666666667]",-0.09999999999999432,1.0,0.0,0.0,,,,
resnet18-int8,axers,26,axers-P26,69.13333333333333,69.1,,26,26,27,True,64645,84554,131586,21,21,True,exploratory (addendum-2),-0.08333333333333333,"[-0.6666666666666666, 0.4833333333333333]",0.4999999999999858,"[-0.2, 1.3]",0.30175781249999994,0.0,"[0.0, 0.0]",0.08333333333333333,"[-0.46666666666666673, 0.65]",0.3999999999999915,1.0,0.0,0.0,,,,
resnet18-int8,sat,26,sat.w26,69.05,68.7,,,,,,,,,,,,,,,,,,,,,,,,,,"derived: P >= W_noevent=21, equals wide",0.0,"[0.0, 0.0]",0.0
resnet18-int8,axe,25,axe-P25,68.975,69.0,,25,25,26,True,64661,65793,65793,21,21,True,primary (v1),-0.24166666666666664,"[-0.8833333333333332, 0.4]",0.3999999999999915,"[-0.4, 1.3]",0.5034446716308594,-0.15833333333333333,"[-0.65, 0.325]",-0.075,"[-0.65, 0.5]",0.29999999999999716,,,,,,,
resnet18-int8,naive,25,naive-P25,69.025,68.5,,25,25,26,True,64614,65793,65793,21,21,True,primary (v1),-0.19166666666666665,"[-0.775, 0.4]",-0.10000000000000853,"[-0.8, 0.5]",1.0,-0.10833333333333331,"[-0.7833333333333333, 0.575]",-0.025,"[-0.625, 0.575]",-0.20000000000000284,,,,,,,
resnet18-int8,rescale,25,rescale-P25,69.08666666666666,68.30000000000001,,25,25,26,True,64614,65793,65793,21,21,True,exploratory (addendum-2),-0.13,"[-0.44999999999999996, 0.19008333333333216]",-0.29999999999999716,"[-0.8, 0.1]",0.375,-0.0466666666666667,"[-0.62675, 0.52]",0.03666666666666665,"[-0.3633333333333334, 0.43666666666666665]",-0.3999999999999915,1.2848329364128832,0.019482758620689655,0.001690693233981772,,,,
resnet18-int8,axers,25,axers-P25,69.13333333333333,69.0,,25,25,26,True,64641,65793,65793,21,21,True,exploratory (addendum-2),-0.08333333333333334,"[-0.7333333333333334, 0.5666666666666667]",0.3999999999999915,"[-0.4, 1.3]",0.5034446716308594,-2.2204460492503132e-17,"[-0.3, 0.3]",0.0833333333333333,"[-0.5499999999999999, 0.7000000000000001]",0.29999999999999716,1.2848329364128832,0.019482758620689655,0.001690693233981772,,,,
resnet18-int8,sat,25,sat.w25,69.05,68.7,,,,,,,,,,,,,,,,,,,,,,,,,,"derived: P >= W_noevent=21, equals wide",0.0,"[0.0, 0.0]",0.0
resnet18-int8,axe,24,axe-P24,64.70833333333333,64.7,,24,24,25,True,32896,32896,32896,21,21,True,primary (v1),-4.508333333333334,"[-6.441666666666666, -2.6250000000000004]",-3.9000000000000057,"[-6.0, -1.8]",0.00030960246353573076,-4.425,"[-6.4, -2.5333333333333337]",-4.341666666666668,"[-6.308333333333334, -2.4166666666666665]",-4.0,,,,,,,
resnet18-int8,naive,24,naive-P24,62.33428571428572,62.6,,24,24,25,True,32896,32896,32896,21,21,True,primary (v1),-6.882380952380952,"[-8.989083333333333, -4.807952380952384]",-6.000000000000007,"[-8.2, -3.8]",1.0871035241382737e-07,-6.799047619047618,"[-8.956809523809524, -4.682357142857143]",-6.715714285714286,"[-8.846666666666666, -4.613309523809524]",-6.100000000000001,,,,,,,
resnet18-int8,rescale,24,rescale-P24,69.15,68.7,,24,24,25,True,32896,32896,32896,21,21,True,exploratory (addendum-2),-0.06666666666666665,"[-0.5, 0.3666666666666667]",0.09999999999999432,"[-0.2, 0.5]",1.0,0.016666666666666673,"[-0.6333333333333333, 0.65]",0.1,"[-0.35000000000000003, 0.5499999999999999]",0.0,2.569529269603973,0.24913793103448276,0.13906572424108582,,,,
resnet18-int8,axers,24,axers-P24,69.21666666666667,69.3,,24,24,25,True,32896,32896,32896,21,21,True,exploratory (addendum-2),0.0,"[-0.5666666666666667, 0.5833333333333334]",0.6999999999999886,"[0.0, 1.5]",0.11846923828124999,0.08333333333333333,"[-0.33333333333333337, 0.5]",0.16666666666666666,"[-0.38333333333333336, 0.7166666666666666]",0.5999999999999943,2.569529269603973,0.24913793103448276,0.13906572424108582,,,,
resnet18-int8,sat,24,sat.w24,69.05,68.7,,,,,,,,,,,,,,,,,,,,,,,,,,"derived: P >= W_noevent=21, equals wide",0.0,"[0.0, 0.0]",0.0
resnet18-int8,axe,23,axe-P23,3.025,3.0,,23,23,24,True,16448,16448,16448,21,21,True,primary (v1),-66.19166666666666,"[-69.125, -63.241666666666674]",-65.60000000000001,"[-68.5, -62.7]",9.11906366555313e-194,-66.10833333333332,"[-69.025, -63.1]",-66.025,"[-68.975, -63.0]",-65.7,,,,,,,
resnet18-int8,naive,23,naive-P23,0.15,0.2,,23,23,24,True,16448,16448,16448,21,21,True,primary (v1),-69.06666666666666,"[-71.86666666666667, -66.16666666666666]",-68.4,"[-71.3, -65.5]",4.279664332127518e-204,-68.98333333333333,"[-71.80041666666666, -66.06666666666666]",-68.89999999999999,"[-71.75, -65.95]",-68.5,,,,,,,
resnet18-int8,rescale,23,rescale-P23,69.3,68.7,,23,23,24,True,16448,16448,16448,21,21,True,exploratory (addendum-2),0.08333333333333334,"[-0.4833333333333333, 0.6166666666666667]",0.09999999999999432,"[-0.6, 0.8]",1.0,0.16666666666666669,"[-0.5333333333333333, 0.8500000000000001]",0.25,"[-0.35000000000000003, 0.8]",0.0,5.143541971842449,0.45327586206896553,0.5028930368556256,,,,
resnet18-int8,axers,23,axers-P23,69.49166666666667,69.3,,23,23,24,True,16448,16448,16448,21,21,True,exploratory (addendum-2),0.27499999999999997,"[-0.35000000000000003, 0.8999999999999999]",0.6999999999999886,"[-0.1, 1.5]",0.143463134765625,0.3583333333333333,"[-0.22499999999999998, 0.95]",0.4416666666666666,"[-0.14166666666666666, 1.0333333333333332]",0.5999999999999943,5.143541971842449,0.45327586206896553,0.5028930368556256,,,,
resnet18-int8,sat,23,sat.w23,69.05,68.7,,,,,,,,,,,,,,,,,,,,,,,,,,"derived: P >= W_noevent=21, equals wide",0.0,"[0.0, 0.0]",0.0
resnet18-int8,axe,22,axe-P22,0.1,0.1,,22,22,23,True,8224,8224,8224,21,21,True,primary (v1),-69.11666666666666,"[-71.89999999999999, -66.23333333333332]",-68.50000000000001,"[-71.3, -65.6]",2.142946914485977e-204,-69.03333333333333,"[-71.88333333333333, -66.11666666666667]",-68.95,"[-71.8, -66.0]",-68.60000000000001,,,,,,,
resnet18-int8,naive,22,naive-P22,0.1,0.1,,22,22,23,True,8224,8224,8224,21,21,True,primary (v1),-69.11666666666666,"[-71.89999999999999, -66.23333333333332]",-68.50000000000001,"[-71.3, -65.6]",2.142946914485977e-204,-69.03333333333333,"[-71.88333333333333, -66.11666666666667]",-68.95,"[-71.8, -66.0]",-68.60000000000001,,,,,,,
resnet18-int8,rescale,22,rescale-P22,69.41666666666666,69.3,,22,22,23,True,8224,8224,8224,21,21,True,exploratory (addendum-2),0.2,"[-0.3166666666666667, 0.7170833333333274]",0.6999999999999886,"[0.0, 1.4]",0.09228515625,0.2833333333333333,"[-0.44999999999999996, 1.0]",0.36666666666666664,"[-0.2166666666666667, 0.9666666666666666]",0.5999999999999943,10.259075709751675,0.5725862068965517,1.0206626034257453,,,,
resnet18-int8,axers,22,axers-P22,68.95833333333333,68.7,,22,22,23,True,8224,8224,8224,21,21,True,exploratory (addendum-2),-0.2583333333333333,"[-0.8999999999999999, 0.3916666666666667]",0.09999999999999432,"[-0.6, 0.8]",1.0,-0.17500000000000002,"[-0.8166666666666668, 0.44999999999999996]",-0.09166666666666667,"[-0.7916666666666667, 0.6]",0.0,10.259075709751675,0.5725862068965517,1.0206626034257453,,,,
resnet18-int8,sat,22,sat.w22,69.05,68.7,,,,,,,,,,,,,,,,,,,,,,,,,,"derived: P >= W_noevent=21, equals wide",0.0,"[0.0, 0.0]",0.0
resnet18-int8,axe,21,axe-P21,0.1,0.1,,21,21,22,True,4112,4112,4112,21,21,True,primary (v1),-69.11666666666666,"[-71.89999999999999, -66.23333333333332]",-68.50000000000001,"[-71.3, -65.6]",2.142946914485977e-204,-69.03333333333333,"[-71.88333333333333, -66.11666666666667]",-68.95,"[-71.8, -66.0]",-68.60000000000001,,,,,,,
resnet18-int8,naive,21,naive-P21,0.1,0.1,,21,21,22,True,4112,4112,4112,21,21,True,primary (v1),-69.11666666666666,"[-71.89999999999999, -66.23333333333332]",-68.50000000000001,"[-71.3, -65.6]",2.142946914485977e-204,-69.03333333333333,"[-71.88333333333333, -66.11666666666667]",-68.95,"[-71.8, -66.0]",-68.60000000000001,,,,,,,
resnet18-int8,rescale,21,rescale-P21,69.39999999999999,69.3,,21,21,22,True,4112,4112,4112,21,21,True,exploratory (addendum-2),0.18333333333333338,"[-0.6, 0.9833333333333335]",0.6999999999999886,"[-0.2, 1.7]",0.21003961563110352,0.2666666666666667,"[-0.5666666666666667, 1.0999999999999999]",0.35000000000000003,"[-0.5, 1.2]",0.5999999999999943,20.332927703857422,0.7986206896551724,1.6771400901197402,,,,
resnet18-int8,axers,21,axers-P21,68.96666666666667,68.7,,21,21,22,True,4112,4112,4112,21,21,True,exploratory (addendum-2),-0.25,"[-1.0333333333333332, 0.5166666666666666]",0.09999999999999432,"[-0.8, 1.0]",1.0,-0.16666666666666669,"[-0.8833333333333334, 0.5499999999999999]",-0.08333333333333334,"[-0.9166666666666666, 0.7333333333333333]",0.0,20.332927703857422,0.7986206896551724,1.6771400901197402,,,,
resnet18-int8,sat,21,sat.w21,69.05,68.7,,,,,,,,,,,,,,,,,,,,,,,,,,measured,0.0,"[0.0, 0.0]",0.0
resnet18-int8,axe,20,axe-P20,0.1,0.1,,20,20,21,True,2056,2056,2056,20,20,True,primary (v1),-69.11666666666666,"[-71.89999999999999, -66.23333333333332]",-68.50000000000001,"[-71.3, -65.6]",2.142946914485977e-204,-69.03333333333333,"[-71.88333333333333, -66.11666666666667]",-69.05,"[-71.89999999999999, -66.14875]",-68.60000000000001,,,,,,,
resnet18-int8,naive,20,naive-P20,0.1,0.1,,20,20,21,True,2056,2056,2056,20,20,True,primary (v1),-69.11666666666666,"[-71.89999999999999, -66.23333333333332]",-68.50000000000001,"[-71.3, -65.6]",2.142946914485977e-204,-69.03333333333333,"[-71.88333333333333, -66.11666666666667]",-69.05,"[-71.89999999999999, -66.14875]",-68.60000000000001,,,,,,,
resnet18-int8,rescale,20,rescale-P20,68.71666666666665,68.89999999999999,,20,20,21,True,2056,2056,2056,20,20,True,exploratory (addendum-2),-0.5,"[-1.5833333333333335, 0.5833333333333333]",0.29999999999998295,"[-0.8, 1.5]",0.735878800856881,-0.41666666666666674,"[-1.5504166666666663, 0.7333333333333333]",-0.4333333333333334,"[-1.5666666666666669, 0.7000000000000001]",0.19999999999998863,39.78886413574219,0.9374137931034483,2.54907131724434,,,,
resnet18-int8,axers,20,axers-P20,69.525,69.1,,20,20,21,True,2056,2056,2056,20,20,True,exploratory (addendum-2),0.30833333333333335,"[-0.8166666666666665, 1.4418749999999971]",0.4999999999999858,"[-0.7, 1.7]",0.5113757815852296,0.3916666666666667,"[-0.75, 1.5166666666666668]",0.375,"[-0.75, 1.525]",0.3999999999999915,39.78886413574219,0.9374137931034483,2.54907131724434,,,,
resnet18-int8,sat,20,sat.w20,69.15,68.7,,,,,,,,,,,,,,,,,,,,,,,,,,measured,0.1,"[-0.1, 0.35124999999998185]",0.0
resnet18-int8,axe,19,axe-P19,0.1,0.1,,19,19,20,True,1028,1028,1028,19,19,True,primary (v1),-69.11666666666666,"[-71.89999999999999, -66.23333333333332]",-68.50000000000001,"[-71.3, -65.6]",2.142946914485977e-204,-69.03333333333333,"[-71.88333333333333, -66.11666666666667]",-68.93333333333332,"[-71.76666666666668, -66.01666666666667]",-68.9,,,,,,,
resnet18-int8,naive,19,naive-P19,0.1,0.1,,19,19,20,True,1028,1028,1028,19,19,True,primary (v1),-69.11666666666666,"[-71.89999999999999, -66.23333333333332]",-68.50000000000001,"[-71.3, -65.6]",2.142946914485977e-204,-69.03333333333333,"[-71.88333333333333, -66.11666666666667]",-68.93333333333332,"[-71.76666666666668, -66.01666666666667]",-68.9,,,,,,,
resnet18-int8,rescale,19,rescale-P19,67.56666666666668,67.5,,19,19,20,True,1028,1028,1028,19,19,True,exploratory (addendum-2),-1.6500000000000001,"[-3.283333333333333, 0.03333333333333337]",-1.1000000000000085,"[-2.9, 0.7]",0.272268945972048,-1.5666666666666669,"[-3.2, 0.0833333333333333]",-1.4666666666666668,"[-3.1333333333333337, 0.24999999999999992]",-1.5,70.47355651855469,0.983103448275862,3.460644978152259,,,,
resnet18-int8,axers,19,axers-P19,68.21666666666665,68.0,,19,19,20,True,1028,1028,1028,19,19,True,exploratory (addendum-2),-1.0,"[-2.4166666666666665, 0.4]",-0.6000000000000085,"[-2.2, 1.0]",0.5446122234192592,-0.9166666666666669,"[-2.35, 0.5166666666666666]",-0.8166666666666668,"[-2.3, 0.6170833333333274]",-1.0,70.47355651855469,0.983103448275862,3.460644978152259,,,,
resnet18-int8,sat,19,sat.w19,69.03333333333333,69.0,,,,,,,,,,,,,,,,,,,,,,,,,,measured,-0.016666666666666673,"[-0.8, 0.7666666666666666]",0.29999999999999716
resnet18-int8,axe,18,axe-P18,0.1,0.1,,18,18,19,True,514,514,514,18,18,True,primary (v1),-69.11666666666666,"[-71.89999999999999, -66.23333333333332]",-68.50000000000001,"[-71.3, -65.6]",2.142946914485977e-204,-69.03333333333333,"[-71.88333333333333, -66.11666666666667]",-67.5,"[-70.35, -64.55]",-67.60000000000001,,,,,,,
resnet18-int8,naive,18,naive-P18,0.1,0.1,,18,18,19,True,514,514,514,18,18,True,primary (v1),-69.11666666666666,"[-71.89999999999999, -66.23333333333332]",-68.50000000000001,"[-71.3, -65.6]",2.142946914485977e-204,-69.03333333333333,"[-71.88333333333333, -66.11666666666667]",-67.5,"[-70.35, -64.55]",-67.60000000000001,,,,,,,
resnet18-int8,rescale,18,rescale-P18,62.05833333333332,62.0,,18,18,19,True,514,514,514,18,18,True,exploratory (addendum-2),-7.158333333333333,"[-9.383333333333335, -4.941666666666666]",-6.6000000000000085,"[-9.0, -4.3]",4.4480547931883875e-08,-7.074999999999999,"[-9.283333333333333, -4.858333333333333]",-5.541666666666667,"[-7.9, -3.216666666666667]",-5.700000000000003,103.22372436523438,0.9986206896551724,4.300595306310343,,,,
resnet18-int8,axers,18,axers-P18,62.541666666666664,62.5,,18,18,19,True,514,514,514,18,18,True,exploratory (addendum-2),-6.675000000000001,"[-8.75, -4.658333333333334]",-6.1000000000000085,"[-8.3, -3.9]",5.686281754638146e-08,-6.591666666666667,"[-8.7, -4.566666666666667]",-5.058333333333334,"[-7.2749999999999995, -2.9664583333333363]",-5.200000000000003,103.22372436523438,0.9986206896551724,4.300595306310343,,,,
resnet18-int8,sat,18,sat.w18,67.60000000000001,67.7,,,,,,,,,,,,,,,,,,,,,,,,,,measured,-1.4500000000000002,"[-3.0, 0.05]",-1.0
resnet18-int8,axe,17,axe-P17,0.1,0.1,,17,17,18,True,257,257,257,17,17,True,primary (v1),-69.11666666666666,"[-71.89999999999999, -66.23333333333332]",-68.50000000000001,"[-71.3, -65.6]",2.142946914485977e-204,-69.03333333333333,"[-71.88333333333333, -66.11666666666667]",-23.916666666666668,"[-26.56666666666666, -21.333333333333332]",-23.799999999999997,,,,,,,
resnet18-int8,naive,17,naive-P17,0.1,0.1,,17,17,18,True,257,257,257,17,17,True,primary (v1),-69.11666666666666,"[-71.89999999999999, -66.23333333333332]",-68.50000000000001,"[-71.3, -65.6]",2.142946914485977e-204,-69.03333333333333,"[-71.88333333333333, -66.11666666666667]",-23.916666666666668,"[-26.56666666666666, -21.333333333333332]",-23.799999999999997,,,,,,,
resnet18-int8,rescale,17,rescale-P17,19.923333333333332,20.4,,17,17,18,True,257,257,257,17,17,True,exploratory (addendum-2),-49.29333333333334,"[-52.44333333333334, -46.12833333333334]",-48.20000000000001,"[-51.3, -45.0]",4.672244396938027e-130,-49.21,"[-52.31345833333333, -46.023291666666665]",-4.093333333333334,"[-7.2716666666666665, -1.0248333333333357]",-3.5,130.19654846191406,1.0,5.021501251814116,,,,
resnet18-int8,axers,17,axers-P17,3.35,3.3000000000000003,,17,17,18,True,257,257,257,17,17,True,exploratory (addendum-2),-65.86666666666667,"[-68.73375, -62.9]",-65.30000000000001,"[-68.2, -62.4]",8.775799151303176e-195,-65.78333333333333,"[-68.68333333333332, -62.799583333333345]",-20.666666666666668,"[-23.53333333333333, -17.81666666666667]",-20.599999999999998,130.19654846191406,1.0,5.021501251814116,,,,
resnet18-int8,sat,17,sat.w17,24.01666666666667,23.9,,,,,,,,,,,,,,,,,,,,,,,,,,measured,-45.03333333333334,"[-48.31666666666666, -41.69958333333334]",-44.800000000000004
resnet18-int8,axe,16,axe-P16,0.1,0.1,,16,16,17,True,128,128,128,16,16,True,primary (v1),-69.11666666666666,"[-71.89999999999999, -66.23333333333332]",-68.50000000000001,"[-71.3, -65.6]",2.142946914485977e-204,-69.03333333333333,"[-71.88333333333333, -66.11666666666667]",-0.08333333333333333,"[-0.4, 0.2166666666666667]",-0.1,,,,,,,
resnet18-int8,naive,16,naive-P16,0.1,0.1,,16,16,17,True,128,128,128,16,16,True,primary (v1),-69.11666666666666,"[-71.89999999999999, -66.23333333333332]",-68.50000000000001,"[-71.3, -65.6]",2.142946914485977e-204,-69.03333333333333,"[-71.88333333333333, -66.11666666666667]",-0.08333333333333333,"[-0.4, 0.2166666666666667]",-0.1,,,,,,,
resnet18-int8,rescale,16,rescale-P16,0.15,0.1,,16,16,17,True,128,128,128,16,16,True,exploratory (addendum-2),-69.06666666666666,"[-71.86666666666667, -66.2]",-68.50000000000001,"[-71.3, -65.6]",2.142946914485977e-204,-68.98333333333333,"[-71.81708333333334, -66.08333333333333]",-0.033333333333333326,"[-0.35000000000000003, 0.2833333333333333]",-0.1,152.70901489257812,1.0,5.630360696866682,,,,
resnet18-int8,axers,16,axers-P16,0.1,0.1,,16,16,17,True,128,128,128,16,16,True,exploratory (addendum-2),-69.11666666666666,"[-71.89999999999999, -66.23333333333332]",-68.50000000000001,"[-71.3, -65.6]",2.142946914485977e-204,-69.03333333333333,"[-71.88333333333333, -66.11666666666667]",-0.08333333333333333,"[-0.4, 0.2166666666666667]",-0.1,152.70901489257812,1.0,5.630360696866682,,,,
resnet18-int8,sat,16,sat.w16,0.18333333333333332,0.2,,,,,,,,,,,,,,,,,,,,,,,,,,measured,-68.86666666666666,"[-71.7, -65.95]",-68.5
resnet18-int8,axe,15,axe-P15,0.1,0.1,,15,15,16,True,64,64,64,15,15,True,primary (v1),-69.11666666666666,"[-71.89999999999999, -66.23333333333332]",-68.50000000000001,"[-71.3, -65.6]",2.142946914485977e-204,-69.03333333333333,"[-71.88333333333333, -66.11666666666667]",0.0,"[-0.3, 0.3]",0.0,,,,,,,
resnet18-int8,naive,15,naive-P15,0.1,0.1,,15,15,16,True,64,64,64,15,15,True,primary (v1),-69.11666666666666,"[-71.89999999999999, -66.23333333333332]",-68.50000000000001,"[-71.3, -65.6]",2.142946914485977e-204,-69.03333333333333,"[-71.88333333333333, -66.11666666666667]",0.0,"[-0.3, 0.3]",0.0,,,,,,,
resnet18-int8,rescale,15,rescale-P15,0.1,0.1,,15,15,16,True,64,64,64,15,15,True,exploratory (addendum-2),-69.11666666666666,"[-71.89999999999999, -66.23333333333332]",-68.50000000000001,"[-71.3, -65.6]",2.142946914485977e-204,-69.03333333333333,"[-71.88333333333333, -66.11666666666667]",0.0,"[-0.3, 0.3]",0.0,175.33035278320312,1.0,6.140507972099376,,,,
resnet18-int8,axers,15,axers-P15,0.1,0.1,,15,15,16,True,64,64,64,15,15,True,exploratory (addendum-2),-69.11666666666666,"[-71.89999999999999, -66.23333333333332]",-68.50000000000001,"[-71.3, -65.6]",2.142946914485977e-204,-69.03333333333333,"[-71.88333333333333, -66.11666666666667]",0.0,"[-0.3, 0.3]",0.0,175.33035278320312,1.0,6.140507972099376,,,,
resnet18-int8,sat,15,sat.w15,0.1,0.1,,,,,,,,,,,,,,,,,,,,,,,,,,measured,-68.95,"[-71.8, -66.0]",-68.60000000000001
resnet18-int8,axe,14,axe-P14,0.1,0.1,,14,14,15,True,32,32,32,14,14,True,primary (v1),-69.11666666666666,"[-71.89999999999999, -66.23333333333332]",-68.50000000000001,"[-71.3, -65.6]",2.142946914485977e-204,-69.03333333333333,"[-71.88333333333333, -66.11666666666667]",,,,,,,,,,
resnet18-int8,naive,14,naive-P14,0.1,0.1,,14,14,15,True,32,32,32,14,14,True,primary (v1),-69.11666666666666,"[-71.89999999999999, -66.23333333333332]",-68.50000000000001,"[-71.3, -65.6]",2.142946914485977e-204,-69.03333333333333,"[-71.88333333333333, -66.11666666666667]",,,,,,,,,,
resnet18-int8,rescale,14,rescale-P14,0.1,0.1,,14,14,15,True,32,32,32,14,14,True,exploratory (addendum-2),-69.11666666666666,"[-71.89999999999999, -66.23333333333332]",-68.50000000000001,"[-71.3, -65.6]",2.142946914485977e-204,-69.03333333333333,"[-71.88333333333333, -66.11666666666667]",,,,212.2622528076172,1.0,6.571190535431039,,,,
resnet18-int8,axers,14,axers-P14,0.1,0.1,,14,14,15,True,32,32,32,14,14,True,exploratory (addendum-2),-69.11666666666666,"[-71.89999999999999, -66.23333333333332]",-68.50000000000001,"[-71.3, -65.6]",2.142946914485977e-204,-69.03333333333333,"[-71.88333333333333, -66.11666666666667]",,,,212.2622528076172,1.0,6.571190535431039,,,,
resnet18-int6,axe,23,axe-P23,68.4565909090909,67.7,optq,22,22,23,True,17732,22597,66576,17,17,,primary (v1),2.5649242424242424,"[1.4314242424242423, 3.730767045454544]",2.5,"[0.9, 4.1]",0.0035448128470210523,0.0,"[0.0, 0.0]",2.5482575757575754,"[1.4141628787878788, 3.700702651515151]",2.700000000000003,,,,,,,
resnet18-int6,naive,23,naive-P23,65.89166666666667,65.2,rtn,22,22,23,True,17709,22549,66576,17,17,,primary (v1),0.0,"[0.0, 0.0]",0.0,"[0.0, 0.0]",1.0,-2.5649242424242424,"[-3.730767045454545, -1.4314242424242425]",-0.01666666666666667,"[-0.44999999999999996, 0.40854166666666364]",0.20000000000000284,,,,,,,
resnet18-int6,rescale,23,rescale-P23,65.89166666666667,65.2,,22,22,23,True,17709,22549,66576,17,17,True,exploratory (addendum-2),0.0,"[0.0, 0.0]",0.0,"[0.0, 0.0]",1.0,-2.5649242424242424,"[-3.730767045454545, -1.4314242424242425]",-0.01666666666666667,"[-0.44999999999999996, 0.40854166666666364]",0.20000000000000284,1.0,0.0,0.0,,,,
resnet18-int6,axers,23,axers-P23,68.4565909090909,67.7,,22,22,23,True,17732,22597,66576,17,17,True,exploratory (addendum-2),2.5649242424242424,"[1.4314242424242423, 3.730767045454544]",2.5,"[0.9, 4.1]",0.0035448128470210523,0.0,"[0.0, 0.0]",2.5482575757575754,"[1.4141628787878788, 3.700702651515151]",2.700000000000003,1.0,0.0,0.0,,,,
resnet18-int6,sat,23,sat.w23,65.90833333333333,65.0,,,,,,,,,,,,,,,,,,,,,,,,,,"derived: P >= W_noevent=17, equals wide",0.0,"[0.0, 0.0]",0.0
resnet18-int6,axe,22,axe-P22,68.4565909090909,67.7,optq,22,22,23,True,17732,22597,33288,17,17,,primary (v1),2.5649242424242424,"[1.4314242424242423, 3.730767045454544]",2.5,"[0.9, 4.1]",0.0035448128470210523,0.0,"[0.0, 0.0]",2.5482575757575754,"[1.4141628787878788, 3.700702651515151]",2.700000000000003,,,,,,,
resnet18-int6,naive,22,naive-P22,65.89166666666667,65.2,rtn,22,22,23,True,17709,22549,33288,17,17,,primary (v1),0.0,"[0.0, 0.0]",0.0,"[0.0, 0.0]",1.0,-2.5649242424242424,"[-3.730767045454545, -1.4314242424242425]",-0.01666666666666667,"[-0.44999999999999996, 0.40854166666666364]",0.20000000000000284,,,,,,,
resnet18-int6,rescale,22,rescale-P22,65.89166666666667,65.2,,22,22,23,True,17709,22549,33288,17,17,True,exploratory (addendum-2),0.0,"[0.0, 0.0]",0.0,"[0.0, 0.0]",1.0,-2.5649242424242424,"[-3.730767045454545, -1.4314242424242425]",-0.01666666666666667,"[-0.44999999999999996, 0.40854166666666364]",0.20000000000000284,1.0,0.0,0.0,,,,
resnet18-int6,axers,22,axers-P22,68.4565909090909,67.7,,22,22,23,True,17732,22597,33288,17,17,True,exploratory (addendum-2),2.5649242424242424,"[1.4314242424242423, 3.730767045454544]",2.5,"[0.9, 4.1]",0.0035448128470210523,0.0,"[0.0, 0.0]",2.5482575757575754,"[1.4141628787878788, 3.700702651515151]",2.700000000000003,1.0,0.0,0.0,,,,
resnet18-int6,sat,22,sat.w22,65.90833333333333,65.0,,,,,,,,,,,,,,,,,,,,,,,,,,"derived: P >= W_noevent=17, equals wide",0.0,"[0.0, 0.0]",0.0
resnet18-int6,axe,21,axe-P21,67.85761904761905,67.10000000000001,,21,21,22,True,16644,16644,16644,17,17,True,primary (v1),1.9659523809523807,"[0.8150000000000001, 3.1542857142857144]",1.9000000000000057,"[0.2, 3.6]",0.03953953287797775,-0.5989718614718614,"[-1.4591396103896104, 0.26289123376623275]",1.949285714285714,"[0.7718988095238096, 3.1316726190476185]",2.1000000000000085,,,,,,,
resnet18-int6,naive,21,naive-P21,65.23916666666668,64.9,,21,21,22,True,16644,16644,16644,17,17,True,primary (v1),-0.6525000000000001,"[-1.6100208333333335, 0.26589583333333244]",-0.29999999999999716,"[-1.6, 1.0]",0.7607916425613439,-3.217424242424243,"[-4.484988636363636, -1.9664337121212132]",-0.6691666666666666,"[-1.6108333333333336, 0.22677083333333173]",-0.09999999999999432,,,,,,,
resnet18-int6,rescale,21,rescale-P21,65.57833333333333,65.0,,21,21,22,True,16644,16644,16644,17,17,True,exploratory (addendum-2),-0.31333333333333335,"[-0.9083333333333332, 0.275]",-0.20000000000000284,"[-1.0, 0.6]",0.803619384765625,-2.8782575757575755,"[-4.043274621212122, -1.7432575757575757]",-0.33,"[-0.9383333333333332, 0.2733749999999993]",0.0,1.355923602455541,0.05189655172413793,0.006658940588417353,,,,
resnet18-int6,axers,21,axers-P21,68.45416666666667,67.80000000000001,,21,21,22,True,16644,16644,16644,17,17,True,exploratory (addendum-2),2.5625,"[1.3708333333333333, 3.7833333333333337]",2.6000000000000085,"[1.0, 4.2]",0.0025475648982539578,-0.0024242424242424177,"[-0.6058522727272727, 0.59342803030303]",2.545833333333333,"[1.3916666666666666, 3.7249999999999996]",2.8000000000000114,1.355923602455541,0.05189655172413793,0.006658940588417353,,,,
resnet18-int6,sat,21,sat.w21,65.90833333333333,65.0,,,,,,,,,,,,,,,,,,,,,,,,,,"derived: P >= W_noevent=17, equals wide",0.0,"[0.0, 0.0]",0.0
resnet18-int6,axe,20,axe-P20,53.654999999999994,53.2,,20,20,21,True,8322,8322,8322,17,17,True,primary (v1),-12.236666666666668,"[-14.353375000000002, -10.154979166666669]",-12.0,"[-14.6, -9.4]",5.265339191747883e-19,-14.801590909090908,"[-17.056517045454545, -12.640770833333335]",-12.253333333333332,"[-14.391000000000002, -10.21904166666667]",-11.799999999999997,,,,,,,
resnet18-int6,naive,20,naive-P20,27.70796776608847,27.900000000000002,,20,20,21,True,8322,8322,8322,17,17,True,primary (v1),-38.183698900578186,"[-40.99862858645296, -35.40885266845886]",-37.3,"[-40.4, -34.2]",2.1963332128150424e-99,-40.74862314300244,"[-43.598044276740936, -37.927266426111395]",-38.20036556724486,"[-41.01914181771541, -35.4195839545339]",-37.099999999999994,,,,,,,
resnet18-int6,rescale,20,rescale-P20,66.25928571428572,65.5,,20,20,21,True,8322,8322,8322,17,17,True,exploratory (addendum-2),0.3676190476190476,"[-0.5050595238095239, 1.2426190476190475]",0.29999999999999716,"[-0.9, 1.5]",0.7492586247608418,-2.1973051948051947,"[-3.3175110930735934, -1.0977218614718618]",0.35095238095238096,"[-0.5023809523809524, 1.1985714285714284]",0.5,2.710775722156872,0.28,0.1847944209017127,,,,
resnet18-int6,axers,20,axers-P20,68.11666666666666,67.30000000000001,,20,20,21,True,8322,8322,8322,17,17,True,exploratory (addendum-2),2.225,"[1.033125, 3.4666666666666672]",2.1000000000000085,"[0.4, 3.8]",0.02029840699010744,-0.33992424242424235,"[-1.1475416666666665, 0.46440909090909077]",2.2083333333333335,"[1.0333333333333332, 3.408333333333333]",2.3000000000000114,2.710775722156872,0.28,0.1847944209017127,,,,
resnet18-int6,sat,20,sat.w20,65.90833333333333,65.0,,,,,,,,,,,,,,,,,,,,,,,,,,"derived: P >= W_noevent=17, equals wide",0.0,"[0.0, 0.0]",0.0
resnet18-int6,axe,19,axe-P19,0.6658333333333333,0.8999999999999999,,19,19,20,True,4161,4161,4161,17,17,True,primary (v1),-65.22583333333331,"[-68.01752083333334, -62.35910416666667]",-64.3,"[-67.2, -61.4]",8.849430246621427e-192,-67.79075757575758,"[-70.5166875, -64.98242424242423]",-65.2425,"[-68.01845833333333, -62.36745833333334]",-64.1,,,,,,,
resnet18-int6,naive,19,naive-P19,0.1,0.1,,19,19,20,True,4161,4161,4161,17,17,True,primary (v1),-65.79166666666667,"[-68.575, -62.9]",-65.10000000000001,"[-68.0, -62.2]",3.4996174664343154e-194,-68.35659090909091,"[-71.06242613636363, -65.51826704545454]",-65.80833333333332,"[-68.58333333333333, -62.91645833333334]",-64.9,,,,,,,
resnet18-int6,rescale,19,rescale-P19,66.57428571428571,65.9,,19,19,20,True,4161,4161,4161,17,17,True,exploratory (addendum-2),0.6826190476190476,"[-0.2957351190476191, 1.6850446428571424]",0.7000000000000028,"[-0.6, 2.1]",0.38169339766321275,-1.8823051948051945,"[-3.0314767316017317, -0.7631128246753252]",0.6659523809523809,"[-0.32155059523809526, 1.6443928571428557]",0.9000000000000057,5.394951629638672,0.46672413793103446,0.5721756856316694,,,,
resnet18-int6,axers,19,axers-P19,68.30166666666666,67.7,,19,19,20,True,4161,4161,4161,17,17,True,exploratory (addendum-2),2.41,"[1.2215833333333335, 3.636708333333333]",2.5,"[0.9, 4.1]",0.004065116124638666,-0.1549242424242424,"[-0.9782462121212121, 0.6716666666666667]",2.3933333333333335,"[1.2083333333333333, 3.585]",2.700000000000003,5.394951629638672,0.46672413793103446,0.5721756856316694,,,,
resnet18-int6,sat,19,sat.w19,65.90833333333333,65.0,,,,,,,,,,,,,,,,,,,,,,,,,,"derived: P >= W_noevent=17, equals wide",0.0,"[0.0, 0.0]",0.0
resnet18-int6,axe,18,axe-P18,0.1,0.1,,18,18,19,True,2080,2080,2080,17,17,True,primary (v1),-65.79166666666667,"[-68.575, -62.9]",-65.10000000000001,"[-68.0, -62.2]",3.4996174664343154e-194,-68.35659090909091,"[-71.06242613636363, -65.51826704545454]",-65.80833333333332,"[-68.58333333333333, -62.91645833333334]",-64.9,,,,,,,
resnet18-int6,naive,18,naive-P18,0.1,0.1,,18,18,19,True,2080,2080,2080,17,17,True,primary (v1),-65.79166666666667,"[-68.575, -62.9]",-65.10000000000001,"[-68.0, -62.2]",3.4996174664343154e-194,-68.35659090909091,"[-71.06242613636363, -65.51826704545454]",-65.80833333333332,"[-68.58333333333333, -62.91645833333334]",-64.9,,,,,,,
resnet18-int6,rescale,18,rescale-P18,66.97666666666666,66.8,,18,18,19,True,2080,2080,2080,17,17,True,exploratory (addendum-2),1.085,"[-0.06004166666666677, 2.235]",1.5999999999999943,"[0.0, 3.2]",0.06811867428409976,-1.4799242424242423,"[-2.669058712121212, -0.29249810606060606]",1.0683333333333334,"[-0.07666666666666663, 2.206708333333333]",1.7999999999999972,10.476748148600262,0.5768965517241379,1.088197001917148,,,,
resnet18-int6,axers,18,axers-P18,67.52428571428571,66.60000000000001,,18,18,19,True,2080,2080,2080,17,17,True,exploratory (addendum-2),1.6326190476190476,"[0.33498214285714284, 2.9749999999999996]",1.4000000000000057,"[-0.4, 3.2]",0.1456354544029827,-0.9323051948051948,"[-2.004765963203463, 0.14287202380952357]",1.6159523809523808,"[0.34522023809523816, 2.9359523809523806]",1.6000000000000085,10.476748148600262,0.5768965517241379,1.088197001917148,,,,
resnet18-int6,sat,18,sat.w18,65.90833333333333,65.0,,,,,,,,,,,,,,,,,,,,,,,,,,"derived: P >= W_noevent=17, equals wide",0.0,"[0.0, 0.0]",0.0
resnet18-int6,axe,17,axe-P17,0.1,0.1,,17,17,18,True,1040,1040,1040,17,17,True,primary (v1),-65.79166666666667,"[-68.575, -62.9]",-65.10000000000001,"[-68.0, -62.2]",3.4996174664343154e-194,-68.35659090909091,"[-71.06242613636363, -65.51826704545454]",-65.80833333333332,"[-68.58333333333333, -62.91645833333334]",-64.9,,,,,,,
resnet18-int6,naive,17,naive-P17,0.1,0.1,,17,17,18,True,1040,1040,1040,17,17,True,primary (v1),-65.79166666666667,"[-68.575, -62.9]",-65.10000000000001,"[-68.0, -62.2]",3.4996174664343154e-194,-68.35659090909091,"[-71.06242613636363, -65.51826704545454]",-65.80833333333332,"[-68.58333333333333, -62.91645833333334]",-64.9,,,,,,,
resnet18-int6,rescale,17,rescale-P17,66.05666666666667,65.7,,17,17,18,True,1040,1040,1040,17,17,True,exploratory (addendum-2),0.16499999999999995,"[-1.4266666666666665, 1.793374999999999]",0.5,"[-1.6, 2.5]",0.6991749840078744,-2.399924242424243,"[-3.9742064393939396, -0.7931761363636374]",0.14833333333333326,"[-1.4800416666666667, 1.785041666666666]",0.7000000000000028,18.666723251342773,0.8020689655172414,1.702949798874485,,,,
resnet18-int6,axers,17,axers-P17,66.76444444444444,66.4,,17,17,18,True,1040,1040,1040,17,17,True,exploratory (addendum-2),0.8727777777777777,"[-0.49002777777777784, 2.222236111111111]",1.2000000000000028,"[-0.5, 2.9]",0.21268281985080573,-1.6921464646464646,"[-2.9322411616161617, -0.46484532828282826]",0.8561111111111109,"[-0.4722500000000001, 2.1817083333333325]",1.4000000000000057,18.666723251342773,0.8020689655172414,1.702949798874485,,,,
resnet18-int6,sat,17,sat.w17,65.90833333333333,65.0,,,,,,,,,,,,,,,,,,,,,,,,,,measured,0.0,"[0.0, 0.0]",0.0
resnet18-int6,axe,16,axe-P16,0.1,0.1,,16,16,17,True,520,520,520,16,16,True,primary (v1),-65.79166666666667,"[-68.575, -62.9]",-65.10000000000001,"[-68.0, -62.2]",3.4996174664343154e-194,-68.35659090909091,"[-71.06242613636363, -65.51826704545454]",-66.25666666666667,"[-68.99333333333333, -63.383291666666665]",-65.4,,,,,,,
resnet18-int6,naive,16,naive-P16,0.1,0.1,,16,16,17,True,520,520,520,16,16,True,primary (v1),-65.79166666666667,"[-68.575, -62.9]",-65.10000000000001,"[-68.0, -62.2]",3.4996174664343154e-194,-68.35659090909091,"[-71.06242613636363, -65.51826704545454]",-66.25666666666667,"[-68.99333333333333, -63.383291666666665]",-65.4,,,,,,,
resnet18-int6,rescale,16,rescale-P16,61.25333333333332,61.3,,16,16,17,True,520,520,520,16,16,True,exploratory (addendum-2),-4.638333333333334,"[-6.656750000000001, -2.646666666666667]",-3.9000000000000057,"[-6.2, -1.6]",0.0010910236162357473,-7.203257575757576,"[-9.22175, -5.23238446969697]",-5.103333333333334,"[-7.0750416666666665, -3.1281250000000025]",-4.200000000000003,27.382118225097656,0.9368965517241379,2.4388374240441175,,,,
resnet18-int6,axers,16,axers-P16,57.18714285714286,56.699999999999996,,16,16,17,True,520,520,520,16,16,True,exploratory (addendum-2),-8.70452380952381,"[-10.743699404761905, -6.768169642857144]",-8.500000000000007,"[-10.9, -6.1]",4.2441890788986615e-12,-11.269448051948054,"[-13.343231331168834, -9.2318033008658]",-9.16952380952381,"[-11.160476190476192, -7.24594642857143]",-8.800000000000004,27.382118225097656,0.9368965517241379,2.4388374240441175,,,,
resnet18-int6,sat,16,sat.w16,66.35666666666667,65.5,,,,,,,,,,,,,,,,,,,,,,,,,,measured,0.4483333333333333,"[0.019999999999999997, 0.8917083333333329]",0.5
resnet18-int6,axe,15,axe-P15,0.1,0.1,,15,15,16,True,260,260,260,15,15,True,primary (v1),-65.79166666666667,"[-68.575, -62.9]",-65.10000000000001,"[-68.0, -62.2]",3.4996174664343154e-194,-68.35659090909091,"[-71.06242613636363, -65.51826704545454]",-65.24333333333334,"[-68.00333333333333, -62.33833333333333]",-64.50000000000001,,,,,,,
resnet18-int6,naive,15,naive-P15,0.1,0.1,,15,15,16,True,260,260,260,15,15,True,primary (v1),-65.79166666666667,"[-68.575, -62.9]",-65.10000000000001,"[-68.0, -62.2]",3.4996174664343154e-194,-68.35659090909091,"[-71.06242613636363, -65.51826704545454]",-65.24333333333334,"[-68.00333333333333, -62.33833333333333]",-64.50000000000001,,,,,,,
resnet18-int6,rescale,15,rescale-P15,15.714138222888224,16.400000000000002,,15,15,16,True,260,260,260,15,15,True,exploratory (addendum-2),-50.17752844377845,"[-53.11816909132535, -47.24953329656454]",-48.8,"[-51.9, -45.7]",3.789839011875825e-135,-52.74245268620268,"[-55.639287417443676, -49.725568063880566]",-49.62919511044511,"[-52.551918980325226, -46.676752705627706]",-48.2,34.526145935058594,0.9820689655172414,3.124559606148465,,,,
resnet18-int6,axers,15,axers-P15,2.150952380952381,2.1999999999999997,,15,15,16,True,260,260,260,15,15,True,exploratory (addendum-2),-63.74071428571428,"[-66.53845238095238, -60.86307738095239]",-63.0,"[-66.0, -60.1]",7.103566427762274e-188,-66.30563852813852,"[-69.04325595238095, -63.46957846320347]",-63.192380952380944,"[-65.95349999999999, -60.315672619047625]",-62.400000000000006,34.526145935058594,0.9820689655172414,3.124559606148465,,,,
resnet18-int6,sat,15,sat.w15,65.34333333333335,64.60000000000001,,,,,,,,,,,,,,,,,,,,,,,,,,measured,-0.5650000000000001,"[-1.4783749999999998, 0.35333333333333333]",-0.3999999999999915
resnet18-int6,axe,14,axe-P14,0.1,0.1,,14,14,15,True,130,130,130,14,14,True,primary (v1),-65.79166666666667,"[-68.575, -62.9]",-65.10000000000001,"[-68.0, -62.2]",3.4996174664343154e-194,-68.35659090909091,"[-71.06242613636363, -65.51826704545454]",-59.026666666666664,"[-61.861749999999994, -56.01829166666668]",-59.4,,,,,,,
resnet18-int6,naive,14,naive-P14,0.1,0.1,,14,14,15,True,130,130,130,14,14,True,primary (v1),-65.79166666666667,"[-68.575, -62.9]",-65.10000000000001,"[-68.0, -62.2]",3.4996174664343154e-194,-68.35659090909091,"[-71.06242613636363, -65.51826704545454]",-59.026666666666664,"[-61.861749999999994, -56.01829166666668]",-59.4,,,,,,,
resnet18-int6,rescale,14,rescale-P14,0.125,0.1,,14,14,15,True,130,130,130,14,14,True,exploratory (addendum-2),-65.76666666666668,"[-68.55, -62.874791666666674]",-65.10000000000001,"[-68.0, -62.2]",3.4996174664343154e-194,-68.3315909090909,"[-71.03337499999999, -65.48747537878788]",-59.001666666666665,"[-61.821708333333326, -55.99154166666666]",-59.4,41.95341873168945,0.9982758620689656,3.7245844494737064,,,,
resnet18-int6,axers,14,axers-P14,0.1,0.1,,14,14,15,True,130,130,130,14,14,True,exploratory (addendum-2),-65.79166666666667,"[-68.575, -62.9]",-65.10000000000001,"[-68.0, -62.2]",3.4996174664343154e-194,-68.35659090909091,"[-71.06242613636363, -65.51826704545454]",-59.026666666666664,"[-61.861749999999994, -56.01829166666668]",-59.4,41.95341873168945,0.9982758620689656,3.7245844494737064,,,,
resnet18-int6,sat,14,sat.w14,59.12666666666666,59.5,,,,,,,,,,,,,,,,,,,,,,,,,,measured,-6.781666666666668,"[-8.656875, -4.963291666666667]",-5.5
resnet18-int6,axe,13,axe-P13,0.1,0.1,,13,13,14,True,65,65,65,13,13,True,primary (v1),-65.79166666666667,"[-68.575, -62.9]",-65.10000000000001,"[-68.0, -62.2]",3.4996174664343154e-194,-68.35659090909091,"[-71.06242613636363, -65.51826704545454]",-1.6917460317460318,"[-2.508585317460317, -0.9480059523809524]",-1.6999999999999997,,,,,,,
resnet18-int6,naive,13,naive-P13,0.1,0.1,,13,13,14,True,65,65,65,13,13,True,primary (v1),-65.79166666666667,"[-68.575, -62.9]",-65.10000000000001,"[-68.0, -62.2]",3.4996174664343154e-194,-68.35659090909091,"[-71.06242613636363, -65.51826704545454]",-1.6917460317460318,"[-2.508585317460317, -0.9480059523809524]",-1.6999999999999997,,,,,,,
resnet18-int6,rescale,13,rescale-P13,0.1,0.1,,13,13,14,True,65,65,65,13,13,True,exploratory (addendum-2),-65.79166666666667,"[-68.575, -62.9]",-65.10000000000001,"[-68.0, -62.2]",3.4996174664343154e-194,-68.35659090909091,"[-71.06242613636363, -65.51826704545454]",-1.6917460317460318,"[-2.508585317460317, -0.9480059523809524]",-1.6999999999999997,48.067874908447266,1.0,4.236218428223723,,,,
resnet18-int6,axers,13,axers-P13,0.1,0.1,,13,13,14,True,65,65,65,13,13,True,exploratory (addendum-2),-65.79166666666667,"[-68.575, -62.9]",-65.10000000000001,"[-68.0, -62.2]",3.4996174664343154e-194,-68.35659090909091,"[-71.06242613636363, -65.51826704545454]",-1.6917460317460318,"[-2.508585317460317, -0.9480059523809524]",-1.6999999999999997,48.067874908447266,1.0,4.236218428223723,,,,
resnet18-int6,sat,13,sat.w13,1.7917460317460319,1.7999999999999998,,,,,,,,,,,,,,,,,,,,,,,,,,measured,-64.11658730158732,"[-66.97158333333334, -61.20909325396825]",-63.2
resnet18-int6,axe,12,axe-P12,0.1,0.1,,12,12,13,True,32,32,32,12,12,True,primary (v1),-65.79166666666667,"[-68.575, -62.9]",-65.10000000000001,"[-68.0, -62.2]",3.4996174664343154e-194,-68.35659090909091,"[-71.06242613636363, -65.51826704545454]",0.02473684210526317,"[-0.14666666666666667, 0.27280701754385966]",0.0,,,,,,,
resnet18-int6,naive,12,naive-P12,0.1,0.1,,12,12,13,True,32,32,32,12,12,True,primary (v1),-65.79166666666667,"[-68.575, -62.9]",-65.10000000000001,"[-68.0, -62.2]",3.4996174664343154e-194,-68.35659090909091,"[-71.06242613636363, -65.51826704545454]",0.02473684210526317,"[-0.14666666666666667, 0.27280701754385966]",0.0,,,,,,,
resnet18-int6,rescale,12,rescale-P12,0.1,0.1,,12,12,13,True,32,32,32,12,12,True,exploratory (addendum-2),-65.79166666666667,"[-68.575, -62.9]",-65.10000000000001,"[-68.0, -62.2]",3.4996174664343154e-194,-68.35659090909091,"[-71.06242613636363, -65.51826704545454]",0.02473684210526317,"[-0.14666666666666667, 0.27280701754385966]",0.0,54.87345886230469,1.0,4.677504955097135,,,,
resnet18-int6,axers,12,axers-P12,0.1,0.1,,12,12,13,True,32,32,32,12,12,True,exploratory (addendum-2),-65.79166666666667,"[-68.575, -62.9]",-65.10000000000001,"[-68.0, -62.2]",3.4996174664343154e-194,-68.35659090909091,"[-71.06242613636363, -65.51826704545454]",0.02473684210526317,"[-0.14666666666666667, 0.27280701754385966]",0.0,54.87345886230469,1.0,4.677504955097135,,,,
resnet18-int6,sat,12,sat.w12,0.07526315789473685,0.1,,,,,,,,,,,,,,,,,,,,,,,,,,measured,-65.83307017543859,"[-68.58337499999999, -62.94158333333333]",-64.9
resnet18-int6,axe,11,axe-P11,0.1,0.1,,11,11,12,True,16,16,16,11,11,True,primary (v1),-65.79166666666667,"[-68.575, -62.9]",-65.10000000000001,"[-68.0, -62.2]",3.4996174664343154e-194,-68.35659090909091,"[-71.06242613636363, -65.51826704545454]",-0.02040013227513228,"[-0.3202388392857143, 0.279307705026455]",0.0,,,,,,,
resnet18-int6,naive,11,naive-P11,0.1,0.1,,11,11,12,True,16,16,16,11,11,True,primary (v1),-65.79166666666667,"[-68.575, -62.9]",-65.10000000000001,"[-68.0, -62.2]",3.4996174664343154e-194,-68.35659090909091,"[-71.06242613636363, -65.51826704545454]",-0.02040013227513228,"[-0.3202388392857143, 0.279307705026455]",0.0,,,,,,,
resnet18-int6,rescale,11,rescale-P11,0.1,0.1,,11,11,12,True,16,16,16,11,11,True,exploratory (addendum-2),-65.79166666666667,"[-68.575, -62.9]",-65.10000000000001,"[-68.0, -62.2]",3.4996174664343154e-194,-68.35659090909091,"[-71.06242613636363, -65.51826704545454]",-0.02040013227513228,"[-0.3202388392857143, 0.279307705026455]",0.0,60.615665435791016,1.0,5.033979015179881,,,,
resnet18-int6,axers,11,axers-P11,0.1,0.1,,11,11,12,True,16,16,16,11,11,True,exploratory (addendum-2),-65.79166666666667,"[-68.575, -62.9]",-65.10000000000001,"[-68.0, -62.2]",3.4996174664343154e-194,-68.35659090909091,"[-71.06242613636363, -65.51826704545454]",-0.02040013227513228,"[-0.3202388392857143, 0.279307705026455]",0.0,60.615665435791016,1.0,5.033979015179881,,,,
resnet18-int6,sat,11,sat.w11,0.12040013227513227,0.1,,,,,,,,,,,,,,,,,,,,,,,,,,measured,-65.7879332010582,"[-68.56567658730158, -62.8938367228836]",-64.9
