model,format,recipe,retained_images,target_images,additional_images,configuration_sha256
mobilenet_v2,fp6_e2m3,maxabs,128,1000,872,d61876a496b6cf8dc069c42dd54a1748cc75efcf60a458f6f3f7e8f149e4f272
mobilenet_v2,fp6_e3m2,percentile_99_9,128,1000,872,a2e76bad304560c11bb385a305d38f59c3d09b32ba37b05a5780db14adf2b474
mobilenet_v2,int6,maxabs,128,1000,872,d7b97e2424deb094cfb0511dfd3c143f41c11eb51c686336af8db69e0c32c4b5
mobilenet_v3_large,bfp6,maxabs,128,1000,872,9bb3dee63268fec38c06913c2d22c3ca58a3d169f17fa737672a9708f5ae4501
mobilenet_v3_large,fp6_e2m3,maxabs,128,1000,872,2f0f400ccb6116ff9c584d5d69abf574aa6efa90582c0f3a6e8c882f3b81fbb4
mobilenet_v3_large,int6,maxabs,128,1000,872,e2492889c0aa9f79bff869a9be393339c02718696034b24c96e5bcfaa7c2431f
mobilenet_v3_large,int8,maxabs,128,1000,872,4b5b93a05f5ff63c2c98f0a4c9572eb722319a6402bc49224c02f306d9a591c0
resnet18,fp6_e2m3,percentile_99_9,128,1000,872,e490256e114d6d298dc73e6b683c668d99ee7b360b9a0d03e230423be38d68e5
resnet18,fp6_e3m2,percentile_99_9,128,1000,872,96b377a83accd90054a2400d56aca9a77a2a82abead68a9b134f41a51ae22aa9
resnet18,int4,maxabs,128,1000,872,1b4fdb17e40be84d4282d28b2775dfdec2e66c33cf83220a389335174f74fcb6
resnet18,int6,maxabs,128,1000,872,c98705051a90c9a43bd1def6ea641272f7fc4ed9108953a2d18c0ffcc3498aee
resnet18,nf4,maxabs,128,1000,872,dcbe4aa5c031105caabd39c1a7c8771d11adce5563167a2b65e274d2b5308d1e
