format,family,bits,recipe,arm,rule_conformance,source,v1_maxabs,v1_percentile_99_9,status,configuration,map50_95,map50,at_chance,minus_fp32,minus_fp32_low,minus_fp32_high,minus_int8_same_recipe,minus_default,detections,distinct_scores,minus_default_low,minus_default_high,minus_int8_same_recipe_low,minus_int8_same_recipe_high
int8,integer,8,default,default,frozen_default,L7,31.5906,2.9055,measured,1834351b1f74,38.0238,53.7248,False,-1.0248,-1.5204,-0.7759,,,152257,88,,,,
int8,integer,8,conformant,conformant,conformant,L7,31.5906,2.9055,measured,d8b87c9bd8f6,38.3549,53.8959,False,-0.6938,-1.2181,-0.5349,,0.3311,102265,54,0.1176,0.4551,,
int6,integer,6,default,default,frozen_default,L7,0.2163,1.2369,measured,1209460b7248,30.9439,45.953,False,-8.1048,-9.2365,-7.5304,-7.08,,63961,26,,,-8.02,-6.4317
int6,integer,6,conformant,conformant,conformant,L7,0.2163,1.2369,measured,8f0cd537abc8,31.0492,45.2134,False,-7.9994,-9.1805,-7.4404,-7.3056,0.1054,30634,16,-0.191,0.3543,-8.2518,-6.6551
int5,integer,5,default,default,frozen_default,Q6,0.0005,0.5036,measured,e306ecfbf48d,14.0682,22.4086,False,-24.9805,-27.1749,-24.1754,-23.9556,,18652,13,,,-26.0049,-23.1151
int5,integer,5,conformant,conformant,conformant,Q6,0.0005,0.5036,measured,e4dd5fc22ed1,14.1083,22.2881,False,-24.9404,-27.0723,-24.1068,-24.2466,0.0401,18137,7,-0.1367,0.3406,-26.2171,-23.3402
int4,integer,4,default,default,frozen_default,Q6,0.0,0.0003,measured,6bd7be4dcf27,0.003,0.0116,True,-39.0456,-42.1033,-38.5028,-38.0208,,1568,4,,,-40.968,-37.3666
int4,integer,4,conformant,conformant,conformant,,0.0,0.0003,not_run_stop_rule,,,,,,,,,,,,,,,
q1_6,fixed_point,8,default,default,frozen_default,Q6,31.5906,2.9055,measured,322577057c77,37.6968,53.3243,False,-1.3518,-1.8721,-1.1249,-0.327,,113055,78,,,-0.6148,-0.0518
q1_6,fixed_point,8,conformant,conformant,conformant,Q6,31.5906,2.9055,measured,600fc74ff8ca,38.0425,53.586,False,-1.0062,-1.5002,-0.8234,-0.3124,0.3457,112516,56,0.1798,0.4901,-0.5445,-0.018
fp8_e4m3fn,float,8,default,default,frozen_default,L7,15.9753,1.2534,measured,7221154128a8,34.4198,51.0871,False,-4.6289,-5.5411,-4.2455,-3.6041,,196268,112,,,-4.3826,-3.0957
fp8_e4m3fn,float,8,conformant,conformant,conformant,L7,15.9753,1.2534,measured,5519c2e6243a,35.3049,51.3151,False,-3.7438,-4.6696,-3.4215,-3.05,0.8851,193994,51,0.6065,1.0905,-3.8186,-2.5468
fp8_e5m2,float,8,default,default,frozen_default,Q6,7.2816,0.6118,measured,418d8fc67de2,25.5071,41.8493,False,-13.5415,-14.7872,-12.7927,-12.5167,,213738,56,,,-13.5975,-11.6595
fp8_e5m2,float,8,conformant,conformant,conformant,Q6,7.2816,0.6118,measured,18cb5eca608c,27.3514,43.8763,False,-11.6973,-12.9643,-11.0035,-11.0035,1.8442,197986,28,1.4536,2.1686,-12.097,-10.1209
fp7_e3m3,float,7,default,default,frozen_default,L7,15.7046,1.2624,measured,36aaf9c1768f,34.1488,50.6177,False,-4.8999,-5.8431,-4.4658,-3.8751,,214011,110,,,-4.65,-3.3436
fp7_e3m3,float,7,conformant,conformant,conformant,L7,15.7046,1.2624,measured,6f99e4181dee,35.1267,50.9393,False,-3.9219,-4.8685,-3.4864,-3.2281,0.978,212082,47,0.7389,1.2087,-3.9562,-2.6705
fp6_e3m2,float,6,default,default,frozen_default,Q6,5.8652,0.5374,measured,b0d805e7cb6e,26.9635,43.8601,False,-12.0851,-13.3064,-11.4966,-11.0603,,178161,54,,,-12.1562,-10.384
fp6_e3m2,float,6,conformant,conformant,conformant,Q6,5.8652,0.5374,measured,108530501cc6,28.9386,45.7077,False,-10.1101,-11.3523,-9.6379,-9.4163,1.975,173716,25,1.5883,2.2504,-10.4529,-8.7705
fp6_e2m3,float,6,default,default,frozen_default,L7,4.1042,1.0144,measured,c31c47d0aeaa,32.131,47.7884,False,-6.9176,-7.9663,-6.4501,-5.8928,,56480,26,,,-6.7805,-5.3297
fp6_e2m3,float,6,conformant,conformant,conformant,L7,4.1042,1.0144,measured,ec832180ea14,32.9203,48.3045,False,-6.1283,-7.2092,-5.6839,-5.4346,0.7893,54715,18,0.5076,0.9963,-6.32,-4.847
fp5_e2m2,float,5,default,default,frozen_default,Q6,0.0001,0.2513,measured,7062bcdec2ea,14.7587,24.3847,False,-24.2899,-26.406,-23.6774,-23.2651,,15487,9,,,-25.1824,-22.5944
fp5_e2m2,float,5,conformant,conformant,conformant,Q6,0.0001,0.2513,measured,a7f2cee506eb,14.8766,24.2632,False,-24.1721,-26.3642,-23.5984,-23.4783,0.1179,14009,5,-0.1937,0.341,-25.4708,-22.7647
fp4_e2m1,float,4,default,default,frozen_default,Q6,0.0004,0.0003,measured,1034da4edc13,0.0056,0.0125,True,-39.043,-42.1077,-38.5056,-38.0182,,9,2,,,-40.9675,-37.3704
fp4_e2m1,float,4,conformant,conformant,conformant,,0.0004,0.0003,not_run_stop_rule,,,,,,,,,,,,,,,
bfp6,bfp,6,default,default,frozen_default,L7,11.9583,12.0163,measured,60a7f065d41c,33.9777,49.3599,False,-5.071,-6.1759,-4.6821,-4.0461,,147304,38,,,-5.0545,-3.5017
bfp6,bfp,6,conformant,default_fp32_box_logits,nearest_available_joins_not_stored,L7,11.9583,12.0163,measured,f8251caf511b,34.2175,49.5465,False,-4.8311,-5.962,-4.4784,-4.1374,0.2398,146192,38,0.0767,0.3429,-5.112,-3.6068
mxfp8_e4m3,mx_float,8,default,default,frozen_default,L7,19.11,19.1102,measured,ea15b183c1d4,35.3606,52.0768,False,-3.688,-4.5092,-3.3156,-2.6632,,162926,36,,,-3.3593,-2.171
mxfp8_e4m3,mx_float,8,conformant,default_fp32_box_logits,nearest_available_joins_not_stored,L7,19.11,19.1102,measured,afcbe91087e6,36.2371,52.3854,False,-2.8116,-3.59,-2.4642,-2.1178,0.8765,160565,36,0.6874,1.1024,-2.7286,-1.5698
mxfp6_e3m2,mx_float,6,default,default,frozen_default,Q6,5.51,5.6845,measured,699806440416,23.3323,38.2689,False,-15.7164,-17.408,-15.0609,-14.6915,,166043,24,,,-16.2311,-13.9495
mxfp6_e3m2,mx_float,6,conformant,default_fp32_box_logits,nearest_available_joins_not_stored,Q6,5.51,5.6845,measured,7d947ced5498,26.0699,41.1118,False,-12.9787,-14.5972,-12.4084,-12.2849,2.7376,159343,24,2.3821,3.1022,-13.7218,-11.5735
mxfp4_e2m1,mx_float,4,default,default,frozen_default,Q6,0.02,0.0206,measured,b3dfd7887ca2,1.1357,2.5297,False,-37.9129,-40.9718,-37.3948,-36.8881,,293779,10,,,-39.7949,-36.2456
mxfp4_e2m1,mx_float,4,conformant,default_fp32_box_logits,nearest_available_joins_not_stored,Q6,0.02,0.0206,measured,7f7bbf690b31,1.1454,2.5493,False,-37.9032,-40.9901,-37.4259,-37.2095,0.0097,293624,10,-0.1,0.0532,-40.1461,-36.5502
posit8_es1,posit,8,default,default,frozen_default,L7,0.0,0.0,measured,04fd1b90be7a,38.1147,53.7951,False,-0.934,-1.3704,-0.7231,0.0909,,185294,164,,,-0.3154,0.5295
posit8_es1,posit,8,conformant,conformant,conformant,L7,0.0,0.0,measured,5c03ab8646b2,38.4169,54.1046,False,-0.6318,-1.1034,-0.464,0.062,0.3022,175702,75,0.0957,0.4386,-0.3178,0.4883
posit6_es1,posit,6,default,default,frozen_default,Q6,0.0001,0.0,measured,c12ed89b0ce7,26.6602,43.3734,False,-12.3885,-13.6336,-11.7103,-11.3637,,131831,40,,,-12.4724,-10.6099
posit6_es1,posit,6,conformant,conformant,conformant,Q6,0.0001,0.0,measured,2147f0181017,28.0331,44.9719,False,-11.0156,-12.2521,-10.3895,-10.3218,1.3729,269266,19,1.0208,1.675,-11.395,-9.5358
posit4_es0,posit,4,default,default,frozen_default,Q6,0.0,0.001,measured,866f3db08d2c,0.0063,0.0209,True,-39.0424,-42.1038,-38.5013,-38.0176,,13,3,,,-40.9671,-37.3682
posit4_es0,posit,4,conformant,conformant,conformant,,0.0,0.001,not_run_stop_rule,,,,,,,,,,,,,,,
log8,logarithmic,8,default,default,frozen_default,L7,16.7688,1.1964,measured,82fa3beacff0,33.6697,50.3424,False,-5.379,-6.4115,-4.9297,-4.3542,,197888,112,,,-5.2074,-3.8068
log8,logarithmic,8,conformant,conformant,conformant,L7,16.7688,1.1964,measured,09cc97f095c9,34.3519,50.4771,False,-4.6968,-5.701,-4.2527,-4.003,0.6822,195842,61,0.4596,0.9116,-4.7957,-3.424
log6,logarithmic,6,default,default,frozen_default,Q6,6.6038,0.4879,measured,1a96c4b2de65,25.5265,41.9451,False,-13.5222,-14.9188,-12.7495,-12.4974,,171327,41,,,-13.7513,-11.6538
log6,logarithmic,6,conformant,conformant,conformant,Q6,6.6038,0.4879,measured,413cabf1f9ea,27.7072,44.7565,False,-11.3415,-12.7244,-10.6954,-10.6477,2.1807,164981,26,1.8025,2.5286,-11.8669,-9.8327
log4,logarithmic,4,default,default,frozen_default,Q6,0.0006,0.0007,measured,63b574a8543c,0.0092,0.0443,True,-39.0394,-42.0969,-38.5066,-38.0146,,1171,4,,,-40.9647,-37.3617
log4,logarithmic,4,conformant,conformant,conformant,,0.0006,0.0007,not_run_stop_rule,,,,,,,,,,,,,,,
nf4,codebook,4,default,default,frozen_default,Q6,0.0,0.0322,measured,2103e8a9ae8c,0.5164,1.0078,True,-38.5323,-41.5539,-37.9818,-37.5075,,4796,6,,,-40.4207,-36.8039
nf4,codebook,4,conformant,conformant,conformant,,0.0,0.0322,not_run_stop_rule,,,,,,,,,,,,,,,
binary_pm1,binary,1,default,default,frozen_default,Q6,0.0027,0.0054,measured,bbe1a2713740,0.0,0.0001,True,-39.0486,-42.109,-38.5112,-38.0238,,300000,1,,,-40.9732,-37.3717
binary_pm1,binary,1,conformant,conformant,conformant,,0.0027,0.0054,not_run_stop_rule,,,,,,,,,,,,,,,
ternary,ternary,2,default,default,frozen_default,Q6,0.0,0.0,measured,f5f454c8a19b,0.0002,0.001,True,-39.0485,-42.109,-38.5111,-38.0237,,300000,1,,,-40.9731,-37.3717
ternary,ternary,2,conformant,conformant,conformant,,0.0,0.0,not_run_stop_rule,,,,,,,,,,,,,,,
