kind,subset,contrasts,hypothesis,margin_pp,share_sufficient_n1000,share_sufficient_n4000,share_sufficient_n9000,images_median
format_pair,near_equal_2,138,noninferiority,1.0,0.028986,0.391304,0.927536,4359.0
format_pair,near_equal_2,138,noninferiority,0.5,0.021739,0.028986,0.072464,17435.5
format_pair,near_equal_2,138,equivalence,1.0,0.021739,0.101449,0.768116,6038.0
format_pair,near_equal_2,138,equivalence,0.5,0.021739,0.021739,0.050725,24150.5
format_pair,near_equal_2,138,difference,1.0,0.021739,0.130435,0.847826,5534.0
format_pair,near_equal_2,138,difference,0.5,0.021739,0.021739,0.050725,22134.0
format_pair,near_equal_2_differing,135,noninferiority,1.0,0.007407,0.377778,0.925926,4390.0
format_pair,near_equal_2_differing,135,noninferiority,0.5,0.0,0.007407,0.051852,17559.0
format_pair,near_equal_2_differing,135,equivalence,1.0,0.0,0.081481,0.762963,6081.0
format_pair,near_equal_2_differing,135,equivalence,0.5,0.0,0.0,0.02963,24322.0
format_pair,near_equal_2_differing,135,difference,1.0,0.0,0.111111,0.844444,5573.0
format_pair,near_equal_2_differing,135,difference,0.5,0.0,0.0,0.02963,22291.0
format_pair,all_differing,739,noninferiority,1.0,0.001353,0.077131,0.32747,13973.0
format_pair,all_differing,739,noninferiority,0.5,0.0,0.001353,0.009472,55891.0
format_pair,all_differing,739,equivalence,1.0,0.0,0.014885,0.192152,19355.0
format_pair,all_differing,739,equivalence,0.5,0.0,0.0,0.005413,77418.0
format_pair,all_differing,739,difference,1.0,0.0,0.020298,0.23816,17739.0
format_pair,all_differing,739,difference,0.5,0.0,0.0,0.005413,70954.0
recipe_pair,near_equal_2,22,noninferiority,1.0,0.0,0.318182,0.863636,6307.0
recipe_pair,near_equal_2,22,noninferiority,0.5,0.0,0.0,0.181818,25225.5
recipe_pair,near_equal_2,22,equivalence,1.0,0.0,0.181818,0.5,8735.5
recipe_pair,near_equal_2,22,equivalence,0.5,0.0,0.0,0.181818,34941.0
recipe_pair,near_equal_2,22,difference,1.0,0.0,0.181818,0.545455,8006.0
recipe_pair,near_equal_2,22,difference,0.5,0.0,0.0,0.181818,32024.0
recipe_pair,near_equal_2_differing,22,noninferiority,1.0,0.0,0.318182,0.863636,6307.0
recipe_pair,near_equal_2_differing,22,noninferiority,0.5,0.0,0.0,0.181818,25225.5
recipe_pair,near_equal_2_differing,22,equivalence,1.0,0.0,0.181818,0.5,8735.5
recipe_pair,near_equal_2_differing,22,equivalence,0.5,0.0,0.0,0.181818,34941.0
recipe_pair,near_equal_2_differing,22,difference,1.0,0.0,0.181818,0.545455,8006.0
recipe_pair,near_equal_2_differing,22,difference,0.5,0.0,0.0,0.181818,32024.0
recipe_pair,all_differing,40,noninferiority,1.0,0.0,0.175,0.575,7667.0
recipe_pair,all_differing,40,noninferiority,0.5,0.0,0.0,0.1,30666.0
recipe_pair,all_differing,40,equivalence,1.0,0.0,0.1,0.3,10619.5
recipe_pair,all_differing,40,equivalence,0.5,0.0,0.0,0.1,42477.5
recipe_pair,all_differing,40,difference,1.0,0.0,0.1,0.375,9733.5
recipe_pair,all_differing,40,difference,0.5,0.0,0.0,0.1,38931.0
cell_vs_int8,near_equal_2,26,noninferiority,1.0,0.153846,0.615385,1.0,3710.0
cell_vs_int8,near_equal_2,26,noninferiority,0.5,0.115385,0.153846,0.230769,14838.5
cell_vs_int8,near_equal_2,26,equivalence,1.0,0.115385,0.307692,0.769231,5138.5
cell_vs_int8,near_equal_2,26,equivalence,0.5,0.115385,0.115385,0.230769,20553.5
cell_vs_int8,near_equal_2,26,difference,1.0,0.115385,0.346154,0.884615,4709.5
cell_vs_int8,near_equal_2,26,difference,0.5,0.115385,0.115385,0.230769,18838.0
cell_vs_int8,near_equal_2_differing,23,noninferiority,1.0,0.043478,0.565217,1.0,3772.0
cell_vs_int8,near_equal_2_differing,23,noninferiority,0.5,0.0,0.043478,0.130435,15086.0
cell_vs_int8,near_equal_2_differing,23,equivalence,1.0,0.0,0.217391,0.73913,5224.0
cell_vs_int8,near_equal_2_differing,23,equivalence,0.5,0.0,0.0,0.130435,20896.0
cell_vs_int8,near_equal_2_differing,23,difference,1.0,0.0,0.26087,0.869565,4788.0
cell_vs_int8,near_equal_2_differing,23,difference,0.5,0.0,0.0,0.130435,19152.0
cell_vs_int8,all_differing,87,noninferiority,1.0,0.011494,0.16092,0.482759,9274.0
cell_vs_int8,all_differing,87,noninferiority,0.5,0.0,0.011494,0.034483,37096.0
cell_vs_int8,all_differing,87,equivalence,1.0,0.0,0.057471,0.298851,12846.0
cell_vs_int8,all_differing,87,equivalence,0.5,0.0,0.0,0.034483,51384.0
cell_vs_int8,all_differing,87,difference,1.0,0.0,0.068966,0.390805,11774.0
cell_vs_int8,all_differing,87,difference,0.5,0.0,0.0,0.034483,47094.0
cell_vs_fp32,near_equal_2,16,noninferiority,1.0,0.125,0.8125,1.0,1793.5
cell_vs_fp32,near_equal_2,16,noninferiority,0.5,0.0,0.125,0.5625,7172.5
cell_vs_fp32,near_equal_2,16,equivalence,1.0,0.0,0.625,1.0,2484.0
cell_vs_fp32,near_equal_2,16,equivalence,0.5,0.0,0.0,0.25,9934.5
cell_vs_fp32,near_equal_2,16,difference,1.0,0.0,0.625,1.0,2276.5
cell_vs_fp32,near_equal_2,16,difference,0.5,0.0,0.0,0.5,9105.0
cell_vs_fp32,near_equal_2_differing,16,noninferiority,1.0,0.125,0.8125,1.0,1793.5
cell_vs_fp32,near_equal_2_differing,16,noninferiority,0.5,0.0,0.125,0.5625,7172.5
cell_vs_fp32,near_equal_2_differing,16,equivalence,1.0,0.0,0.625,1.0,2484.0
cell_vs_fp32,near_equal_2_differing,16,equivalence,0.5,0.0,0.0,0.25,9934.5
cell_vs_fp32,near_equal_2_differing,16,difference,1.0,0.0,0.625,1.0,2276.5
cell_vs_fp32,near_equal_2_differing,16,difference,0.5,0.0,0.0,0.5,9105.0
cell_vs_fp32,all_differing,96,noninferiority,1.0,0.020833,0.135417,0.53125,7883.5
cell_vs_fp32,all_differing,96,noninferiority,0.5,0.0,0.020833,0.09375,31531.5
cell_vs_fp32,all_differing,96,equivalence,1.0,0.0,0.104167,0.354167,10919.5
cell_vs_fp32,all_differing,96,equivalence,0.5,0.0,0.0,0.041667,43676.5
cell_vs_fp32,all_differing,96,difference,1.0,0.0,0.104167,0.479167,10008.0
cell_vs_fp32,all_differing,96,difference,0.5,0.0,0.0,0.083333,40030.0
accumulator_vs_wide,near_equal_2,51,noninferiority,1.0,0.529412,0.960784,1.0,990.0
accumulator_vs_wide,near_equal_2,51,noninferiority,0.5,0.372549,0.529412,0.72549,3957.0
accumulator_vs_wide,near_equal_2,51,equivalence,1.0,0.431373,0.862745,1.0,1371.0
accumulator_vs_wide,near_equal_2,51,equivalence,0.5,0.313725,0.431373,0.647059,5481.0
accumulator_vs_wide,near_equal_2,51,difference,1.0,0.45098,0.901961,1.0,1256.0
accumulator_vs_wide,near_equal_2,51,difference,0.5,0.333333,0.45098,0.647059,5024.0
accumulator_vs_wide,near_equal_2_differing,36,noninferiority,1.0,0.333333,0.944444,1.0,1731.5
accumulator_vs_wide,near_equal_2_differing,36,noninferiority,0.5,0.111111,0.333333,0.611111,6925.0
accumulator_vs_wide,near_equal_2_differing,36,equivalence,1.0,0.194444,0.805556,1.0,2398.5
accumulator_vs_wide,near_equal_2_differing,36,equivalence,0.5,0.027778,0.194444,0.5,9592.0
accumulator_vs_wide,near_equal_2_differing,36,difference,1.0,0.222222,0.861111,1.0,2198.0
accumulator_vs_wide,near_equal_2_differing,36,difference,0.5,0.055556,0.222222,0.5,8791.0
accumulator_vs_wide,all_differing,45,noninferiority,1.0,0.266667,0.755556,0.866667,2288.0
accumulator_vs_wide,all_differing,45,noninferiority,0.5,0.088889,0.266667,0.488889,9151.0
accumulator_vs_wide,all_differing,45,equivalence,1.0,0.155556,0.644444,0.8,3169.0
accumulator_vs_wide,all_differing,45,equivalence,0.5,0.022222,0.155556,0.4,12675.0
accumulator_vs_wide,all_differing,45,difference,1.0,0.177778,0.688889,0.8,2905.0
accumulator_vs_wide,all_differing,45,difference,0.5,0.044444,0.177778,0.4,11617.0
