kind,contrast,label,diff_expected_pp,width_expected_median_n1000
cell_vs_int8,mobilenet_v2/minimal/q1_6,other,0.0,0.0
cell_vs_int8,mobilenet_v3_large/minimal/q1_6,other,0.0,0.0
cell_vs_int8,resnet18/minimal/q1_6,other,0.0,0.0
format_pair,mobilenet_v2/minimal/int8~minimal/q1_6,other,0.0,0.0
format_pair,mobilenet_v3_large/minimal/int8~minimal/q1_6,other,0.0,0.0
format_pair,resnet18/minimal/int8~minimal/q1_6,other,0.0,0.0
accumulator_vs_wide,resnet18-int8-default-b2/control,control,0.0,0.0
accumulator_vs_wide,resnet18-int8-default-b2/sat.w21,event_free_width,0.0,0.0
accumulator_vs_wide,resnet18-int6-default-b2/control,control,0.0,0.0
accumulator_vs_wide,resnet18-int6-default-b2/sat.w17,event_free_width,0.0,0.0
accumulator_vs_wide,resnet18-fp6_e2m3-default-b2/control,control,0.0,0.0
accumulator_vs_wide,resnet18-fp6_e2m3-default-b2/sat.w18,event_free_width,0.0,0.0
accumulator_vs_wide,resnet18-fp6_e2m3-default-b2/sat.w19,event_free_width,0.0,0.0
accumulator_vs_wide,resnet18-fp7_e3m3-default-b2/control,control,0.0,0.0
accumulator_vs_wide,resnet18-fp7_e3m3-default-b2/sat.w26,event_free_width,0.0,0.0
accumulator_vs_wide,resnet18-fp8_e4m3fn-default-b2/sat.w42,event_free_width,0.0,0.0
accumulator_vs_wide,resnet18-posit8_es1-default-b2/control,control,0.0,0.0
accumulator_vs_wide,resnet18-posit8_es1-default-b2/sat.w35,event_free_width,0.0,0.0
accumulator_vs_wide,resnet18-int8-default_signed-b2/control,control,0.0,0.0
accumulator_vs_wide,resnet18-int8-default_signed-b2/sat.w21,event_free_width,0.0,0.0
accumulator_vs_wide,resnet18-fp8_e5m2-default-b2/control,control,-0.016667,0.05
