format,recipe,fp_new_s025,tp_kept_s025_iou50,map50_95_minus_fp32
int8,default,75.0,0.944702,-1.024822
int8,conformant,75.0,0.944974,-0.693759
int6,default,269.0,0.747753,-8.104782
int6,conformant,270.0,0.748297,-7.999406
fp8_e4m3fn,default,478.0,0.915827,-4.628895
fp8_e4m3fn,conformant,553.0,0.926995,-3.743773
fp7_e3m3,default,474.0,0.911196,-4.899882
fp7_e3m3,conformant,543.0,0.925361,-3.921908
fp6_e2m3,default,498.0,0.867611,-6.91764
fp6_e2m3,conformant,489.0,0.868701,-6.128323
log8,default,405.0,0.893762,-5.378975
log8,conformant,337.0,0.885317,-4.696793
posit8_es1,default,147.0,0.965677,-0.933964
posit8_es1,conformant,144.0,0.967856,-0.631772
bfp6,default,449.0,0.901389,-5.07096
bfp6,default_fp32_box_logits,445.0,0.902751,-4.831116
mxfp8_e4m3,default,266.0,0.926451,-3.68804
mxfp8_e4m3,default_fp32_box_logits,265.0,0.927813,-2.811576
int8,default_head_logits,75.0,0.944429,-0.888993
int6,default_head_logits,264.0,0.748297,-7.275385
