scenario,n,discordance,right_only_share,true_diff_pp,percentile,bca,wald,bca_minus_percentile,flag
pd_q5_asym_q5,128,0.0255,0.017153,-2.462522,0.818,0.939,0.818,0.121,bca_better
pd_q5_asym_q5,256,0.0255,0.017153,-2.462522,0.9315,0.9485,0.9385,0.017,
pd_q5_asym_q5,512,0.0255,0.017153,-2.462522,0.9465,0.9415,0.9225,-0.005,
pd_q5_asym_q5,1000,0.0255,0.017153,-2.462522,0.947,0.958,0.949,0.011,
pd_q5_asym_q25,128,0.0255,0.07112,-2.18729,0.941,0.9215,0.9185,-0.0195,
pd_q5_asym_q25,256,0.0255,0.07112,-2.18729,0.938,0.944,0.9375,0.006,
pd_q5_asym_q25,512,0.0255,0.07112,-2.18729,0.935,0.943,0.935,0.008,
pd_q5_asym_q25,1000,0.0255,0.07112,-2.18729,0.948,0.946,0.942,-0.002,
pd_q5_asym_q50,128,0.0255,0.210145,-1.478261,0.9155,0.874,0.9255,-0.0415,bca_worse
pd_q5_asym_q50,256,0.0255,0.210145,-1.478261,0.9345,0.9205,0.945,-0.014,
pd_q5_asym_q50,512,0.0255,0.210145,-1.478261,0.94,0.9325,0.941,-0.0075,
pd_q5_asym_q50,1000,0.0255,0.210145,-1.478261,0.956,0.9495,0.954,-0.0065,
pd_q5_asym_q75,128,0.0255,0.320713,-0.914362,0.875,0.836,0.8805,-0.039,bca_worse
pd_q5_asym_q75,256,0.0255,0.320713,-0.914362,0.9365,0.9095,0.95,-0.027,bca_worse
pd_q5_asym_q75,512,0.0255,0.320713,-0.914362,0.9255,0.921,0.941,-0.0045,
pd_q5_asym_q75,1000,0.0255,0.320713,-0.914362,0.9435,0.9385,0.95,-0.005,
pd_q5_asym_q95,128,0.0255,0.49902,-0.005,0.79,0.7515,0.9365,-0.0385,bca_worse
pd_q5_asym_q95,256,0.0255,0.49902,-0.005,0.904,0.8785,0.9565,-0.0255,bca_worse
pd_q5_asym_q95,512,0.0255,0.49902,-0.005,0.929,0.9205,0.954,-0.0085,
pd_q5_asym_q95,1000,0.0255,0.49902,-0.005,0.946,0.9285,0.952,-0.0175,
pd_q25_asym_q5,128,0.08775,0.017153,-8.473973,0.934,0.96,0.9195,0.026,bca_better
pd_q25_asym_q5,256,0.08775,0.017153,-8.473973,0.933,0.947,0.943,0.014,
pd_q25_asym_q5,512,0.08775,0.017153,-8.473973,0.944,0.9495,0.9465,0.0055,
pd_q25_asym_q5,1000,0.08775,0.017153,-8.473973,0.945,0.9465,0.9435,0.0015,
pd_q25_asym_q25,128,0.08775,0.07112,-7.52685,0.922,0.9365,0.921,0.0145,
pd_q25_asym_q25,256,0.08775,0.07112,-7.52685,0.938,0.9485,0.9435,0.0105,
pd_q25_asym_q25,512,0.08775,0.07112,-7.52685,0.9345,0.9325,0.934,-0.002,
pd_q25_asym_q25,1000,0.08775,0.07112,-7.52685,0.9485,0.9565,0.9495,0.008,
pd_q25_asym_q50,128,0.08775,0.210145,-5.086957,0.9195,0.918,0.934,-0.0015,
pd_q25_asym_q50,256,0.08775,0.210145,-5.086957,0.9385,0.9425,0.9455,0.004,
pd_q25_asym_q50,512,0.08775,0.210145,-5.086957,0.939,0.9435,0.947,0.0045,
pd_q25_asym_q50,1000,0.08775,0.210145,-5.086957,0.948,0.942,0.947,-0.006,
pd_q25_asym_q75,128,0.08775,0.320713,-3.146481,0.9335,0.9145,0.941,-0.019,
pd_q25_asym_q75,256,0.08775,0.320713,-3.146481,0.9335,0.933,0.941,-0.0005,
pd_q25_asym_q75,512,0.08775,0.320713,-3.146481,0.941,0.9375,0.941,-0.0035,
pd_q25_asym_q75,1000,0.08775,0.320713,-3.146481,0.95,0.946,0.9515,-0.004,
pd_q25_asym_q95,128,0.08775,0.49902,-0.017206,0.943,0.925,0.9505,-0.018,
pd_q25_asym_q95,256,0.08775,0.49902,-0.017206,0.94,0.928,0.944,-0.012,
pd_q25_asym_q95,512,0.08775,0.49902,-0.017206,0.9505,0.95,0.9505,-0.0005,
pd_q25_asym_q95,1000,0.08775,0.49902,-0.017206,0.953,0.9515,0.9535,-0.0015,
pd_q50_asym_q5,128,0.1345,0.017153,-12.988596,0.941,0.946,0.929,0.005,
pd_q50_asym_q5,256,0.1345,0.017153,-12.988596,0.9365,0.9455,0.942,0.009,
pd_q50_asym_q5,512,0.1345,0.017153,-12.988596,0.9435,0.951,0.948,0.0075,
pd_q50_asym_q5,1000,0.1345,0.017153,-12.988596,0.946,0.948,0.947,0.002,
pd_q50_asym_q25,128,0.1345,0.07112,-11.536881,0.9515,0.9505,0.9445,-0.001,
pd_q50_asym_q25,256,0.1345,0.07112,-11.536881,0.9405,0.938,0.938,-0.0025,
pd_q50_asym_q25,512,0.1345,0.07112,-11.536881,0.9435,0.948,0.9505,0.0045,
pd_q50_asym_q25,1000,0.1345,0.07112,-11.536881,0.948,0.95,0.947,0.002,
pd_q50_asym_q50,128,0.1345,0.210145,-7.797101,0.948,0.947,0.953,-0.001,
pd_q50_asym_q50,256,0.1345,0.210145,-7.797101,0.9565,0.951,0.9545,-0.0055,
pd_q50_asym_q50,512,0.1345,0.210145,-7.797101,0.9425,0.9425,0.947,0.0,
pd_q50_asym_q50,1000,0.1345,0.210145,-7.797101,0.9475,0.946,0.9475,-0.0015,
pd_q50_asym_q75,128,0.1345,0.320713,-4.822811,0.9395,0.9345,0.948,-0.005,
pd_q50_asym_q75,256,0.1345,0.320713,-4.822811,0.938,0.938,0.9415,0.0,
pd_q50_asym_q75,512,0.1345,0.320713,-4.822811,0.9415,0.937,0.9435,-0.0045,
pd_q50_asym_q75,1000,0.1345,0.320713,-4.822811,0.9535,0.948,0.955,-0.0055,
pd_q50_asym_q95,128,0.1345,0.49902,-0.026373,0.9485,0.941,0.9505,-0.0075,
pd_q50_asym_q95,256,0.1345,0.49902,-0.026373,0.9335,0.9275,0.941,-0.006,
pd_q50_asym_q95,512,0.1345,0.49902,-0.026373,0.954,0.949,0.958,-0.005,
pd_q50_asym_q95,1000,0.1345,0.49902,-0.026373,0.94,0.943,0.9435,0.003,
pd_q75_asym_q5,128,0.34375,0.017153,-33.195762,0.939,0.9525,0.9395,0.0135,
pd_q75_asym_q5,256,0.34375,0.017153,-33.195762,0.949,0.9515,0.944,0.0025,
pd_q75_asym_q5,512,0.34375,0.017153,-33.195762,0.9405,0.9435,0.9415,0.003,
pd_q75_asym_q5,1000,0.34375,0.017153,-33.195762,0.954,0.9515,0.956,-0.0025,
pd_q75_asym_q25,128,0.34375,0.07112,-29.485523,0.9415,0.9375,0.9415,-0.004,
pd_q75_asym_q25,256,0.34375,0.07112,-29.485523,0.952,0.9525,0.9505,0.0005,
pd_q75_asym_q25,512,0.34375,0.07112,-29.485523,0.943,0.944,0.947,0.001,
pd_q75_asym_q25,1000,0.34375,0.07112,-29.485523,0.9515,0.9505,0.951,-0.001,
pd_q75_asym_q50,128,0.34375,0.210145,-19.927536,0.9545,0.9555,0.9535,0.001,
pd_q75_asym_q50,256,0.34375,0.210145,-19.927536,0.945,0.945,0.947,0.0,
pd_q75_asym_q50,512,0.34375,0.210145,-19.927536,0.9475,0.95,0.948,0.0025,
pd_q75_asym_q50,1000,0.34375,0.210145,-19.927536,0.9505,0.949,0.95,-0.0015,
pd_q75_asym_q75,128,0.34375,0.320713,-12.325957,0.9405,0.941,0.9395,0.0005,
pd_q75_asym_q75,256,0.34375,0.320713,-12.325957,0.946,0.9455,0.9485,-0.0005,
pd_q75_asym_q75,512,0.34375,0.320713,-12.325957,0.9515,0.9525,0.953,0.001,
pd_q75_asym_q75,1000,0.34375,0.320713,-12.325957,0.95,0.9475,0.9515,-0.0025,
pd_q75_asym_q95,128,0.34375,0.49902,-0.067402,0.9485,0.949,0.952,0.0005,
pd_q75_asym_q95,256,0.34375,0.49902,-0.067402,0.955,0.955,0.9575,0.0,
pd_q75_asym_q95,512,0.34375,0.49902,-0.067402,0.949,0.9485,0.948,-0.0005,
pd_q75_asym_q95,1000,0.34375,0.49902,-0.067402,0.9495,0.947,0.948,-0.0025,
pd_q95_asym_q5,128,0.55375,0.017153,-53.475355,0.943,0.95,0.947,0.007,
pd_q95_asym_q5,256,0.55375,0.017153,-53.475355,0.9435,0.9495,0.952,0.006,
pd_q95_asym_q5,512,0.55375,0.017153,-53.475355,0.9505,0.96,0.9535,0.0095,
pd_q95_asym_q5,1000,0.55375,0.017153,-53.475355,0.9515,0.9495,0.949,-0.002,
pd_q95_asym_q25,128,0.55375,0.07112,-47.498497,0.9455,0.952,0.9445,0.0065,
pd_q95_asym_q25,256,0.55375,0.07112,-47.498497,0.9405,0.939,0.9395,-0.0015,
pd_q95_asym_q25,512,0.55375,0.07112,-47.498497,0.9535,0.948,0.953,-0.0055,
pd_q95_asym_q25,1000,0.55375,0.07112,-47.498497,0.96,0.961,0.9605,0.001,
pd_q95_asym_q50,128,0.55375,0.210145,-32.101449,0.9455,0.943,0.9415,-0.0025,
pd_q95_asym_q50,256,0.55375,0.210145,-32.101449,0.95,0.9495,0.9495,-0.0005,
pd_q95_asym_q50,512,0.55375,0.210145,-32.101449,0.9415,0.942,0.943,0.0005,
pd_q95_asym_q50,1000,0.55375,0.210145,-32.101449,0.9475,0.948,0.949,0.0005,
pd_q95_asym_q75,128,0.55375,0.320713,-19.855996,0.953,0.9545,0.9525,0.0015,
pd_q95_asym_q75,256,0.55375,0.320713,-19.855996,0.9555,0.955,0.9525,-0.0005,
pd_q95_asym_q75,512,0.55375,0.320713,-19.855996,0.9565,0.9555,0.959,-0.001,
pd_q95_asym_q75,1000,0.55375,0.320713,-19.855996,0.9595,0.9595,0.96,0.0,
pd_q95_asym_q95,128,0.55375,0.49902,-0.108578,0.9465,0.9495,0.9485,0.003,
pd_q95_asym_q95,256,0.55375,0.49902,-0.108578,0.9445,0.947,0.9445,0.0025,
pd_q95_asym_q95,512,0.55375,0.49902,-0.108578,0.9475,0.948,0.947,0.0005,
pd_q95_asym_q95,1000,0.55375,0.49902,-0.108578,0.9435,0.943,0.9455,-0.0005,
null_pd1,128,0.01,0.5,0.0,0.9955,0.9755,0.9955,-0.02,bca_worse
null_pd1,256,0.01,0.5,0.0,0.9795,0.9245,0.9795,-0.055,bca_worse
null_pd1,512,0.01,0.5,0.0,0.9575,0.9135,0.9575,-0.044,bca_worse
null_pd1,1000,0.01,0.5,0.0,0.9535,0.927,0.954,-0.0265,bca_worse
null_pd2,128,0.02,0.5,0.0,0.9725,0.92,0.9725,-0.0525,bca_worse
null_pd2,256,0.02,0.5,0.0,0.9495,0.899,0.9495,-0.0505,bca_worse
null_pd2,512,0.02,0.5,0.0,0.9555,0.9345,0.9545,-0.021,bca_worse
null_pd2,1000,0.02,0.5,0.0,0.9495,0.9385,0.945,-0.011,
null_pd5,128,0.05,0.5,0.0,0.9585,0.9255,0.9585,-0.033,bca_worse
null_pd5,256,0.05,0.5,0.0,0.9555,0.942,0.9545,-0.0135,
null_pd5,512,0.05,0.5,0.0,0.95,0.947,0.9435,-0.003,
null_pd5,1000,0.05,0.5,0.0,0.962,0.958,0.9555,-0.004,
null_pd10,128,0.1,0.5,0.0,0.9605,0.9385,0.9525,-0.022,bca_worse
null_pd10,256,0.1,0.5,0.0,0.9465,0.9375,0.937,-0.009,
null_pd10,512,0.1,0.5,0.0,0.962,0.962,0.9615,0.0,
null_pd10,1000,0.1,0.5,0.0,0.957,0.955,0.956,-0.002,
null_pd20,128,0.2,0.5,0.0,0.957,0.9465,0.9465,-0.0105,
null_pd20,256,0.2,0.5,0.0,0.9505,0.95,0.9435,-0.0005,
null_pd20,512,0.2,0.5,0.0,0.958,0.9535,0.953,-0.0045,
null_pd20,1000,0.2,0.5,0.0,0.9535,0.953,0.9525,-0.0005,
