model,arm,panel,top1,top5,fp32_top1,delta_vs_fp32_pp,fp32_lo,fp32_hi,delta_vs_v1_maxabs_pp,v1_lo,v1_hi,mcnemar_p_vs_v1
resnet18,v1_maxabs,dev128,69.53125,89.0625,71.875,-2.34375,-6.25,1.5625,0.0,0.0,0.0,1.0
resnet18,v1_maxabs,dev512,70.5078125,88.28125,71.09375,-0.5859375,-2.5390625,1.3671875,0.0,0.0,0.0,1.0
resnet18,v1_percentile_99_9,dev128,66.40625,89.0625,71.875,-5.46875,-11.71875,0.0,-3.125,-9.375,3.125,0.454498291015625
resnet18,v1_percentile_99_9,dev512,65.4296875,87.890625,71.09375,-5.6640625,-8.7890625,-2.5390625,-5.078125,-8.203125,-1.953125,0.0025475648982539578
resnet18,a_fused_relu,dev128,69.53125,89.0625,71.875,-2.34375,-6.25,0.78125,0.0,-3.125,3.125,1.0
resnet18,a_fused_relu,dev512,70.1171875,88.28125,71.09375,-0.9765625,-2.734375,0.590820312499929,-0.390625,-2.1484375,1.3671875,0.8238029479980469
resnet18,a_fused_all,dev128,69.53125,89.0625,71.875,-2.34375,-6.25,0.78125,0.0,-3.125,3.125,1.0
resnet18,a_fused_all,dev512,70.1171875,88.28125,71.09375,-0.9765625,-2.734375,0.590820312499929,-0.390625,-2.1484375,1.3671875,0.8238029479980469
resnet18,b_unsigned,dev128,71.09375,87.5,71.875,-0.78125,-3.90625,1.5625,1.5625,-2.34375,5.46875,0.6875
resnet18,b_unsigned,dev512,68.9453125,88.0859375,71.09375,-2.1484375,-3.90625,-0.5859375,-1.5625,-3.515625,0.390625,0.15158963203430176
resnet18,c_act_mse,dev128,71.875,89.0625,71.875,0.0,-2.34375,2.34375,2.34375,-0.78125,6.25,0.375
resnet18,c_act_mse,dev512,70.3125,89.0625,71.09375,-0.78125,-2.1484375,0.5859375,-0.1953125,-2.1484375,1.7578125,1.0
resnet18,c_act_percentile,dev128,66.40625,89.0625,71.875,-5.46875,-10.9375,0.0,-3.125,-9.375,3.125,0.454498291015625
resnet18,c_act_percentile,dev512,66.015625,88.28125,71.09375,-5.078125,-8.0078125,-2.1484375,-4.4921875,-7.8125,-1.171875,0.01058211705170527
resnet18,d_weight_mse,dev128,68.75,89.0625,71.875,-3.125,-7.8125,0.78125,-0.78125,-3.9257812499999822,2.34375,1.0
resnet18,d_weight_mse,dev512,68.5546875,88.671875,71.09375,-2.5390625,-4.6875,-0.390625,-1.953125,-3.7109375,-0.1953125,0.052478790283203125
resnet18,d_weight_percentile,dev128,67.96875,88.28125,71.875,-3.90625,-7.8125,0.0,-1.5625,-4.6875,1.5625,0.625
resnet18,d_weight_percentile,dev512,67.7734375,87.890625,71.09375,-3.3203125,-5.46875,-1.171875,-2.734375,-4.6875,-0.78125,0.009355306625366211
resnet18,e_bias_correction,dev128,67.96875,89.0625,71.875,-3.90625,-9.375,0.78125,-1.5625,-6.25,2.34375,0.7265625
resnet18,e_bias_correction,dev512,67.96875,88.8671875,71.09375,-3.125,-5.2734375,-0.9765625,-2.5390625,-4.4921875,-0.5859375,0.0191572904586792
resnet18,g_no_logits,dev128,69.53125,89.84375,71.875,-2.34375,-6.25,1.5625,0.0,-2.34375,2.34375,1.0
resnet18,g_no_logits,dev512,70.3125,88.671875,71.09375,-0.78125,-2.734375,1.171875,-0.1953125,-1.171875,0.78125,1.0
resnet18,g_no_input,dev128,67.96875,89.0625,71.875,-3.90625,-7.8125,0.0,-1.5625,-3.90625,0.0,0.5
resnet18,g_no_input,dev512,69.3359375,88.4765625,71.09375,-1.7578125,-3.7109375,0.1953125,-1.171875,-2.5390625,0.1953125,0.14599609375
resnet18,g_no_input_no_logits,dev128,67.96875,89.0625,71.875,-3.90625,-7.8125,0.0,-1.5625,-3.90625,0.0,0.5
resnet18,g_no_input_no_logits,dev512,69.3359375,88.671875,71.09375,-1.7578125,-3.7109375,0.1953125,-1.171875,-2.5390625,0.1953125,0.14599609375
resnet18,g_percentile_no_logits,dev128,70.3125,89.0625,71.875,-1.5625,-5.46875,2.34375,0.78125,-3.125,4.6875,1.0
resnet18,g_percentile_no_logits,dev512,68.5546875,87.890625,71.09375,-2.5390625,-4.8828125,-0.1953125,-1.953125,-4.4921875,0.5859375,0.17417114727072658
resnet18,cum1_fused,dev128,69.53125,89.0625,71.875,-2.34375,-6.25,0.78125,0.0,-3.125,3.125,1.0
resnet18,cum1_fused,dev512,70.1171875,88.28125,71.09375,-0.9765625,-2.734375,0.590820312499929,-0.390625,-2.1484375,1.3671875,0.8238029479980469
resnet18,cum2_unsigned,dev128,71.875,89.0625,71.875,0.0,-3.125,3.125,2.34375,0.0,5.46875,0.25
resnet18,cum2_unsigned,dev512,70.3125,89.0625,71.09375,-0.78125,-2.1484375,0.5859375,-0.1953125,-1.953125,1.5625,1.0
resnet18,cum3_act_mse,dev128,71.875,89.0625,71.875,0.0,-2.34375,2.34375,2.34375,-0.78125,6.25,0.375
resnet18,cum3_act_mse,dev512,69.921875,88.8671875,71.09375,-1.171875,-2.5390625,0.1953125,-0.5859375,-2.34375,1.171875,0.6776394844055176
resnet18,cum4_weight_mse,dev128,69.53125,89.0625,71.875,-2.34375,-6.25,0.78125,0.0,-3.125,3.125,1.0
resnet18,cum4_weight_mse,dev512,69.7265625,89.2578125,71.09375,-1.3671875,-2.9296875,0.0,-0.78125,-2.734375,1.171875,0.557197093963623
resnet18,cum5_bias_correction,dev128,68.75,89.84375,71.875,-3.125,-6.25,-0.78125,-0.78125,-3.9257812499999822,2.34375,1.0
resnet18,cum5_bias_correction,dev512,69.53125,89.2578125,71.09375,-1.5625,-2.9296875,-0.390625,-0.9765625,-2.9296875,0.9765625,0.44206833839416504
resnet18,cum3_act_mse_fused_all,dev128,71.875,89.0625,71.875,0.0,-2.34375,2.34375,2.34375,-0.78125,6.25,0.375
resnet18,cum3_act_mse_fused_all,dev512,69.921875,88.8671875,71.09375,-1.171875,-2.5390625,0.1953125,-0.5859375,-2.34375,1.171875,0.6776394844055176
resnet18,cum5_fused_all,dev128,68.75,89.84375,71.875,-3.125,-6.25,-0.78125,-0.78125,-3.9257812499999822,2.34375,1.0
resnet18,cum5_fused_all,dev512,69.53125,89.2578125,71.09375,-1.5625,-2.9296875,-0.390625,-0.9765625,-2.9296875,0.9765625,0.44206833839416504
resnet18,cum5_signed,dev128,67.96875,89.84375,71.875,-3.90625,-7.8125,-0.78125,-1.5625,-5.46875,2.34375,0.6875
resnet18,cum5_signed,dev512,68.9453125,89.0625,71.09375,-2.1484375,-3.7109375,-0.78125,-1.5625,-3.515625,0.390625,0.16863754391670227
resnet18,cum5_weight_maxabs,dev128,71.09375,89.0625,71.875,-0.78125,-3.90625,1.5625,1.5625,-1.5625,4.6875,0.625
resnet18,cum5_weight_maxabs,dev512,69.921875,88.671875,71.09375,-1.171875,-2.34375,0.0,-0.5859375,-2.5390625,1.3671875,0.7011080384254456
resnet18,cum5_act_maxabs,dev128,70.3125,89.84375,71.875,-1.5625,-4.6875,1.5625,0.78125,-3.125,4.6875,1.0
resnet18,cum5_act_maxabs,dev512,69.3359375,88.4765625,71.09375,-1.7578125,-3.3203125,-0.390625,-1.171875,-3.3203125,0.9765625,0.36159460805356514
resnet18,cum5_v1_boundaries,dev128,68.75,89.0625,71.875,-3.125,-6.25,-0.78125,-0.78125,-3.9257812499999822,2.34375,1.0
resnet18,cum5_v1_boundaries,dev512,68.9453125,89.2578125,71.09375,-2.1484375,-3.7109375,-0.78125,-1.5625,-3.515625,0.390625,0.1849333420395851
resnet18,cum3_plus_bias_correction,dev128,71.09375,89.0625,71.875,-0.78125,-3.90625,1.5625,1.5625,-1.5625,4.6875,0.625
resnet18,cum3_plus_bias_correction,dev512,69.921875,88.671875,71.09375,-1.171875,-2.34375,0.0,-0.5859375,-2.5390625,1.3671875,0.7011080384254456
resnet18,cum5_no_logits,dev128,70.3125,90.625,71.875,-1.5625,-3.90625,0.0,0.78125,-2.34375,4.6875,1.0
resnet18,cum5_no_logits,dev512,69.53125,89.453125,71.09375,-1.5625,-2.9296875,-0.390625,-0.9765625,-2.9296875,1.171875,0.45825831964612007
resnet18,cum5_no_input_no_logits,dev128,71.09375,89.0625,71.875,-0.78125,-2.34375,0.0,1.5625,-2.34375,5.46875,0.6875
resnet18,cum5_no_input_no_logits,dev512,69.7265625,89.2578125,71.09375,-1.3671875,-2.5390625,-0.390625,-0.78125,-2.9296875,1.3671875,0.5846647117286922
resnet18,cum5_cle,dev128,69.53125,89.0625,71.875,-2.34375,-5.46875,0.0,0.0,-3.90625,3.90625,1.0
resnet18,cum5_cle,dev512,69.3359375,89.453125,71.09375,-1.7578125,-3.3203125,-0.390625,-1.171875,-3.125,0.78125,0.32693958282470703
resnet18,cum4_cle,dev128,71.875,90.625,71.875,0.0,-3.125,3.125,2.34375,-0.78125,6.25,0.375
resnet18,cum4_cle,dev512,70.3125,89.453125,71.09375,-0.78125,-2.1484375,0.5859375,-0.1953125,-2.1484375,1.953125,1.0
mobilenet_v2,v1_maxabs,dev128,67.96875,88.28125,77.34375,-9.375,-16.40625,-2.34375,0.0,0.0,0.0,1.0
mobilenet_v2,v1_maxabs,dev512,68.5546875,86.71875,73.828125,-5.2734375,-8.203125,-2.34375,0.0,0.0,0.0,1.0
mobilenet_v2,v1_percentile_99_9,dev128,70.3125,92.1875,77.34375,-7.03125,-13.28125,-1.5625,2.34375,-5.46875,10.15625,0.7011080384254456
mobilenet_v2,v1_percentile_99_9,dev512,67.7734375,91.2109375,73.828125,-6.0546875,-8.7890625,-3.3203125,-0.78125,-4.4921875,2.9296875,0.7520332015985951
mobilenet_v2,a_fused_relu,dev128,78.125,92.96875,77.34375,0.78125,-2.34375,4.6875,10.15625,3.90625,17.1875,0.007197380065917969
mobilenet_v2,a_fused_relu,dev512,73.828125,91.796875,73.828125,0.0,-1.7578125,1.7578125,5.2734375,2.34375,8.203125,0.0008980471786680215
mobilenet_v2,a_fused_all,dev128,78.125,92.96875,77.34375,0.78125,-2.34375,4.6875,10.15625,3.90625,17.1875,0.007197380065917969
mobilenet_v2,a_fused_all,dev512,73.828125,91.796875,73.828125,0.0,-1.7578125,1.7578125,5.2734375,2.34375,8.203125,0.0008980471786680215
mobilenet_v2,b_unsigned,dev128,68.75,89.84375,77.34375,-8.59375,-15.625,-1.5625,0.78125,-3.125,4.6875,1.0
mobilenet_v2,b_unsigned,dev512,68.359375,88.0859375,73.828125,-5.46875,-8.59375,-2.34375,-0.1953125,-2.1484375,1.7578125,1.0
mobilenet_v2,c_act_mse,dev128,75.0,93.75,77.34375,-2.34375,-6.25,1.5625,7.03125,0.0,14.0625,0.0931396484375
mobilenet_v2,c_act_mse,dev512,72.4609375,91.9921875,73.828125,-1.3671875,-3.515625,0.5859375,3.90625,0.9765625,7.03125,0.01685819004428113
mobilenet_v2,c_act_percentile,dev128,66.40625,93.75,77.34375,-10.9375,-17.1875,-4.6875,-1.5625,-9.375,6.25,0.8505540192127228
mobilenet_v2,c_act_percentile,dev512,67.1875,92.578125,73.828125,-6.640625,-9.5703125,-3.90625,-1.3671875,-5.078125,2.1484375,0.5250147872924267
mobilenet_v2,d_weight_mse,dev128,68.75,88.28125,77.34375,-8.59375,-16.40625,-0.78125,0.78125,-2.34375,4.6875,1.0
mobilenet_v2,d_weight_mse,dev512,67.7734375,87.890625,73.828125,-6.0546875,-9.1796875,-2.9296875,-0.78125,-3.125,1.5625,0.6358280026288412
mobilenet_v2,d_weight_percentile,dev128,71.09375,87.5,77.34375,-6.25,-13.28125,0.78125,3.125,-0.78125,7.8125,0.2890625
mobilenet_v2,d_weight_percentile,dev512,68.1640625,86.71875,73.828125,-5.6640625,-8.984375,-2.5390625,-0.390625,-2.734375,2.1484375,0.8746293123804207
mobilenet_v2,e_bias_correction,dev128,71.875,90.625,77.34375,-5.46875,-10.9375,0.0,3.90625,-2.34375,10.9375,0.359283447265625
mobilenet_v2,e_bias_correction,dev512,70.1171875,89.453125,73.828125,-3.7109375,-6.4453125,-1.171875,1.5625,-1.171875,4.4921875,0.34968195298368476
mobilenet_v2,g_no_logits,dev128,68.75,88.28125,77.34375,-8.59375,-15.625,-1.5625,0.78125,0.0,2.34375,1.0
mobilenet_v2,g_no_logits,dev512,68.1640625,87.109375,73.828125,-5.6640625,-8.59375,-2.734375,-0.390625,-1.171875,0.390625,0.625
mobilenet_v2,g_no_input,dev128,67.96875,89.0625,77.34375,-9.375,-16.40625,-3.125,0.0,-3.90625,3.90625,1.0
mobilenet_v2,g_no_input,dev512,68.359375,87.6953125,73.828125,-5.46875,-8.403320312499996,-2.5390625,-0.1953125,-2.34375,1.953125,1.0
mobilenet_v2,g_no_input_no_logits,dev128,67.1875,89.0625,77.34375,-10.15625,-17.1875,-3.90625,-0.78125,-3.9257812499999822,2.34375,1.0
mobilenet_v2,g_no_input_no_logits,dev512,68.75,87.890625,73.828125,-5.078125,-8.203125,-2.1484375,0.1953125,-1.7578125,2.34375,1.0
mobilenet_v2,g_percentile_no_logits,dev128,75.0,92.1875,77.34375,-2.34375,-6.25,1.5625,7.03125,0.78125,14.0625,0.0783538818359375
mobilenet_v2,g_percentile_no_logits,dev512,73.046875,91.2109375,73.828125,-0.78125,-2.734375,1.171875,4.4921875,1.3671875,7.6171875,0.006741447363103123
mobilenet_v2,cum1_fused,dev128,78.125,92.96875,77.34375,0.78125,-2.34375,4.6875,10.15625,3.90625,17.1875,0.007197380065917969
mobilenet_v2,cum1_fused,dev512,73.828125,91.796875,73.828125,0.0,-1.7578125,1.7578125,5.2734375,2.34375,8.203125,0.0008980471786680215
mobilenet_v2,cum2_unsigned,dev128,77.34375,93.75,77.34375,0.0,-3.125,3.125,9.375,3.125,16.40625,0.01181793212890625
mobilenet_v2,cum2_unsigned,dev512,73.046875,92.3828125,73.828125,-0.78125,-2.34375,0.78125,4.4921875,1.5625,7.421875,0.004444019471066869
mobilenet_v2,cum3_act_mse,dev128,77.34375,92.96875,77.34375,0.0,-3.125,3.125,9.375,2.34375,16.40625,0.01690053939819336
mobilenet_v2,cum3_act_mse,dev512,73.6328125,92.3828125,73.828125,-0.1953125,-1.5625,1.3671875,5.078125,1.953125,8.203125,0.0018582303075658085
mobilenet_v2,cum4_weight_mse,dev128,78.125,92.96875,77.34375,0.78125,-1.5625,3.90625,10.15625,3.125,17.1875,0.010622024536132812
mobilenet_v2,cum4_weight_mse,dev512,73.2421875,92.1875,73.828125,-0.5859375,-2.1484375,0.9765625,4.6875,1.7578125,7.8125,0.0036899642765400487
mobilenet_v2,cum5_bias_correction,dev128,76.5625,93.75,77.34375,-0.78125,-2.34375,0.0,8.59375,2.34375,15.625,0.02660369873046875
mobilenet_v2,cum5_bias_correction,dev512,73.046875,92.3828125,73.828125,-0.78125,-1.953125,0.1953125,4.4921875,1.5625,7.421875,0.004444019471066869
mobilenet_v2,cum3_act_mse_fused_all,dev128,77.34375,92.96875,77.34375,0.0,-3.125,3.125,9.375,2.34375,16.40625,0.01690053939819336
mobilenet_v2,cum3_act_mse_fused_all,dev512,73.6328125,92.3828125,73.828125,-0.1953125,-1.5625,1.3671875,5.078125,1.953125,8.203125,0.0018582303075658085
mobilenet_v2,cum5_fused_all,dev128,76.5625,93.75,77.34375,-0.78125,-2.34375,0.0,8.59375,2.34375,15.625,0.02660369873046875
mobilenet_v2,cum5_fused_all,dev512,73.046875,92.3828125,73.828125,-0.78125,-1.953125,0.1953125,4.4921875,1.5625,7.421875,0.004444019471066869
mobilenet_v2,cum5_signed,dev128,77.34375,92.96875,77.34375,0.0,-2.34375,2.34375,9.375,2.34375,16.40625,0.01690053939819336
mobilenet_v2,cum5_signed,dev512,74.0234375,91.9921875,73.828125,0.1953125,-0.9765625,1.3671875,5.46875,2.5390625,8.3984375,0.0004970915863810334
mobilenet_v2,cum5_weight_maxabs,dev128,77.34375,92.1875,77.34375,0.0,0.0,0.0,9.375,2.34375,16.40625,0.01690053939819336
mobilenet_v2,cum5_weight_maxabs,dev512,73.4375,91.9921875,73.828125,-0.390625,-1.5625,0.5859375,4.8828125,1.953125,7.8125,0.001868101030975251
mobilenet_v2,cum5_act_maxabs,dev128,75.78125,92.96875,77.34375,-1.5625,-3.90625,0.0,7.8125,0.78125,14.84375,0.052478790283203125
mobilenet_v2,cum5_act_maxabs,dev512,73.828125,92.1875,73.828125,0.0,-1.171875,1.171875,5.2734375,2.1484375,8.203125,0.0010900838044475786
mobilenet_v2,cum5_v1_boundaries,dev128,72.65625,89.84375,77.34375,-4.6875,-9.375,-0.78125,4.6875,-2.34375,11.71875,0.28627872467041016
mobilenet_v2,cum5_v1_boundaries,dev512,71.2890625,89.6484375,73.828125,-2.5390625,-4.6875,-0.390625,2.734375,-0.390625,5.859375,0.11425430684992327
mobilenet_v2,cum3_plus_bias_correction,dev128,77.34375,92.1875,77.34375,0.0,0.0,0.0,9.375,2.34375,16.40625,0.01690053939819336
mobilenet_v2,cum3_plus_bias_correction,dev512,73.4375,91.9921875,73.828125,-0.390625,-1.5625,0.5859375,4.8828125,1.953125,7.8125,0.001868101030975251
mobilenet_v2,cum5_no_logits,dev128,76.5625,93.75,77.34375,-0.78125,-2.34375,0.0,8.59375,2.34375,15.625,0.02660369873046875
mobilenet_v2,cum5_no_logits,dev512,73.4375,92.7734375,73.828125,-0.390625,-1.3671875,0.5859375,4.8828125,1.953125,7.8125,0.001868101030975251
mobilenet_v2,cum5_no_input_no_logits,dev128,78.125,92.96875,77.34375,0.78125,0.0,2.34375,10.15625,3.125,17.1875,0.010622024536132812
mobilenet_v2,cum5_no_input_no_logits,dev512,74.0234375,92.1875,73.828125,0.1953125,-0.5859375,1.171875,5.46875,2.5390625,8.3984375,0.0004970915863810334
mobilenet_v2,cum5_cle,dev128,76.5625,93.75,77.34375,-0.78125,-2.34375,0.0,8.59375,2.34375,15.625,0.02660369873046875
mobilenet_v2,cum5_cle,dev512,73.046875,92.3828125,73.828125,-0.78125,-1.953125,0.1953125,4.4921875,1.5625,7.421875,0.004444019471066869
mobilenet_v2,cum4_cle,dev128,78.125,92.96875,77.34375,0.78125,-1.5625,3.90625,10.15625,3.125,17.1875,0.010622024536132812
mobilenet_v2,cum4_cle,dev512,73.2421875,92.1875,73.828125,-0.5859375,-2.1484375,0.9765625,4.6875,1.7578125,7.8125,0.0036899642765400487
mobilenet_v3_large,v1_maxabs,dev128,3.125,8.59375,78.90625,-75.78125,-82.8125,-67.96875,0.0,0.0,0.0,1.0
mobilenet_v3_large,v1_maxabs,dev512,4.1015625,10.3515625,76.953125,-72.8515625,-76.7578125,-68.9453125,0.0,0.0,0.0,1.0
mobilenet_v3_large,v1_percentile_99_9,dev128,69.53125,89.84375,78.90625,-9.375,-16.40625,-3.125,66.40625,58.59375,74.21875,5.169878828456423e-26
mobilenet_v3_large,v1_percentile_99_9,dev512,70.1171875,90.4296875,76.953125,-6.8359375,-9.765625,-3.90625,66.015625,61.71875,70.1171875,1.3093902821927843e-98
mobilenet_v3_large,a_fused_relu,dev128,7.03125,17.96875,78.90625,-71.875,-79.6875,-64.0625,3.90625,0.0,8.59375,0.125
mobilenet_v3_large,a_fused_relu,dev512,6.0546875,16.2109375,76.953125,-70.8984375,-74.8046875,-66.9921875,1.953125,0.0,4.1015625,0.09873714670538905
mobilenet_v3_large,a_fused_all,dev128,23.4375,40.625,78.90625,-55.46875,-64.84375,-46.875,20.3125,13.28125,27.34375,2.9802322387695312e-08
mobilenet_v3_large,a_fused_all,dev512,23.6328125,42.578125,76.953125,-53.3203125,-57.8125,-48.828125,19.53125,15.8203125,23.2421875,9.756786693874696e-25
mobilenet_v3_large,b_unsigned,dev128,3.90625,11.71875,78.90625,-75.0,-82.03125,-67.1875,0.78125,-1.5625,3.90625,1.0
mobilenet_v3_large,b_unsigned,dev512,3.515625,12.890625,76.953125,-73.4375,-77.34375,-69.53125,-0.5859375,-2.34375,1.171875,0.6636238098144531
mobilenet_v3_large,c_act_mse,dev128,73.4375,87.5,78.90625,-5.46875,-11.71875,0.0,70.3125,62.5,78.125,1.6155871338926322e-27
mobilenet_v3_large,c_act_mse,dev512,72.0703125,88.4765625,76.953125,-4.8828125,-7.6171875,-2.1484375,67.96875,63.8671875,72.0703125,1.354459068927316e-101
mobilenet_v3_large,c_act_percentile,dev128,72.65625,89.84375,78.90625,-6.25,-11.71875,-1.5625,69.53125,61.71875,77.34375,3.2311742677852644e-27
mobilenet_v3_large,c_act_percentile,dev512,70.5078125,90.4296875,76.953125,-6.4453125,-9.1796875,-3.7109375,66.40625,62.109375,70.5078125,9.632671345852531e-98
mobilenet_v3_large,d_weight_mse,dev128,6.25,10.15625,78.90625,-72.65625,-80.46875,-64.84375,3.125,-0.78125,7.8125,0.2890625
mobilenet_v3_large,d_weight_mse,dev512,5.2734375,9.1796875,76.953125,-71.6796875,-75.5859375,-67.7734375,1.171875,-0.78125,3.125,0.32693958282470703
mobilenet_v3_large,d_weight_percentile,dev128,3.90625,9.375,78.90625,-75.0,-82.03125,-67.1875,0.78125,-3.125,4.6875,1.0
mobilenet_v3_large,d_weight_percentile,dev512,3.90625,8.984375,76.953125,-73.046875,-76.953125,-69.140625,-0.1953125,-1.953125,1.5625,1.0
mobilenet_v3_large,e_bias_correction,dev128,51.5625,71.875,78.90625,-27.34375,-35.9375,-19.53125,48.4375,39.84375,57.03125,4.336808689942018e-19
mobilenet_v3_large,e_bias_correction,dev512,47.65625,71.2890625,76.953125,-29.296875,-33.3984375,-25.0,43.5546875,39.0625,48.046875,8.157239689876482e-60
mobilenet_v3_large,g_no_logits,dev128,3.125,8.59375,78.90625,-75.78125,-82.8125,-67.96875,0.0,0.0,0.0,1.0
mobilenet_v3_large,g_no_logits,dev512,3.90625,9.5703125,76.953125,-73.046875,-76.953125,-69.140625,-0.1953125,-0.5859375,0.0,1.0
mobilenet_v3_large,g_no_input,dev128,5.46875,10.15625,78.90625,-73.4375,-81.25,-65.625,2.34375,-1.5625,6.25,0.453125
mobilenet_v3_large,g_no_input,dev512,4.6875,10.15625,76.953125,-72.265625,-76.171875,-68.359375,0.5859375,-1.171875,2.34375,0.6776394844055176
mobilenet_v3_large,g_no_input_no_logits,dev128,5.46875,10.9375,78.90625,-73.4375,-81.25,-65.625,2.34375,-1.5625,6.25,0.453125
mobilenet_v3_large,g_no_input_no_logits,dev512,4.6875,10.15625,76.953125,-72.265625,-76.171875,-68.359375,0.5859375,-1.171875,2.34375,0.6776394844055176
mobilenet_v3_large,g_percentile_no_logits,dev128,74.21875,89.84375,78.90625,-4.6875,-10.15625,0.78125,71.09375,63.28125,78.90625,8.077935669463161e-28
mobilenet_v3_large,g_percentile_no_logits,dev512,72.265625,90.234375,76.953125,-4.6875,-7.2265625,-2.34375,68.1640625,64.0625,72.265625,6.810773676118765e-102
mobilenet_v3_large,cum1_fused,dev128,7.03125,17.96875,78.90625,-71.875,-79.6875,-64.0625,3.90625,0.0,8.59375,0.125
mobilenet_v3_large,cum1_fused,dev512,6.0546875,16.2109375,76.953125,-70.8984375,-74.8046875,-66.9921875,1.953125,0.0,4.1015625,0.09873714670538905
mobilenet_v3_large,cum2_unsigned,dev128,7.8125,18.75,78.90625,-71.09375,-78.90625,-62.5,4.6875,1.5625,8.59375,0.03125
mobilenet_v3_large,cum2_unsigned,dev512,8.0078125,17.578125,76.953125,-68.9453125,-73.046875,-64.84375,3.90625,1.953125,6.0546875,0.0005350527353584766
mobilenet_v3_large,cum3_act_mse,dev128,71.09375,89.84375,78.90625,-7.8125,-13.28125,-2.34375,67.96875,60.15625,75.78125,1.2924697071141057e-26
mobilenet_v3_large,cum3_act_mse,dev512,73.2421875,89.0625,76.953125,-3.7109375,-6.4453125,-0.9765625,69.140625,65.0390625,73.2421875,2.1890001219088303e-103
mobilenet_v3_large,cum4_weight_mse,dev128,71.09375,88.28125,78.90625,-7.8125,-13.28125,-2.34375,67.96875,60.15625,75.78125,1.2924697071141057e-26
mobilenet_v3_large,cum4_weight_mse,dev512,72.265625,89.0625,76.953125,-4.6875,-7.421875,-1.953125,68.1640625,64.0625,72.265625,6.810773676118765e-102
mobilenet_v3_large,cum5_bias_correction,dev128,74.21875,91.40625,78.90625,-4.6875,-10.15625,0.78125,71.09375,63.28125,78.90625,8.077935669463161e-28
mobilenet_v3_large,cum5_bias_correction,dev512,72.65625,91.015625,76.953125,-4.296875,-6.8359375,-1.7578125,68.5546875,64.453125,72.65625,1.7220143375997123e-102
mobilenet_v3_large,cum3_act_mse_fused_all,dev128,72.65625,89.84375,78.90625,-6.25,-10.9375,-2.34375,69.53125,61.71875,77.34375,3.2311742677852644e-27
mobilenet_v3_large,cum3_act_mse_fused_all,dev512,73.4375,91.2109375,76.953125,-3.515625,-5.6640625,-1.5625,69.3359375,65.234375,73.4375,1.1006144912846668e-103
mobilenet_v3_large,cum5_fused_all,dev128,73.4375,90.625,78.90625,-5.46875,-10.9375,0.0,70.3125,62.5,78.125,1.6155871338926322e-27
mobilenet_v3_large,cum5_fused_all,dev512,73.046875,90.4296875,76.953125,-3.90625,-6.25,-1.5625,68.9453125,64.84375,73.046875,4.353610649854094e-103
mobilenet_v3_large,cum5_signed,dev128,73.4375,89.84375,78.90625,-5.46875,-10.9375,0.0,70.3125,62.5,78.125,1.6155871338926322e-27
mobilenet_v3_large,cum5_signed,dev512,73.4375,91.6015625,76.953125,-3.515625,-6.0546875,-1.171875,69.3359375,65.234375,73.4375,1.1006144912846668e-103
mobilenet_v3_large,cum5_weight_maxabs,dev128,72.65625,89.84375,78.90625,-6.25,-12.5,0.0,69.53125,61.71875,77.34375,3.2311742677852644e-27
mobilenet_v3_large,cum5_weight_maxabs,dev512,73.046875,90.625,76.953125,-3.90625,-6.640625,-1.171875,68.9453125,64.84375,73.046875,4.353610649854094e-103
mobilenet_v3_large,cum5_act_maxabs,dev128,54.6875,73.4375,78.90625,-24.21875,-32.03125,-17.1875,51.5625,42.96875,60.15625,2.710505431213761e-20
mobilenet_v3_large,cum5_act_maxabs,dev512,51.5625,74.0234375,76.953125,-25.390625,-29.4921875,-21.2890625,47.4609375,42.96875,51.7578125,9.06957996627595e-68
mobilenet_v3_large,cum5_v1_boundaries,dev128,75.78125,90.625,78.90625,-3.125,-8.59375,2.34375,72.65625,64.84375,80.46875,2.0194839173657902e-28
mobilenet_v3_large,cum5_v1_boundaries,dev512,73.4375,91.40625,76.953125,-3.515625,-6.25,-0.9765625,69.3359375,65.234375,73.4375,1.1006144912846668e-103
mobilenet_v3_large,cum3_plus_bias_correction,dev128,72.65625,89.84375,78.90625,-6.25,-12.5,0.0,69.53125,61.71875,77.34375,3.2311742677852644e-27
mobilenet_v3_large,cum3_plus_bias_correction,dev512,73.046875,90.625,76.953125,-3.90625,-6.640625,-1.171875,68.9453125,64.84375,73.046875,4.353610649854094e-103
mobilenet_v3_large,cum5_no_logits,dev128,73.4375,91.40625,78.90625,-5.46875,-11.71875,0.0,70.3125,62.5,78.125,1.6155871338926322e-27
mobilenet_v3_large,cum5_no_logits,dev512,72.65625,90.8203125,76.953125,-4.296875,-6.8359375,-1.7578125,68.5546875,64.453125,72.65625,1.7220143375997123e-102
mobilenet_v3_large,cum5_no_input_no_logits,dev128,71.875,89.84375,78.90625,-7.03125,-13.28125,-1.5625,68.75,60.9375,76.5625,6.462348535570529e-27
mobilenet_v3_large,cum5_no_input_no_logits,dev512,72.265625,90.625,76.953125,-4.6875,-7.421875,-2.1484375,68.1640625,64.0625,72.265625,6.810773676118765e-102
mobilenet_v3_large,cum5_cle,dev128,71.875,89.0625,78.90625,-7.03125,-13.28125,-0.78125,68.75,60.9375,76.5625,6.462348535570529e-27
mobilenet_v3_large,cum5_cle,dev512,72.4609375,90.4296875,76.953125,-4.4921875,-7.2265625,-1.7578125,68.359375,64.2578125,72.4609375,3.4246805056864276e-102
mobilenet_v3_large,cum4_cle,dev128,71.09375,89.84375,78.90625,-7.8125,-14.0625,-1.5625,67.96875,60.15625,75.78125,1.2924697071141057e-26
mobilenet_v3_large,cum4_cle,dev512,71.09375,88.8671875,76.953125,-5.859375,-8.7890625,-2.9296875,66.9921875,62.890625,71.09375,4.2121847960346973e-100
